copies,size_bytes,ext,sha256,paths
5,88833,4 2,5567c8b9a3df245aad16a0d422a19bd6062c5caa4641273926056c404bdecf76,WRITING_ARCHITECT.zip!WRITING_ARCHITECT/Module writing.zip!Module writing/SOVEREIGN_MASTER_v1.4 | WRITING_ARCHITECT.zip!WRITING_ARCHITECT/Module writing.zip!Module writing/SOVEREIGN_MASTER_v1.4 2 | WRITING_ARCHITECT.zip!WRITING_ARCHITECT/Module writing/SOVEREIGN_MASTER_v1.4 | WRITING_ARCHITECT.zip!WRITING_ARCHITECT/Module writing/SOVEREIGN_MASTER_v1.4 2 | WRITING_ARCHITECT.zip!WRITING_ARCHITECT/SOVEREIGN_MASTER_v1.4
4,3042,md,4a813db161e8bbb55c5a08053703a8d0ac1d689a41bd8531ba4b1235294d4320,WRITING_ARCHITECT.zip!WRITING_ARCHITECT/Module writing.zip!Module writing/SOVEREIGN_PROGRAM_REPOSITORY_v1.2.0-RC2.zip!SOV_v1.2.0/01_ENGINEERING/SES/SES-011_TERMINOLOGY.md | WRITING_ARCHITECT.zip!WRITING_ARCHITECT/Module writing.zip!Module writing/SOVEREIGN_PROGRAM_REPOSITORY_v1.2.0-RC2.zip!SOV_v1.2.0/Bootstrap_Package/03_KNOWLEDGE/TERMINOLOGY.md | WRITING_ARCHITECT.zip!WRITING_ARCHITECT/Module writing/SOVEREIGN_PROGRAM_REPOSITORY_v1.2.0-RC2.zip!SOV_v1.2.0/01_ENGINEERING/SES/SES-011_TERMINOLOGY.md | WRITING_ARCHITECT.zip!WRITING_ARCHITECT/Module writing/SOVEREIGN_PROGRAM_REPOSITORY_v1.2.0-RC2.zip!SOV_v1.2.0/Bootstrap_Package/03_KNOWLEDGE/TERMINOLOGY.md
4,843,md,2226fd093db1ffe1463273dfdb4996eb65012ed23fdab22117c30b491e1a8186,WRITING_ARCHITECT.zip!WRITING_ARCHITECT/Module writing.zip!Module writing/SOVEREIGN_PROGRAM_REPOSITORY_v1.2.0-RC2.zip!SOV_v1.2.0/Bootstrap_Package/05_SESSION/NEXT_ACTIONS.md | WRITING_ARCHITECT.zip!WRITING_ARCHITECT/Module writing.zip!Module writing/SOVEREIGN_PROGRAM_REPOSITORY_v1.2.0-RC2.zip!SOV_v1.2.0/NEXT_ACTION.md | WRITING_ARCHITECT.zip!WRITING_ARCHITECT/Module writing/SOVEREIGN_PROGRAM_REPOSITORY_v1.2.0-RC2.zip!SOV_v1.2.0/Bootstrap_Package/05_SESSION/NEXT_ACTIONS.md | WRITING_ARCHITECT.zip!WRITING_ARCHITECT/Module writing/SOVEREIGN_PROGRAM_REPOSITORY_v1.2.0-RC2.zip!SOV_v1.2.0/NEXT_ACTION.md
3,43972,docx,6e424f163bbb3867623f4e6056b21a9a8724e2ea2a5a5768b6c5b77406f122e2,WRITING_ARCHITECT.zip!WRITING_ARCHITECT/Module writing.zip!Module writing/WRITING_SYSTEM.zip!WRITING_SYSTEM/ENGINE/NARRATIVEOS_EXECUTION_ENGINE_HARDENED_NEXT3.docx | WRITING_ARCHITECT.zip!WRITING_ARCHITECT/Module writing/WRITING_SYSTEM.zip!WRITING_SYSTEM/ENGINE/NARRATIVEOS_EXECUTION_ENGINE_HARDENED_NEXT3.docx | WRITING_ARCHITECT.zip!WRITING_ARCHITECT/Module writing/WRITING_SYSTEM/ENGINE/NARRATIVEOS_EXECUTION_ENGINE_HARDENED_NEXT3.docx
3,43771,docx,fab018b4caf39033724a99b760360a06db7915063e443c562d97052be2742a3b,WRITING_ARCHITECT.zip!WRITING_ARCHITECT/Module writing.zip!Module writing/WRITING_SYSTEM.zip!WRITING_SYSTEM/ENGINE/NARRATIVEOS_EXECUTION_ENGINE_HARDENED_TOP3.docx | WRITING_ARCHITECT.zip!WRITING_ARCHITECT/Module writing/WRITING_SYSTEM.zip!WRITING_SYSTEM/ENGINE/NARRATIVEOS_EXECUTION_ENGINE_HARDENED_TOP3.docx | WRITING_ARCHITECT.zip!WRITING_ARCHITECT/Module writing/WRITING_SYSTEM/ENGINE/NARRATIVEOS_EXECUTION_ENGINE_HARDENED_TOP3.docx
3,38924,docx,9292652eff91fdc639782edcfd9f036f9745f8e7cf1bb14c5afa1ecc94be849d,WRITING_ARCHITECT.zip!WRITING_ARCHITECT/Module writing.zip!Module writing/WRITING_SYSTEM.zip!WRITING_SYSTEM/RUNTIME/schema_engine_input_output.docx | WRITING_ARCHITECT.zip!WRITING_ARCHITECT/Module writing/WRITING_SYSTEM.zip!WRITING_SYSTEM/RUNTIME/schema_engine_input_output.docx | WRITING_ARCHITECT.zip!WRITING_ARCHITECT/Module writing/WRITING_SYSTEM/RUNTIME/schema_engine_input_output.docx
3,38772,docx,e66a17d378ea67964f5737b12f462b3bfcf8579ad520103644286031c5ec9feb,WRITING_ARCHITECT.zip!WRITING_ARCHITECT/Module writing.zip!Module writing/WRITING_SYSTEM.zip!WRITING_SYSTEM/ENGINE/ENGINE_11_STRUCTURAL_ENFORCEMENT.docx | WRITING_ARCHITECT.zip!WRITING_ARCHITECT/Module writing/WRITING_SYSTEM.zip!WRITING_SYSTEM/ENGINE/ENGINE_11_STRUCTURAL_ENFORCEMENT.docx | WRITING_ARCHITECT.zip!WRITING_ARCHITECT/Module writing/WRITING_SYSTEM/ENGINE/ENGINE_11_STRUCTURAL_ENFORCEMENT.docx
3,38769,docx,f90538071ce3af3577dd5138769a5dd2244fce0256b64444ba092d79cd0ac362,WRITING_ARCHITECT.zip!WRITING_ARCHITECT/Module writing.zip!Module writing/WRITING_SYSTEM.zip!WRITING_SYSTEM/ENGINE/ENGINE_07_LORE_AUDIT.docx | WRITING_ARCHITECT.zip!WRITING_ARCHITECT/Module writing/WRITING_SYSTEM.zip!WRITING_SYSTEM/ENGINE/ENGINE_07_LORE_AUDIT.docx | WRITING_ARCHITECT.zip!WRITING_ARCHITECT/Module writing/WRITING_SYSTEM/ENGINE/ENGINE_07_LORE_AUDIT.docx
3,38761,docx,d6ebdb6f07861ef536f8f98637364fe7c0920a6af83e09f6aa5f3255881ea924,WRITING_ARCHITECT.zip!WRITING_ARCHITECT/Module writing.zip!Module writing/WRITING_SYSTEM.zip!WRITING_SYSTEM/ENGINE/ENGINE_12_NARRATIVE_PHYSICS.docx | WRITING_ARCHITECT.zip!WRITING_ARCHITECT/Module writing/WRITING_SYSTEM.zip!WRITING_SYSTEM/ENGINE/ENGINE_12_NARRATIVE_PHYSICS.docx | WRITING_ARCHITECT.zip!WRITING_ARCHITECT/Module writing/WRITING_SYSTEM/ENGINE/ENGINE_12_NARRATIVE_PHYSICS.docx
3,38760,docx,53119d0eae4e777a00cc79753d65c9e931d4c443f9ce83ba474491f22f4f4933,WRITING_ARCHITECT.zip!WRITING_ARCHITECT/Module writing.zip!Module writing/WRITING_SYSTEM.zip!WRITING_SYSTEM/ENGINE/ENGINE_17_THEME_INTEGRITY.docx | WRITING_ARCHITECT.zip!WRITING_ARCHITECT/Module writing/WRITING_SYSTEM.zip!WRITING_SYSTEM/ENGINE/ENGINE_17_THEME_INTEGRITY.docx | WRITING_ARCHITECT.zip!WRITING_ARCHITECT/Module writing/WRITING_SYSTEM/ENGINE/ENGINE_17_THEME_INTEGRITY.docx
3,38755,docx,da09a85fb4f0c29be625cac0dd33fd97b41ddaa867fd7fa5c284057649ceadb2,WRITING_ARCHITECT.zip!WRITING_ARCHITECT/Module writing.zip!Module writing/WRITING_SYSTEM.zip!WRITING_SYSTEM/ENGINE/ENGINE_16_STORY_MOMENTUM.docx | WRITING_ARCHITECT.zip!WRITING_ARCHITECT/Module writing/WRITING_SYSTEM.zip!WRITING_SYSTEM/ENGINE/ENGINE_16_STORY_MOMENTUM.docx | WRITING_ARCHITECT.zip!WRITING_ARCHITECT/Module writing/WRITING_SYSTEM/ENGINE/ENGINE_16_STORY_MOMENTUM.docx
3,38750,docx,ddf55d3df7a4edbdee1ac78b29968217bc6ed8b5f17d741edc9a8cb07659439b,WRITING_ARCHITECT.zip!WRITING_ARCHITECT/Module writing.zip!Module writing/WRITING_SYSTEM.zip!WRITING_SYSTEM/ENGINE/ENGINE_15_SCENE_PURPOSE.docx | WRITING_ARCHITECT.zip!WRITING_ARCHITECT/Module writing/WRITING_SYSTEM.zip!WRITING_SYSTEM/ENGINE/ENGINE_15_SCENE_PURPOSE.docx | WRITING_ARCHITECT.zip!WRITING_ARCHITECT/Module writing/WRITING_SYSTEM/ENGINE/ENGINE_15_SCENE_PURPOSE.docx
3,38721,docx,17ee2c4d3cb5d9174d3de94f17b15064fee1ecf93e1f4787ec9070e18326445b,WRITING_ARCHITECT.zip!WRITING_ARCHITECT/Module writing.zip!Module writing/WRITING_SYSTEM.zip!WRITING_SYSTEM/ENGINE/ENGINE_14_CONFLICT_ESCALATION.docx | WRITING_ARCHITECT.zip!WRITING_ARCHITECT/Module writing/WRITING_SYSTEM.zip!WRITING_SYSTEM/ENGINE/ENGINE_14_CONFLICT_ESCALATION.docx | WRITING_ARCHITECT.zip!WRITING_ARCHITECT/Module writing/WRITING_SYSTEM/ENGINE/ENGINE_14_CONFLICT_ESCALATION.docx
3,38705,docx,ec1b8bfb2b59ca9926a9044e44fdc4fa2091b2e7301b427c845c6e0659198abf,WRITING_ARCHITECT.zip!WRITING_ARCHITECT/Module writing.zip!Module writing/WRITING_SYSTEM.zip!WRITING_SYSTEM/ENGINE/ENGINE_13_PRESSURE_CURVE.docx | WRITING_ARCHITECT.zip!WRITING_ARCHITECT/Module writing/WRITING_SYSTEM.zip!WRITING_SYSTEM/ENGINE/ENGINE_13_PRESSURE_CURVE.docx | WRITING_ARCHITECT.zip!WRITING_ARCHITECT/Module writing/WRITING_SYSTEM/ENGINE/ENGINE_13_PRESSURE_CURVE.docx
3,38676,docx,93b54f072e10f95788f5d1cecd9c9e855308558f3faffccedc1fdba0d7d1c744,WRITING_ARCHITECT.zip!WRITING_ARCHITECT/Module writing.zip!Module writing/WRITING_SYSTEM.zip!WRITING_SYSTEM/ENGINE/02_OPERATION_MAP.docx | WRITING_ARCHITECT.zip!WRITING_ARCHITECT/Module writing/WRITING_SYSTEM.zip!WRITING_SYSTEM/ENGINE/02_OPERATION_MAP.docx | WRITING_ARCHITECT.zip!WRITING_ARCHITECT/Module writing/WRITING_SYSTEM/ENGINE/02_OPERATION_MAP.docx
3,38584,docx,48684f708b077dfde4139a4fcbdf37133b6f8708376f42b33b69789b8be3f2f8,WRITING_ARCHITECT.zip!WRITING_ARCHITECT/Module writing.zip!Module writing/WRITING_SYSTEM.zip!WRITING_SYSTEM/ENGINE/00_MASTER_KERNEL.docx | WRITING_ARCHITECT.zip!WRITING_ARCHITECT/Module writing/WRITING_SYSTEM.zip!WRITING_SYSTEM/ENGINE/00_MASTER_KERNEL.docx | WRITING_ARCHITECT.zip!WRITING_ARCHITECT/Module writing/WRITING_SYSTEM/ENGINE/00_MASTER_KERNEL.docx
3,38482,docx,1a1c4eb0102eedc3cbd8e0ed89e79b11a5551c99b5fa1bdcca7b2086941192ef,WRITING_ARCHITECT.zip!WRITING_ARCHITECT/Module writing.zip!Module writing/WRITING_SYSTEM.zip!WRITING_SYSTEM/ENGINE/ENGINE_09_SOCIETY_BUILD.docx | WRITING_ARCHITECT.zip!WRITING_ARCHITECT/Module writing/WRITING_SYSTEM.zip!WRITING_SYSTEM/ENGINE/ENGINE_09_SOCIETY_BUILD.docx | WRITING_ARCHITECT.zip!WRITING_ARCHITECT/Module writing/WRITING_SYSTEM/ENGINE/ENGINE_09_SOCIETY_BUILD.docx
3,38455,docx,27b5866f50c5b008df91ab5a547fd407898a59d16475e6c1e82a47fa267f75c1,WRITING_ARCHITECT.zip!WRITING_ARCHITECT/Module writing.zip!Module writing/WRITING_SYSTEM.zip!WRITING_SYSTEM/ENGINE/ENGINE_08_WORLD_BUILD.docx | WRITING_ARCHITECT.zip!WRITING_ARCHITECT/Module writing/WRITING_SYSTEM.zip!WRITING_SYSTEM/ENGINE/ENGINE_08_WORLD_BUILD.docx | WRITING_ARCHITECT.zip!WRITING_ARCHITECT/Module writing/WRITING_SYSTEM/ENGINE/ENGINE_08_WORLD_BUILD.docx
3,38359,docx,13b89cf8e460c8e56823769be3466af68ad3e4de31188a074c4135f95c9ad5b5,WRITING_ARCHITECT.zip!WRITING_ARCHITECT/Module writing.zip!Module writing/WRITING_SYSTEM.zip!WRITING_SYSTEM/ENGINE/ENGINE_10_RECOVERY_ENGINE.docx | WRITING_ARCHITECT.zip!WRITING_ARCHITECT/Module writing/WRITING_SYSTEM.zip!WRITING_SYSTEM/ENGINE/ENGINE_10_RECOVERY_ENGINE.docx | WRITING_ARCHITECT.zip!WRITING_ARCHITECT/Module writing/WRITING_SYSTEM/ENGINE/ENGINE_10_RECOVERY_ENGINE.docx
3,38236,docx,08f9f6e7cb7ec7c5d670aa43b3d0d7e66e460ddbe5245e045c9688d05dd651df,WRITING_ARCHITECT.zip!WRITING_ARCHITECT/Module writing.zip!Module writing/WRITING_SYSTEM.zip!WRITING_SYSTEM/ENGINE/ENGINE_04_WORLD_DRIFT_DETECTION.docx | WRITING_ARCHITECT.zip!WRITING_ARCHITECT/Module writing/WRITING_SYSTEM.zip!WRITING_SYSTEM/ENGINE/ENGINE_04_WORLD_DRIFT_DETECTION.docx | WRITING_ARCHITECT.zip!WRITING_ARCHITECT/Module writing/WRITING_SYSTEM/ENGINE/ENGINE_04_WORLD_DRIFT_DETECTION.docx
3,38234,docx,3634352d40ec375673c197101009ee3f0298802f00618d44c5a505d41b2d74d6,WRITING_ARCHITECT.zip!WRITING_ARCHITECT/Module writing.zip!Module writing/WRITING_SYSTEM.zip!WRITING_SYSTEM/ENGINE/ENGINE_01_DOCX_MERGE.docx | WRITING_ARCHITECT.zip!WRITING_ARCHITECT/Module writing/WRITING_SYSTEM.zip!WRITING_SYSTEM/ENGINE/ENGINE_01_DOCX_MERGE.docx | WRITING_ARCHITECT.zip!WRITING_ARCHITECT/Module writing/WRITING_SYSTEM/ENGINE/ENGINE_01_DOCX_MERGE.docx
3,38216,docx,0831c3d4a6d690d491b125916dfaa3e9e437bc4d75877c293aece3180783894e,WRITING_ARCHITECT.zip!WRITING_ARCHITECT/Module writing.zip!Module writing/WRITING_SYSTEM.zip!WRITING_SYSTEM/ENGINE/ENGINE_INDEX.docx | WRITING_ARCHITECT.zip!WRITING_ARCHITECT/Module writing/WRITING_SYSTEM.zip!WRITING_SYSTEM/ENGINE/ENGINE_INDEX.docx | WRITING_ARCHITECT.zip!WRITING_ARCHITECT/Module writing/WRITING_SYSTEM/ENGINE/ENGINE_INDEX.docx
3,38194,docx,8c6e7bfe26061740123f8aabe5655ae5bfb9b4af366f898d81671b379ef47cf1,WRITING_ARCHITECT.zip!WRITING_ARCHITECT/Module writing.zip!Module writing/WRITING_SYSTEM.zip!WRITING_SYSTEM/ENGINE/ENGINE_06_CHARACTER_SOCIETY_SYNC.docx | WRITING_ARCHITECT.zip!WRITING_ARCHITECT/Module writing/WRITING_SYSTEM.zip!WRITING_SYSTEM/ENGINE/ENGINE_06_CHARACTER_SOCIETY_SYNC.docx | WRITING_ARCHITECT.zip!WRITING_ARCHITECT/Module writing/WRITING_SYSTEM/ENGINE/ENGINE_06_CHARACTER_SOCIETY_SYNC.docx
3,38182,docx,b0e8a4f9e4137d3f7e89e07048552deecc7bfeb227610f129aa6e30a5472be09,WRITING_ARCHITECT.zip!WRITING_ARCHITECT/Module writing.zip!Module writing/WRITING_SYSTEM.zip!WRITING_SYSTEM/ENGINE/ENGINE_03_LORE_DELIVERY.docx | WRITING_ARCHITECT.zip!WRITING_ARCHITECT/Module writing/WRITING_SYSTEM.zip!WRITING_SYSTEM/ENGINE/ENGINE_03_LORE_DELIVERY.docx | WRITING_ARCHITECT.zip!WRITING_ARCHITECT/Module writing/WRITING_SYSTEM/ENGINE/ENGINE_03_LORE_DELIVERY.docx
3,38181,docx,167be81432e4be74caa66d2ee67b927a46db29d2ca5579815d42424c693ed96c,WRITING_ARCHITECT.zip!WRITING_ARCHITECT/Module writing.zip!Module writing/WRITING_SYSTEM.zip!WRITING_SYSTEM/ENGINE/ENGINE_05_RIPPLE_SIMULATION.docx | WRITING_ARCHITECT.zip!WRITING_ARCHITECT/Module writing/WRITING_SYSTEM.zip!WRITING_SYSTEM/ENGINE/ENGINE_05_RIPPLE_SIMULATION.docx | WRITING_ARCHITECT.zip!WRITING_ARCHITECT/Module writing/WRITING_SYSTEM/ENGINE/ENGINE_05_RIPPLE_SIMULATION.docx
3,38134,docx,ba67c9ef409227f4536898dd88bee23096d67a27292f533c76b32bb9768dfd3d,WRITING_ARCHITECT.zip!WRITING_ARCHITECT/Module writing.zip!Module writing/WRITING_SYSTEM.zip!WRITING_SYSTEM/ENGINE/ENGINE_02_AUTHORITY_ARBITRATION.docx | WRITING_ARCHITECT.zip!WRITING_ARCHITECT/Module writing/WRITING_SYSTEM.zip!WRITING_SYSTEM/ENGINE/ENGINE_02_AUTHORITY_ARBITRATION.docx | WRITING_ARCHITECT.zip!WRITING_ARCHITECT/Module writing/WRITING_SYSTEM/ENGINE/ENGINE_02_AUTHORITY_ARBITRATION.docx
3,38124,docx,900a5db3708d77e7e6d0caf2963695f475719f270e278539de65786c2b5c3380,WRITING_ARCHITECT.zip!WRITING_ARCHITECT/Module writing.zip!Module writing/WRITING_SYSTEM.zip!WRITING_SYSTEM/ENGINE/02_OPERATION_MAP__1.docx | WRITING_ARCHITECT.zip!WRITING_ARCHITECT/Module writing/WRITING_SYSTEM.zip!WRITING_SYSTEM/ENGINE/02_OPERATION_MAP__1.docx | WRITING_ARCHITECT.zip!WRITING_ARCHITECT/Module writing/WRITING_SYSTEM/ENGINE/02_OPERATION_MAP__1.docx
3,38092,docx,59436d6cc8e184d690fe175872872a572972fa6f205618d9ded8be4e913afaec,WRITING_ARCHITECT.zip!WRITING_ARCHITECT/Module writing.zip!Module writing/WRITING_SYSTEM.zip!WRITING_SYSTEM/RUNTIME/runtime_operation_routes.docx | WRITING_ARCHITECT.zip!WRITING_ARCHITECT/Module writing/WRITING_SYSTEM.zip!WRITING_SYSTEM/RUNTIME/runtime_operation_routes.docx | WRITING_ARCHITECT.zip!WRITING_ARCHITECT/Module writing/WRITING_SYSTEM/RUNTIME/runtime_operation_routes.docx
3,38041,docx,47778e06de18a566fd8a030ad06bee447ffb26368ca98a10b7dc8d7ce703dfce,WRITING_ARCHITECT.zip!WRITING_ARCHITECT/Module writing.zip!Module writing/WRITING_SYSTEM.zip!WRITING_SYSTEM/ENGINE/STRESS_TEST_LIBRARY.docx | WRITING_ARCHITECT.zip!WRITING_ARCHITECT/Module writing/WRITING_SYSTEM.zip!WRITING_SYSTEM/ENGINE/STRESS_TEST_LIBRARY.docx | WRITING_ARCHITECT.zip!WRITING_ARCHITECT/Module writing/WRITING_SYSTEM/ENGINE/STRESS_TEST_LIBRARY.docx
3,38021,docx,5e5daea1944ac2d4c5c1cf778acc09acc67cec293cc65412b28661d309b3eb11,WRITING_ARCHITECT.zip!WRITING_ARCHITECT/Module writing.zip!Module writing/WRITING_SYSTEM.zip!WRITING_SYSTEM/ENGINE/03_EVAL_AND_TRACE_RULES.docx | WRITING_ARCHITECT.zip!WRITING_ARCHITECT/Module writing/WRITING_SYSTEM.zip!WRITING_SYSTEM/ENGINE/03_EVAL_AND_TRACE_RULES.docx | WRITING_ARCHITECT.zip!WRITING_ARCHITECT/Module writing/WRITING_SYSTEM/ENGINE/03_EVAL_AND_TRACE_RULES.docx
3,37989,docx,7bd7b1f662ad00fc591f900023e65eac43c55a382d666bd946d38a165fa03510,WRITING_ARCHITECT.zip!WRITING_ARCHITECT/Module writing.zip!Module writing/WRITING_SYSTEM.zip!WRITING_SYSTEM/RUNTIME/runtime_engine_registry.docx | WRITING_ARCHITECT.zip!WRITING_ARCHITECT/Module writing/WRITING_SYSTEM.zip!WRITING_SYSTEM/RUNTIME/runtime_engine_registry.docx | WRITING_ARCHITECT.zip!WRITING_ARCHITECT/Module writing/WRITING_SYSTEM/RUNTIME/runtime_engine_registry.docx
3,37971,docx,0ab0a50ce8a3ebbfc4a5cea3174dc696ac4b3c5e118a668c60081459248972c2,WRITING_ARCHITECT.zip!WRITING_ARCHITECT/Module writing.zip!Module writing/WRITING_SYSTEM.zip!WRITING_SYSTEM/RUNTIME/runtime_failure_state_map.docx | WRITING_ARCHITECT.zip!WRITING_ARCHITECT/Module writing/WRITING_SYSTEM.zip!WRITING_SYSTEM/RUNTIME/runtime_failure_state_map.docx | WRITING_ARCHITECT.zip!WRITING_ARCHITECT/Module writing/WRITING_SYSTEM/RUNTIME/runtime_failure_state_map.docx
3,37941,docx,67565cb70d7d0b03b46de1e9f2ba5dc396558d6ef9c00f9dcbfea14f3427e67d,WRITING_ARCHITECT.zip!WRITING_ARCHITECT/Module writing.zip!Module writing/WRITING_SYSTEM.zip!WRITING_SYSTEM/RUNTIME/runtime_baseline_state_registry.docx | WRITING_ARCHITECT.zip!WRITING_ARCHITECT/Module writing/WRITING_SYSTEM.zip!WRITING_SYSTEM/RUNTIME/runtime_baseline_state_registry.docx | WRITING_ARCHITECT.zip!WRITING_ARCHITECT/Module writing/WRITING_SYSTEM/RUNTIME/runtime_baseline_state_registry.docx
3,37895,docx,4d48ba323dea8921e46c8a030a5293476942e2e926e19c01de69b714683e1fb4,WRITING_ARCHITECT.zip!WRITING_ARCHITECT/Module writing.zip!Module writing/WRITING_SYSTEM.zip!WRITING_SYSTEM/RUNTIME/runtime_trace_policy.docx | WRITING_ARCHITECT.zip!WRITING_ARCHITECT/Module writing/WRITING_SYSTEM.zip!WRITING_SYSTEM/RUNTIME/runtime_trace_policy.docx | WRITING_ARCHITECT.zip!WRITING_ARCHITECT/Module writing/WRITING_SYSTEM/RUNTIME/runtime_trace_policy.docx
3,37880,docx,4c5937fc1490ce52a5552678ea82ab68757f72a2952f6aa196e617745b05925a,WRITING_ARCHITECT.zip!WRITING_ARCHITECT/Module writing.zip!Module writing/WRITING_SYSTEM.zip!WRITING_SYSTEM/RUNTIME/runtime_approval_matrix.docx | WRITING_ARCHITECT.zip!WRITING_ARCHITECT/Module writing/WRITING_SYSTEM.zip!WRITING_SYSTEM/RUNTIME/runtime_approval_matrix.docx | WRITING_ARCHITECT.zip!WRITING_ARCHITECT/Module writing/WRITING_SYSTEM/RUNTIME/runtime_approval_matrix.docx
3,37878,docx,2767baccaf7ae03fafbc8bad2a300bd24d4d4eb4b5f841d4a4721cc6618ade58,WRITING_ARCHITECT.zip!WRITING_ARCHITECT/Module writing.zip!Module writing/WRITING_SYSTEM.zip!WRITING_SYSTEM/ENGINE/ENGINE_INDEX__1.docx | WRITING_ARCHITECT.zip!WRITING_ARCHITECT/Module writing/WRITING_SYSTEM.zip!WRITING_SYSTEM/ENGINE/ENGINE_INDEX__1.docx | WRITING_ARCHITECT.zip!WRITING_ARCHITECT/Module writing/WRITING_SYSTEM/ENGINE/ENGINE_INDEX__1.docx
3,37840,docx,bd44c618a21e2fa14bce67780473c9b9ca6e3672baf60ba0740652532dabe040,WRITING_ARCHITECT.zip!WRITING_ARCHITECT/Module writing.zip!Module writing/WRITING_SYSTEM.zip!WRITING_SYSTEM/STORY_SYSTEM/STORY_BIBLE_MASTER__1.docx | WRITING_ARCHITECT.zip!WRITING_ARCHITECT/Module writing/WRITING_SYSTEM.zip!WRITING_SYSTEM/STORY_SYSTEM/STORY_BIBLE_MASTER__1.docx | WRITING_ARCHITECT.zip!WRITING_ARCHITECT/Module writing/WRITING_SYSTEM/STORY_SYSTEM/STORY_BIBLE_MASTER__1.docx
3,37795,docx,47d932f5d1cba1b3712d2d9e1297af8d1da0486a526a7bc2bb97b653baf20919,WRITING_ARCHITECT.zip!WRITING_ARCHITECT/Module writing.zip!Module writing/WRITING_SYSTEM.zip!WRITING_SYSTEM/RUNTIME/runtime_promotion_control_matrix.docx | WRITING_ARCHITECT.zip!WRITING_ARCHITECT/Module writing/WRITING_SYSTEM.zip!WRITING_SYSTEM/RUNTIME/runtime_promotion_control_matrix.docx | WRITING_ARCHITECT.zip!WRITING_ARCHITECT/Module writing/WRITING_SYSTEM/RUNTIME/runtime_promotion_control_matrix.docx
3,37789,docx,1d659c77da0f64f0783c77721cdf8e3ca76781449bd6708dfa25cf71e3bc9d53,WRITING_ARCHITECT.zip!WRITING_ARCHITECT/Module writing.zip!Module writing/WRITING_SYSTEM.zip!WRITING_SYSTEM/RUNTIME/runtime_trace_event_map.docx | WRITING_ARCHITECT.zip!WRITING_ARCHITECT/Module writing/WRITING_SYSTEM.zip!WRITING_SYSTEM/RUNTIME/runtime_trace_event_map.docx | WRITING_ARCHITECT.zip!WRITING_ARCHITECT/Module writing/WRITING_SYSTEM/RUNTIME/runtime_trace_event_map.docx
3,37786,docx,ef1695eaff668b5d1d1bc9f54f66a059536c234e1460c234251ba58ed87c6336,WRITING_ARCHITECT.zip!WRITING_ARCHITECT/Module writing.zip!Module writing/WRITING_SYSTEM.zip!WRITING_SYSTEM/RUNTIME/runtime_handoff_rules.docx | WRITING_ARCHITECT.zip!WRITING_ARCHITECT/Module writing/WRITING_SYSTEM.zip!WRITING_SYSTEM/RUNTIME/runtime_handoff_rules.docx | WRITING_ARCHITECT.zip!WRITING_ARCHITECT/Module writing/WRITING_SYSTEM/RUNTIME/runtime_handoff_rules.docx
3,37759,docx,1c4b7bd0235561baeb3f313eeaf22cda4da1bc939ef9a625205e432b1e9ca5dd,WRITING_ARCHITECT.zip!WRITING_ARCHITECT/Module writing.zip!Module writing/WRITING_SYSTEM.zip!WRITING_SYSTEM/RELIABILITY_LAYER/RUNTIME_RELIABILITY_INTEGRATION_RULES.docx | WRITING_ARCHITECT.zip!WRITING_ARCHITECT/Module writing/WRITING_SYSTEM.zip!WRITING_SYSTEM/RELIABILITY_LAYER/RUNTIME_RELIABILITY_INTEGRATION_RULES.docx | WRITING_ARCHITECT.zip!WRITING_ARCHITECT/Module writing/WRITING_SYSTEM/RELIABILITY_LAYER/RUNTIME_RELIABILITY_INTEGRATION_RULES.docx
3,37744,docx,f3c5c503d653c95095fabd8443d8c5021516ff29a8d63ebf112c0ddd1d323031,WRITING_ARCHITECT.zip!WRITING_ARCHITECT/Module writing.zip!Module writing/WRITING_SYSTEM.zip!WRITING_SYSTEM/RUNTIME/runtime_live_test_scenarios.docx | WRITING_ARCHITECT.zip!WRITING_ARCHITECT/Module writing/WRITING_SYSTEM.zip!WRITING_SYSTEM/RUNTIME/runtime_live_test_scenarios.docx | WRITING_ARCHITECT.zip!WRITING_ARCHITECT/Module writing/WRITING_SYSTEM/RUNTIME/runtime_live_test_scenarios.docx
3,37740,docx,02cb4b9d2beb37f3571f5df7a1286447e8f4599f8ec46d55ddab752edf5adb91,WRITING_ARCHITECT.zip!WRITING_ARCHITECT/Module writing.zip!Module writing/WRITING_SYSTEM.zip!WRITING_SYSTEM/RUNTIME/runtime_approval_enforcement_policy.docx | WRITING_ARCHITECT.zip!WRITING_ARCHITECT/Module writing/WRITING_SYSTEM.zip!WRITING_SYSTEM/RUNTIME/runtime_approval_enforcement_policy.docx | WRITING_ARCHITECT.zip!WRITING_ARCHITECT/Module writing/WRITING_SYSTEM/RUNTIME/runtime_approval_enforcement_policy.docx
3,37736,docx,e342b974f7c4e36e85ea0c64da9f125a8c248ceff51652077b3a382b6c774690,WRITING_ARCHITECT.zip!WRITING_ARCHITECT/Module writing.zip!Module writing/WRITING_SYSTEM.zip!WRITING_SYSTEM/RELIABILITY_LAYER/TYPED_RUNTIME_STATE_SCHEMA.docx | WRITING_ARCHITECT.zip!WRITING_ARCHITECT/Module writing/WRITING_SYSTEM.zip!WRITING_SYSTEM/RELIABILITY_LAYER/TYPED_RUNTIME_STATE_SCHEMA.docx | WRITING_ARCHITECT.zip!WRITING_ARCHITECT/Module writing/WRITING_SYSTEM/RELIABILITY_LAYER/TYPED_RUNTIME_STATE_SCHEMA.docx
3,37702,docx,475cc8d0d79073520877027e66963eed33a7ce65eb324bda0a98ff08473fc7b6,WRITING_ARCHITECT.zip!WRITING_ARCHITECT/Module writing.zip!Module writing/WRITING_SYSTEM.zip!WRITING_SYSTEM/RUNTIME/runtime_parity_map.docx | WRITING_ARCHITECT.zip!WRITING_ARCHITECT/Module writing/WRITING_SYSTEM.zip!WRITING_SYSTEM/RUNTIME/runtime_parity_map.docx | WRITING_ARCHITECT.zip!WRITING_ARCHITECT/Module writing/WRITING_SYSTEM/RUNTIME/runtime_parity_map.docx
3,37671,docx,e9de23594b4e6f87ee93cc185725f8ebd9cad2f82de32bdc1ac09694febc1474,WRITING_ARCHITECT.zip!WRITING_ARCHITECT/Module writing.zip!Module writing/WRITING_SYSTEM.zip!WRITING_SYSTEM/RUNTIME/runtime_checkpoint_policy.docx | WRITING_ARCHITECT.zip!WRITING_ARCHITECT/Module writing/WRITING_SYSTEM.zip!WRITING_SYSTEM/RUNTIME/runtime_checkpoint_policy.docx | WRITING_ARCHITECT.zip!WRITING_ARCHITECT/Module writing/WRITING_SYSTEM/RUNTIME/runtime_checkpoint_policy.docx
3,37623,docx,160e5d9ba5fd0d186eb61d9b25d630c9090486efea92b2a8b7ef6bb8abf66a2a,WRITING_ARCHITECT.zip!WRITING_ARCHITECT/Module writing.zip!Module writing/WRITING_SYSTEM.zip!WRITING_SYSTEM/RUNTIME/runtime_promotion_registry.docx | WRITING_ARCHITECT.zip!WRITING_ARCHITECT/Module writing/WRITING_SYSTEM.zip!WRITING_SYSTEM/RUNTIME/runtime_promotion_registry.docx | WRITING_ARCHITECT.zip!WRITING_ARCHITECT/Module writing/WRITING_SYSTEM/RUNTIME/runtime_promotion_registry.docx
3,37620,docx,1cfcd1af43f90b24321ac1c30d927ed63356f3cd1c2c2cda38d9cd03204c274d,WRITING_ARCHITECT.zip!WRITING_ARCHITECT/Module writing.zip!Module writing/WRITING_SYSTEM.zip!WRITING_SYSTEM/RELIABILITY_LAYER/BAND_EDIT_PACKET_SCHEMA.docx | WRITING_ARCHITECT.zip!WRITING_ARCHITECT/Module writing/WRITING_SYSTEM.zip!WRITING_SYSTEM/RELIABILITY_LAYER/BAND_EDIT_PACKET_SCHEMA.docx | WRITING_ARCHITECT.zip!WRITING_ARCHITECT/Module writing/WRITING_SYSTEM/RELIABILITY_LAYER/BAND_EDIT_PACKET_SCHEMA.docx
3,37619,docx,30956d3c7272c5eee685b9568ac01dc268e1cf68e3df8d701442d50b909ad49d,WRITING_ARCHITECT.zip!WRITING_ARCHITECT/Module writing.zip!Module writing/WRITING_SYSTEM.zip!WRITING_SYSTEM/RUNTIME/runtime_shadow_mode_policy.docx | WRITING_ARCHITECT.zip!WRITING_ARCHITECT/Module writing/WRITING_SYSTEM.zip!WRITING_SYSTEM/RUNTIME/runtime_shadow_mode_policy.docx | WRITING_ARCHITECT.zip!WRITING_ARCHITECT/Module writing/WRITING_SYSTEM/RUNTIME/runtime_shadow_mode_policy.docx
3,37616,docx,2099088bb220cbc5e5a779e81c6d353e2e814af9cb7b743b61e5e10a4d01118e,WRITING_ARCHITECT.zip!WRITING_ARCHITECT/Module writing.zip!Module writing/WRITING_SYSTEM.zip!WRITING_SYSTEM/STORY_SYSTEM/STORY_BIBLE_SCHEMA__1.docx | WRITING_ARCHITECT.zip!WRITING_ARCHITECT/Module writing/WRITING_SYSTEM.zip!WRITING_SYSTEM/STORY_SYSTEM/STORY_BIBLE_SCHEMA__1.docx | WRITING_ARCHITECT.zip!WRITING_ARCHITECT/Module writing/WRITING_SYSTEM/STORY_SYSTEM/STORY_BIBLE_SCHEMA__1.docx
3,37599,docx,98c64adf9766bdde020b412baced51ae5a7f680ad9c3f5f7ffe1b72b3bad750b,WRITING_ARCHITECT.zip!WRITING_ARCHITECT/Module writing.zip!Module writing/WRITING_SYSTEM.zip!WRITING_SYSTEM/STORY_SYSTEM/STORY_SYSTEM_OPERATION_FLOW__1.docx | WRITING_ARCHITECT.zip!WRITING_ARCHITECT/Module writing/WRITING_SYSTEM.zip!WRITING_SYSTEM/STORY_SYSTEM/STORY_SYSTEM_OPERATION_FLOW__1.docx | WRITING_ARCHITECT.zip!WRITING_ARCHITECT/Module writing/WRITING_SYSTEM/STORY_SYSTEM/STORY_SYSTEM_OPERATION_FLOW__1.docx
3,37582,docx,88fecf536d5f4fd8fa56c3ce53a75bb8a179c3de910552d9bd6770448bf955e2,WRITING_ARCHITECT.zip!WRITING_ARCHITECT/Module writing.zip!Module writing/WRITING_SYSTEM.zip!WRITING_SYSTEM/RUNTIME/runtime_observability_matrix.docx | WRITING_ARCHITECT.zip!WRITING_ARCHITECT/Module writing/WRITING_SYSTEM.zip!WRITING_SYSTEM/RUNTIME/runtime_observability_matrix.docx | WRITING_ARCHITECT.zip!WRITING_ARCHITECT/Module writing/WRITING_SYSTEM/RUNTIME/runtime_observability_matrix.docx
3,37572,docx,3ab17cc04c0e2c42f2a98651f0354fb64dfb05ae0c8be31cfce8558d9d112411,WRITING_ARCHITECT.zip!WRITING_ARCHITECT/Module writing.zip!Module writing/WRITING_SYSTEM.zip!WRITING_SYSTEM/RELIABILITY_LAYER/CHECKPOINT_REGISTRY_LAYER.docx | WRITING_ARCHITECT.zip!WRITING_ARCHITECT/Module writing/WRITING_SYSTEM.zip!WRITING_SYSTEM/RELIABILITY_LAYER/CHECKPOINT_REGISTRY_LAYER.docx | WRITING_ARCHITECT.zip!WRITING_ARCHITECT/Module writing/WRITING_SYSTEM/RELIABILITY_LAYER/CHECKPOINT_REGISTRY_LAYER.docx
3,37564,docx,2f4989392bd2cff0c8a5dfdccf1e9ff26e2fb9bf29da4868d81a1711584544c1,WRITING_ARCHITECT.zip!WRITING_ARCHITECT/Module writing.zip!Module writing/WRITING_SYSTEM.zip!WRITING_SYSTEM/RUNTIME/runtime_rollback_matrix.docx | WRITING_ARCHITECT.zip!WRITING_ARCHITECT/Module writing/WRITING_SYSTEM.zip!WRITING_SYSTEM/RUNTIME/runtime_rollback_matrix.docx | WRITING_ARCHITECT.zip!WRITING_ARCHITECT/Module writing/WRITING_SYSTEM/RUNTIME/runtime_rollback_matrix.docx
3,37545,docx,6df2cbe95002c73ffe1667e575b67331496fe5738f3c5625806ad5a7a50aa5d7,WRITING_ARCHITECT.zip!WRITING_ARCHITECT/Module writing.zip!Module writing/WRITING_SYSTEM.zip!WRITING_SYSTEM/RUNTIME/runtime_replay_policy.docx | WRITING_ARCHITECT.zip!WRITING_ARCHITECT/Module writing/WRITING_SYSTEM.zip!WRITING_SYSTEM/RUNTIME/runtime_replay_policy.docx | WRITING_ARCHITECT.zip!WRITING_ARCHITECT/Module writing/WRITING_SYSTEM/RUNTIME/runtime_replay_policy.docx
3,37528,docx,ab9269cb285d369c9b2bf7a5adcb04eb33a31cc53bb73d971ce6b0aabe34235b,WRITING_ARCHITECT.zip!WRITING_ARCHITECT/Module writing.zip!Module writing/WRITING_SYSTEM.zip!WRITING_SYSTEM/RELIABILITY_LAYER/ARTIFACT_LINEAGE_LAYER.docx | WRITING_ARCHITECT.zip!WRITING_ARCHITECT/Module writing/WRITING_SYSTEM.zip!WRITING_SYSTEM/RELIABILITY_LAYER/ARTIFACT_LINEAGE_LAYER.docx | WRITING_ARCHITECT.zip!WRITING_ARCHITECT/Module writing/WRITING_SYSTEM/RELIABILITY_LAYER/ARTIFACT_LINEAGE_LAYER.docx
3,37525,docx,a176ed8eb35ab4cfe6aecff40213118cc557d7a3de1efecd8d3b36a2d392f3c7,WRITING_ARCHITECT.zip!WRITING_ARCHITECT/Module writing.zip!Module writing/WRITING_SYSTEM.zip!WRITING_SYSTEM/RUNTIME/runtime_recovery_routing.docx | WRITING_ARCHITECT.zip!WRITING_ARCHITECT/Module writing/WRITING_SYSTEM.zip!WRITING_SYSTEM/RUNTIME/runtime_recovery_routing.docx | WRITING_ARCHITECT.zip!WRITING_ARCHITECT/Module writing/WRITING_SYSTEM/RUNTIME/runtime_recovery_routing.docx
3,37514,docx,34f1eea9bca67e4d468490c966932c3195766d5d1d3c8f877295b5c0d0d67c68,WRITING_ARCHITECT.zip!WRITING_ARCHITECT/Module writing.zip!Module writing/WRITING_SYSTEM.zip!WRITING_SYSTEM/RUNTIME/runtime_approval_trace_map.docx | WRITING_ARCHITECT.zip!WRITING_ARCHITECT/Module writing/WRITING_SYSTEM.zip!WRITING_SYSTEM/RUNTIME/runtime_approval_trace_map.docx | WRITING_ARCHITECT.zip!WRITING_ARCHITECT/Module writing/WRITING_SYSTEM/RUNTIME/runtime_approval_trace_map.docx
3,37513,docx,aba558c91884f3e869936b4d34483f8689083e571680fe2a0831521ca58f4a6c,WRITING_ARCHITECT.zip!WRITING_ARCHITECT/Module writing.zip!Module writing/WRITING_SYSTEM.zip!WRITING_SYSTEM/RUNTIME/runtime_override_control_rules.docx | WRITING_ARCHITECT.zip!WRITING_ARCHITECT/Module writing/WRITING_SYSTEM.zip!WRITING_SYSTEM/RUNTIME/runtime_override_control_rules.docx | WRITING_ARCHITECT.zip!WRITING_ARCHITECT/Module writing/WRITING_SYSTEM/RUNTIME/runtime_override_control_rules.docx
3,37501,docx,aeb093f264c8ccf4a0818e4888b33b264189c0c4d62ef9ff7f2550249a311ab0,WRITING_ARCHITECT.zip!WRITING_ARCHITECT/Module writing.zip!Module writing/WRITING_SYSTEM.zip!WRITING_SYSTEM/RUNTIME/runtime_trace_parity_map.docx | WRITING_ARCHITECT.zip!WRITING_ARCHITECT/Module writing/WRITING_SYSTEM.zip!WRITING_SYSTEM/RUNTIME/runtime_trace_parity_map.docx | WRITING_ARCHITECT.zip!WRITING_ARCHITECT/Module writing/WRITING_SYSTEM/RUNTIME/runtime_trace_parity_map.docx
3,37494,docx,13d7aa5cda076c4ef445451b0cd505d3b53630e988a7dadd6a1605eb0b937568,WRITING_ARCHITECT.zip!WRITING_ARCHITECT/Module writing.zip!Module writing/WRITING_SYSTEM.zip!WRITING_SYSTEM/RELIABILITY_LAYER/BAND_EXTRACTION_CONTROL_LAYER.docx | WRITING_ARCHITECT.zip!WRITING_ARCHITECT/Module writing/WRITING_SYSTEM.zip!WRITING_SYSTEM/RELIABILITY_LAYER/BAND_EXTRACTION_CONTROL_LAYER.docx | WRITING_ARCHITECT.zip!WRITING_ARCHITECT/Module writing/WRITING_SYSTEM/RELIABILITY_LAYER/BAND_EXTRACTION_CONTROL_LAYER.docx
3,37483,docx,5cd44c6fceea7adc1ba15e43bfa7ad797bcd167f860927434148170500834b1b,WRITING_ARCHITECT.zip!WRITING_ARCHITECT/Module writing.zip!Module writing/WRITING_SYSTEM.zip!WRITING_SYSTEM/ENGINE/EXAMPLE_RUNS.docx | WRITING_ARCHITECT.zip!WRITING_ARCHITECT/Module writing/WRITING_SYSTEM.zip!WRITING_SYSTEM/ENGINE/EXAMPLE_RUNS.docx | WRITING_ARCHITECT.zip!WRITING_ARCHITECT/Module writing/WRITING_SYSTEM/ENGINE/EXAMPLE_RUNS.docx
3,37479,docx,11d20521a3b77bca3289605cd408534172d2e1422a8edfada6be78a1bb1aab61,WRITING_ARCHITECT.zip!WRITING_ARCHITECT/Module writing.zip!Module writing/WRITING_SYSTEM.zip!WRITING_SYSTEM/RELIABILITY_LAYER/PROMOTION_GATE_HARDENING_LAYER.docx | WRITING_ARCHITECT.zip!WRITING_ARCHITECT/Module writing/WRITING_SYSTEM.zip!WRITING_SYSTEM/RELIABILITY_LAYER/PROMOTION_GATE_HARDENING_LAYER.docx | WRITING_ARCHITECT.zip!WRITING_ARCHITECT/Module writing/WRITING_SYSTEM/RELIABILITY_LAYER/PROMOTION_GATE_HARDENING_LAYER.docx
3,37469,docx,bd37f11b36fddb91224c731f6a7da167dcbd2e4a9f7608fd3885f5524ca0ce15,WRITING_ARCHITECT.zip!WRITING_ARCHITECT/Module writing.zip!Module writing/WRITING_SYSTEM.zip!WRITING_SYSTEM/RUNTIME/runtime_phase5_parity_map.docx | WRITING_ARCHITECT.zip!WRITING_ARCHITECT/Module writing/WRITING_SYSTEM.zip!WRITING_SYSTEM/RUNTIME/runtime_phase5_parity_map.docx | WRITING_ARCHITECT.zip!WRITING_ARCHITECT/Module writing/WRITING_SYSTEM/RUNTIME/runtime_phase5_parity_map.docx
3,37467,docx,c521cbe0decb1e3a43ce8d1ca1dfa13569238889aa5d088af46ac9746fc513e9,WRITING_ARCHITECT.zip!WRITING_ARCHITECT/Module writing.zip!Module writing/WRITING_SYSTEM.zip!WRITING_SYSTEM/RUNTIME/runtime_failure_observation_rules.docx | WRITING_ARCHITECT.zip!WRITING_ARCHITECT/Module writing/WRITING_SYSTEM.zip!WRITING_SYSTEM/RUNTIME/runtime_failure_observation_rules.docx | WRITING_ARCHITECT.zip!WRITING_ARCHITECT/Module writing/WRITING_SYSTEM/RUNTIME/runtime_failure_observation_rules.docx
3,37451,docx,a1823de52b64f92a3994ae32d4422cf4ec5695d6066070b24cf4d483eaaf7524,WRITING_ARCHITECT.zip!WRITING_ARCHITECT/Module writing.zip!Module writing/WRITING_SYSTEM.zip!WRITING_SYSTEM/RELIABILITY_LAYER/BAND_REINTEGRATION_RULES.docx | WRITING_ARCHITECT.zip!WRITING_ARCHITECT/Module writing/WRITING_SYSTEM.zip!WRITING_SYSTEM/RELIABILITY_LAYER/BAND_REINTEGRATION_RULES.docx | WRITING_ARCHITECT.zip!WRITING_ARCHITECT/Module writing/WRITING_SYSTEM/RELIABILITY_LAYER/BAND_REINTEGRATION_RULES.docx
3,37440,docx,9326769972d16d2107a3dc00e05bde5a50d0c72a96fb964247aad2714c2ad201,WRITING_ARCHITECT.zip!WRITING_ARCHITECT/Module writing.zip!Module writing/WRITING_SYSTEM.zip!WRITING_SYSTEM/RELIABILITY_LAYER/DISPLAY_ROUTING_LAYER.docx | WRITING_ARCHITECT.zip!WRITING_ARCHITECT/Module writing/WRITING_SYSTEM.zip!WRITING_SYSTEM/RELIABILITY_LAYER/DISPLAY_ROUTING_LAYER.docx | WRITING_ARCHITECT.zip!WRITING_ARCHITECT/Module writing/WRITING_SYSTEM/RELIABILITY_LAYER/DISPLAY_ROUTING_LAYER.docx
3,37429,docx,1112302b8ba079d32fc4cb206568bcef93dc8fd420de513e1dcf53ba7d7bbc01,WRITING_ARCHITECT.zip!WRITING_ARCHITECT/Module writing.zip!Module writing/WRITING_SYSTEM.zip!WRITING_SYSTEM/STORY_SYSTEM/STORY_BIBLE_UPDATE_POLICY__1.docx | WRITING_ARCHITECT.zip!WRITING_ARCHITECT/Module writing/WRITING_SYSTEM.zip!WRITING_SYSTEM/STORY_SYSTEM/STORY_BIBLE_UPDATE_POLICY__1.docx | WRITING_ARCHITECT.zip!WRITING_ARCHITECT/Module writing/WRITING_SYSTEM/STORY_SYSTEM/STORY_BIBLE_UPDATE_POLICY__1.docx
3,37406,docx,7fd3c5546000d429f60cbcc804031cb69e4d0eb7f5bafe6838cff37b7d6f951f,WRITING_ARCHITECT.zip!WRITING_ARCHITECT/Module writing.zip!Module writing/WRITING_SYSTEM.zip!WRITING_SYSTEM/STORY_SYSTEM/VERIFIED_EXTRACTION_LAYER.docx | WRITING_ARCHITECT.zip!WRITING_ARCHITECT/Module writing/WRITING_SYSTEM.zip!WRITING_SYSTEM/STORY_SYSTEM/VERIFIED_EXTRACTION_LAYER.docx | WRITING_ARCHITECT.zip!WRITING_ARCHITECT/Module writing/WRITING_SYSTEM/STORY_SYSTEM/VERIFIED_EXTRACTION_LAYER.docx
3,37385,docx,8a199e898d5932cb2efed6dfcbc9f11d75a3e05ac8c59ece53cd03fccaf252a5,WRITING_ARCHITECT.zip!WRITING_ARCHITECT/Module writing.zip!Module writing/WRITING_SYSTEM.zip!WRITING_SYSTEM/STORY_SYSTEM/CHAPTER_BLUEPRINT_TEMPLATE__1.docx | WRITING_ARCHITECT.zip!WRITING_ARCHITECT/Module writing/WRITING_SYSTEM.zip!WRITING_SYSTEM/STORY_SYSTEM/CHAPTER_BLUEPRINT_TEMPLATE__1.docx | WRITING_ARCHITECT.zip!WRITING_ARCHITECT/Module writing/WRITING_SYSTEM/STORY_SYSTEM/CHAPTER_BLUEPRINT_TEMPLATE__1.docx
3,37370,docx,fbcb88bdca7bdeaae4902f5ad482cb1ddbc695614730d6881f5bf7898c455eb6,WRITING_ARCHITECT.zip!WRITING_ARCHITECT/Module writing.zip!Module writing/WRITING_SYSTEM.zip!WRITING_SYSTEM/RUNTIME/runtime_handoff_trace_rules.docx | WRITING_ARCHITECT.zip!WRITING_ARCHITECT/Module writing/WRITING_SYSTEM.zip!WRITING_SYSTEM/RUNTIME/runtime_handoff_trace_rules.docx | WRITING_ARCHITECT.zip!WRITING_ARCHITECT/Module writing/WRITING_SYSTEM/RUNTIME/runtime_handoff_trace_rules.docx
3,37370,docx,807704a74489a9a4b2b005f6bfdf66a9feeea2292303f7358943595e69513c1f,WRITING_ARCHITECT.zip!WRITING_ARCHITECT/Module writing.zip!Module writing/WRITING_SYSTEM.zip!WRITING_SYSTEM/ENGINE/01_SHARED_SCHEMAS.docx | WRITING_ARCHITECT.zip!WRITING_ARCHITECT/Module writing/WRITING_SYSTEM.zip!WRITING_SYSTEM/ENGINE/01_SHARED_SCHEMAS.docx | WRITING_ARCHITECT.zip!WRITING_ARCHITECT/Module writing/WRITING_SYSTEM/ENGINE/01_SHARED_SCHEMAS.docx
3,37352,docx,af9ffce04b731a8e961a13bd5031e06caff751682b3127ab74e903e926c491d0,WRITING_ARCHITECT.zip!WRITING_ARCHITECT/Module writing.zip!Module writing/WRITING_SYSTEM.zip!WRITING_SYSTEM/RELIABILITY_LAYER/BAND_POST_MERGE_VALIDATION.docx | WRITING_ARCHITECT.zip!WRITING_ARCHITECT/Module writing/WRITING_SYSTEM.zip!WRITING_SYSTEM/RELIABILITY_LAYER/BAND_POST_MERGE_VALIDATION.docx | WRITING_ARCHITECT.zip!WRITING_ARCHITECT/Module writing/WRITING_SYSTEM/RELIABILITY_LAYER/BAND_POST_MERGE_VALIDATION.docx
3,37338,docx,33d455b839eb4eb41e36f7f128b9ea879d10b789d20b0537f648ead39cc64bbf,WRITING_ARCHITECT.zip!WRITING_ARCHITECT/Module writing.zip!Module writing/WRITING_SYSTEM.zip!WRITING_SYSTEM/STORY_SYSTEM/META_INTRUSION_REWRITE_RULES.docx | WRITING_ARCHITECT.zip!WRITING_ARCHITECT/Module writing/WRITING_SYSTEM.zip!WRITING_SYSTEM/STORY_SYSTEM/META_INTRUSION_REWRITE_RULES.docx | WRITING_ARCHITECT.zip!WRITING_ARCHITECT/Module writing/WRITING_SYSTEM/STORY_SYSTEM/META_INTRUSION_REWRITE_RULES.docx
3,37333,docx,b399dcfcbeb40128d7928258d385b20f8026ef0a19199aee36b52ffa5bfa96ab,WRITING_ARCHITECT.zip!WRITING_ARCHITECT/Module writing.zip!Module writing/WRITING_SYSTEM.zip!WRITING_SYSTEM/RELIABILITY_LAYER/REGRESSION_TEST_PACKS.docx | WRITING_ARCHITECT.zip!WRITING_ARCHITECT/Module writing/WRITING_SYSTEM.zip!WRITING_SYSTEM/RELIABILITY_LAYER/REGRESSION_TEST_PACKS.docx | WRITING_ARCHITECT.zip!WRITING_ARCHITECT/Module writing/WRITING_SYSTEM/RELIABILITY_LAYER/REGRESSION_TEST_PACKS.docx
3,37326,docx,9ba9eefe08f2280673c61089a0362a2b38b8767cf4d9c3536773b1955e434b11,WRITING_ARCHITECT.zip!WRITING_ARCHITECT/Module writing.zip!Module writing/WRITING_SYSTEM.zip!WRITING_SYSTEM/STORY_SYSTEM/CHAPTER_BLUEPRINT_VALIDATION__1.docx | WRITING_ARCHITECT.zip!WRITING_ARCHITECT/Module writing/WRITING_SYSTEM.zip!WRITING_SYSTEM/STORY_SYSTEM/CHAPTER_BLUEPRINT_VALIDATION__1.docx | WRITING_ARCHITECT.zip!WRITING_ARCHITECT/Module writing/WRITING_SYSTEM/STORY_SYSTEM/CHAPTER_BLUEPRINT_VALIDATION__1.docx
3,37314,docx,a51201ed54db877ada507e7ef58a6509eae07ff34356ebd4603f1dcace1370f2,WRITING_ARCHITECT.zip!WRITING_ARCHITECT/Module writing.zip!Module writing/WRITING_SYSTEM.zip!WRITING_SYSTEM/RELIABILITY_LAYER/CONTEXT_BUDGET_CONTROLLER.docx | WRITING_ARCHITECT.zip!WRITING_ARCHITECT/Module writing/WRITING_SYSTEM.zip!WRITING_SYSTEM/RELIABILITY_LAYER/CONTEXT_BUDGET_CONTROLLER.docx | WRITING_ARCHITECT.zip!WRITING_ARCHITECT/Module writing/WRITING_SYSTEM/RELIABILITY_LAYER/CONTEXT_BUDGET_CONTROLLER.docx
3,37301,docx,75119dc6d605f54bcb8b0707d01aea11e9c737f5cf47532437b2f663aef1e0cd,WRITING_ARCHITECT.zip!WRITING_ARCHITECT/Module writing.zip!Module writing/WRITING_SYSTEM.zip!WRITING_SYSTEM/RUNTIME/runtime_live_validation_protocol.docx | WRITING_ARCHITECT.zip!WRITING_ARCHITECT/Module writing/WRITING_SYSTEM.zip!WRITING_SYSTEM/RUNTIME/runtime_live_validation_protocol.docx | WRITING_ARCHITECT.zip!WRITING_ARCHITECT/Module writing/WRITING_SYSTEM/RUNTIME/runtime_live_validation_protocol.docx
3,37278,docx,fbd980800938db019b4b53354247ef121c66717503fdb6680af9a084d3d8beab,WRITING_ARCHITECT.zip!WRITING_ARCHITECT/Module writing.zip!Module writing/WRITING_SYSTEM.zip!WRITING_SYSTEM/RELIABILITY_LAYER/ARTIFACT_FINGERPRINT_LAYER.docx | WRITING_ARCHITECT.zip!WRITING_ARCHITECT/Module writing/WRITING_SYSTEM.zip!WRITING_SYSTEM/RELIABILITY_LAYER/ARTIFACT_FINGERPRINT_LAYER.docx | WRITING_ARCHITECT.zip!WRITING_ARCHITECT/Module writing/WRITING_SYSTEM/RELIABILITY_LAYER/ARTIFACT_FINGERPRINT_LAYER.docx
3,37238,docx,11b87d4c6f6299a1228f7749f9dbfdf23703eddfa05ff3ccba2e8c7f3c4e8ca9,WRITING_ARCHITECT.zip!WRITING_ARCHITECT/Module writing.zip!Module writing/WRITING_SYSTEM.zip!WRITING_SYSTEM/STORY_SYSTEM/CHAPTER_CONTINUITY_LINK_MAP__1.docx | WRITING_ARCHITECT.zip!WRITING_ARCHITECT/Module writing/WRITING_SYSTEM.zip!WRITING_SYSTEM/STORY_SYSTEM/CHAPTER_CONTINUITY_LINK_MAP__1.docx | WRITING_ARCHITECT.zip!WRITING_ARCHITECT/Module writing/WRITING_SYSTEM/STORY_SYSTEM/CHAPTER_CONTINUITY_LINK_MAP__1.docx
3,37234,docx,94f73daf99739bc0d22d3971dfe3d21af45988fdba677be5ece9876e1bff7bda,WRITING_ARCHITECT.zip!WRITING_ARCHITECT/Module writing.zip!Module writing/WRITING_SYSTEM.zip!WRITING_SYSTEM/STORY_SYSTEM/PATCH_SOURCE_LOCK_RULES.docx | WRITING_ARCHITECT.zip!WRITING_ARCHITECT/Module writing/WRITING_SYSTEM.zip!WRITING_SYSTEM/STORY_SYSTEM/PATCH_SOURCE_LOCK_RULES.docx | WRITING_ARCHITECT.zip!WRITING_ARCHITECT/Module writing/WRITING_SYSTEM/STORY_SYSTEM/PATCH_SOURCE_LOCK_RULES.docx
3,37229,docx,ce3532400b08270cf1e60204f5c6701b6858481d3461507e77133dd2778ee103,WRITING_ARCHITECT.zip!WRITING_ARCHITECT/Module writing.zip!Module writing/WRITING_SYSTEM.zip!WRITING_SYSTEM/STORY_SYSTEM/CHAPTER_BLUEPRINT_SCHEMA__1.docx | WRITING_ARCHITECT.zip!WRITING_ARCHITECT/Module writing/WRITING_SYSTEM.zip!WRITING_SYSTEM/STORY_SYSTEM/CHAPTER_BLUEPRINT_SCHEMA__1.docx | WRITING_ARCHITECT.zip!WRITING_ARCHITECT/Module writing/WRITING_SYSTEM/STORY_SYSTEM/CHAPTER_BLUEPRINT_SCHEMA__1.docx
3,37197,docx,6d59a60701a1047969013bc390c53e30554e95395f2bf21ea7b1ea6bb5396538,WRITING_ARCHITECT.zip!WRITING_ARCHITECT/Module writing.zip!Module writing/WRITING_SYSTEM.zip!WRITING_SYSTEM/STORY_SYSTEM/META_INTEGRITY_CONTROL_LAYER.docx | WRITING_ARCHITECT.zip!WRITING_ARCHITECT/Module writing/WRITING_SYSTEM.zip!WRITING_SYSTEM/STORY_SYSTEM/META_INTEGRITY_CONTROL_LAYER.docx | WRITING_ARCHITECT.zip!WRITING_ARCHITECT/Module writing/WRITING_SYSTEM/STORY_SYSTEM/META_INTEGRITY_CONTROL_LAYER.docx
3,37175,docx,8772573f9cb3fb192b6d2917f2d3e83112c43b5dd4bdb9093374cf35b13eb726,WRITING_ARCHITECT.zip!WRITING_ARCHITECT/Module writing.zip!Module writing/WRITING_SYSTEM.zip!WRITING_SYSTEM/STORY_SYSTEM/INTEGRITY_LAYER_INTEGRATION_RULES.docx | WRITING_ARCHITECT.zip!WRITING_ARCHITECT/Module writing/WRITING_SYSTEM.zip!WRITING_SYSTEM/STORY_SYSTEM/INTEGRITY_LAYER_INTEGRATION_RULES.docx | WRITING_ARCHITECT.zip!WRITING_ARCHITECT/Module writing/WRITING_SYSTEM/STORY_SYSTEM/INTEGRITY_LAYER_INTEGRATION_RULES.docx
3,37169,docx,2a2c268ef36a057cc2e2848bbcb00a99b61a5c51c28a64fb63f28b041baedabe,WRITING_ARCHITECT.zip!WRITING_ARCHITECT/Module writing.zip!Module writing/WRITING_SYSTEM.zip!WRITING_SYSTEM/RUNTIME/schema_trace_and_checkpoint.docx | WRITING_ARCHITECT.zip!WRITING_ARCHITECT/Module writing/WRITING_SYSTEM.zip!WRITING_SYSTEM/RUNTIME/schema_trace_and_checkpoint.docx | WRITING_ARCHITECT.zip!WRITING_ARCHITECT/Module writing/WRITING_SYSTEM/RUNTIME/schema_trace_and_checkpoint.docx
3,37167,docx,f428b03d5e16fb3a68bfea446841fe8612eadc86e24d1d285c25b34c0fc32558,WRITING_ARCHITECT.zip!WRITING_ARCHITECT/Module writing.zip!Module writing/WRITING_SYSTEM.zip!WRITING_SYSTEM/RUNTIME/runtime_parity_verification_policy.docx | WRITING_ARCHITECT.zip!WRITING_ARCHITECT/Module writing/WRITING_SYSTEM.zip!WRITING_SYSTEM/RUNTIME/runtime_parity_verification_policy.docx | WRITING_ARCHITECT.zip!WRITING_ARCHITECT/Module writing/WRITING_SYSTEM/RUNTIME/runtime_parity_verification_policy.docx
3,37150,docx,eb3f1ef1eaa2aeb00ecf83d9a283b4682d64fff8a9dc2a12b60147f019d81f1e,WRITING_ARCHITECT.zip!WRITING_ARCHITECT/Module writing.zip!Module writing/WRITING_SYSTEM.zip!WRITING_SYSTEM/RUNTIME/schema_eval_and_promotion.docx | WRITING_ARCHITECT.zip!WRITING_ARCHITECT/Module writing/WRITING_SYSTEM.zip!WRITING_SYSTEM/RUNTIME/schema_eval_and_promotion.docx | WRITING_ARCHITECT.zip!WRITING_ARCHITECT/Module writing/WRITING_SYSTEM/RUNTIME/schema_eval_and_promotion.docx
3,37142,docx,9f2b86d927848f65082a0b12a22b7dae90090def37266e3200ffa753655b089b,WRITING_ARCHITECT.zip!WRITING_ARCHITECT/Module writing.zip!Module writing/WRITING_SYSTEM.zip!WRITING_SYSTEM/STORY_SYSTEM/STORY_BIBLE_VALIDATION_RULES__1.docx | WRITING_ARCHITECT.zip!WRITING_ARCHITECT/Module writing/WRITING_SYSTEM.zip!WRITING_SYSTEM/STORY_SYSTEM/STORY_BIBLE_VALIDATION_RULES__1.docx | WRITING_ARCHITECT.zip!WRITING_ARCHITECT/Module writing/WRITING_SYSTEM/STORY_SYSTEM/STORY_BIBLE_VALIDATION_RULES__1.docx
3,37120,docx,8486efaad8cb0bce2483664aff0e73aa724b9dd5b736ec393be36fb93cbf453c,WRITING_ARCHITECT.zip!WRITING_ARCHITECT/Module writing.zip!Module writing/WRITING_SYSTEM.zip!WRITING_SYSTEM/RUNTIME/runtime_go_no_go_rules.docx | WRITING_ARCHITECT.zip!WRITING_ARCHITECT/Module writing/WRITING_SYSTEM.zip!WRITING_SYSTEM/RUNTIME/runtime_go_no_go_rules.docx | WRITING_ARCHITECT.zip!WRITING_ARCHITECT/Module writing/WRITING_SYSTEM/RUNTIME/runtime_go_no_go_rules.docx
3,37097,docx,d411bcf968613c4ef29a0b5071e7765294a1a5578b0b3a1485a77da99742a1ef,WRITING_ARCHITECT.zip!WRITING_ARCHITECT/Module writing.zip!Module writing/WRITING_SYSTEM.zip!WRITING_SYSTEM/RUNTIME/schema_verdicts_and_authority.docx | WRITING_ARCHITECT.zip!WRITING_ARCHITECT/Module writing/WRITING_SYSTEM.zip!WRITING_SYSTEM/RUNTIME/schema_verdicts_and_authority.docx | WRITING_ARCHITECT.zip!WRITING_ARCHITECT/Module writing/WRITING_SYSTEM/RUNTIME/schema_verdicts_and_authority.docx
3,37087,docx,f7506f3875b3d839b375bfe5e3012f09eec13dd83eb17609b65202f6f963144f,WRITING_ARCHITECT.zip!WRITING_ARCHITECT/Module writing.zip!Module writing/WRITING_SYSTEM.zip!WRITING_SYSTEM/RELIABILITY_LAYER/EVALUATION_GATE_LAYER.docx | WRITING_ARCHITECT.zip!WRITING_ARCHITECT/Module writing/WRITING_SYSTEM.zip!WRITING_SYSTEM/RELIABILITY_LAYER/EVALUATION_GATE_LAYER.docx | WRITING_ARCHITECT.zip!WRITING_ARCHITECT/Module writing/WRITING_SYSTEM/RELIABILITY_LAYER/EVALUATION_GATE_LAYER.docx
3,37003,docx,e7dd85beb39a1249059026b3a0d0073ea5bf41739c7f7dad4f514d9366a7b7a5,WRITING_ARCHITECT.zip!WRITING_ARCHITECT/Module writing.zip!Module writing/WRITING_SYSTEM.zip!WRITING_SYSTEM/RUNTIME/schema_engine_contracts.docx | WRITING_ARCHITECT.zip!WRITING_ARCHITECT/Module writing/WRITING_SYSTEM.zip!WRITING_SYSTEM/RUNTIME/schema_engine_contracts.docx | WRITING_ARCHITECT.zip!WRITING_ARCHITECT/Module writing/WRITING_SYSTEM/RUNTIME/schema_engine_contracts.docx
3,36956,docx,13beea99c648c98dc6353425c2a7c70cdb7071f0218c80f014e1cf9982753f8a,WRITING_ARCHITECT.zip!WRITING_ARCHITECT/Module writing.zip!Module writing/WRITING_SYSTEM.zip!WRITING_SYSTEM/RUNTIME/runtime_failure_injection_map.docx | WRITING_ARCHITECT.zip!WRITING_ARCHITECT/Module writing/WRITING_SYSTEM.zip!WRITING_SYSTEM/RUNTIME/runtime_failure_injection_map.docx | WRITING_ARCHITECT.zip!WRITING_ARCHITECT/Module writing/WRITING_SYSTEM/RUNTIME/runtime_failure_injection_map.docx
3,36949,docx,a9bcbd03b2cf5c3e2a428faa647a9c4c83e6ad66799d5fe6f0ae870445585c30,WRITING_ARCHITECT.zip!WRITING_ARCHITECT/Module writing.zip!Module writing/WRITING_SYSTEM.zip!WRITING_SYSTEM/STORY_SYSTEM/HARD_ENFORCEMENT_LAYER.docx | WRITING_ARCHITECT.zip!WRITING_ARCHITECT/Module writing/WRITING_SYSTEM.zip!WRITING_SYSTEM/STORY_SYSTEM/HARD_ENFORCEMENT_LAYER.docx | WRITING_ARCHITECT.zip!WRITING_ARCHITECT/Module writing/WRITING_SYSTEM/STORY_SYSTEM/HARD_ENFORCEMENT_LAYER.docx
3,36935,docx,1c40558240bf8697f587ea4224bb8637b7b570f90a6bcb134ae56b6009840412,WRITING_ARCHITECT.zip!WRITING_ARCHITECT/Module writing.zip!Module writing/WRITING_SYSTEM.zip!WRITING_SYSTEM/ENGINE/ENGINE_11_STRUCTURAL_ENFORCEMENT__1.docx | WRITING_ARCHITECT.zip!WRITING_ARCHITECT/Module writing/WRITING_SYSTEM.zip!WRITING_SYSTEM/ENGINE/ENGINE_11_STRUCTURAL_ENFORCEMENT__1.docx | WRITING_ARCHITECT.zip!WRITING_ARCHITECT/Module writing/WRITING_SYSTEM/ENGINE/ENGINE_11_STRUCTURAL_ENFORCEMENT__1.docx
3,36932,docx,b83449cdd17e5ccf7431197a5d7a073c0b33cac0d3428acf10855a5344ecb1d5,WRITING_ARCHITECT.zip!WRITING_ARCHITECT/Module writing.zip!Module writing/WRITING_SYSTEM.zip!WRITING_SYSTEM/ENGINE/ENGINE_17_THEME_INTEGRITY__1.docx | WRITING_ARCHITECT.zip!WRITING_ARCHITECT/Module writing/WRITING_SYSTEM.zip!WRITING_SYSTEM/ENGINE/ENGINE_17_THEME_INTEGRITY__1.docx | WRITING_ARCHITECT.zip!WRITING_ARCHITECT/Module writing/WRITING_SYSTEM/ENGINE/ENGINE_17_THEME_INTEGRITY__1.docx
3,36923,docx,a3ff8bc8aff9f757a4db0beb4de472c392ef239b75febd8fcd4f425c8f225ddb,WRITING_ARCHITECT.zip!WRITING_ARCHITECT/Module writing.zip!Module writing/WRITING_SYSTEM.zip!WRITING_SYSTEM/RUNTIME/schema_shadow_mode_run_records.docx | WRITING_ARCHITECT.zip!WRITING_ARCHITECT/Module writing/WRITING_SYSTEM.zip!WRITING_SYSTEM/RUNTIME/schema_shadow_mode_run_records.docx | WRITING_ARCHITECT.zip!WRITING_ARCHITECT/Module writing/WRITING_SYSTEM/RUNTIME/schema_shadow_mode_run_records.docx
3,36919,docx,5ebe1b8458c7418af7e666a324d2947c5bae1e19faa0658c8d05c88577f74e97,WRITING_ARCHITECT.zip!WRITING_ARCHITECT/Module writing.zip!Module writing/WRITING_SYSTEM.zip!WRITING_SYSTEM/RUNTIME/schema_runtime_checkpoint_records.docx | WRITING_ARCHITECT.zip!WRITING_ARCHITECT/Module writing/WRITING_SYSTEM.zip!WRITING_SYSTEM/RUNTIME/schema_runtime_checkpoint_records.docx | WRITING_ARCHITECT.zip!WRITING_ARCHITECT/Module writing/WRITING_SYSTEM/RUNTIME/schema_runtime_checkpoint_records.docx
3,36918,docx,4b738dd92c90210f5cd6256a6eb0f955d043c152f708297ce4c5f5474ab59981,WRITING_ARCHITECT.zip!WRITING_ARCHITECT/Module writing.zip!Module writing/WRITING_SYSTEM.zip!WRITING_SYSTEM/RUNTIME/runtime_engine_equivalence_matrix.docx | WRITING_ARCHITECT.zip!WRITING_ARCHITECT/Module writing/WRITING_SYSTEM.zip!WRITING_SYSTEM/RUNTIME/runtime_engine_equivalence_matrix.docx | WRITING_ARCHITECT.zip!WRITING_ARCHITECT/Module writing/WRITING_SYSTEM/RUNTIME/runtime_engine_equivalence_matrix.docx
3,36915,docx,fb50727a8bf6e3465c3de9ad41135fc2caec0eaf08979564a298ea00e0c6fbb4,WRITING_ARCHITECT.zip!WRITING_ARCHITECT/Module writing.zip!Module writing/WRITING_SYSTEM.zip!WRITING_SYSTEM/RUNTIME/schema_observability_summary_records.docx | WRITING_ARCHITECT.zip!WRITING_ARCHITECT/Module writing/WRITING_SYSTEM.zip!WRITING_SYSTEM/RUNTIME/schema_observability_summary_records.docx | WRITING_ARCHITECT.zip!WRITING_ARCHITECT/Module writing/WRITING_SYSTEM/RUNTIME/schema_observability_summary_records.docx
3,36914,docx,f834c0f9ea918093c7b70e36a911cf527577fceb6a823386417c89e6e9c9c487,WRITING_ARCHITECT.zip!WRITING_ARCHITECT/Module writing.zip!Module writing/WRITING_SYSTEM.zip!WRITING_SYSTEM/RUNTIME/schema_approval_decision_records.docx | WRITING_ARCHITECT.zip!WRITING_ARCHITECT/Module writing/WRITING_SYSTEM.zip!WRITING_SYSTEM/RUNTIME/schema_approval_decision_records.docx | WRITING_ARCHITECT.zip!WRITING_ARCHITECT/Module writing/WRITING_SYSTEM/RUNTIME/schema_approval_decision_records.docx
3,36912,docx,505fe3c315c07e4b5951095ff2a648625d098b8389625654727a631a1f43186b,WRITING_ARCHITECT.zip!WRITING_ARCHITECT/Module writing.zip!Module writing/WRITING_SYSTEM.zip!WRITING_SYSTEM/RUNTIME/schema_approval_trace_records.docx | WRITING_ARCHITECT.zip!WRITING_ARCHITECT/Module writing/WRITING_SYSTEM.zip!WRITING_SYSTEM/RUNTIME/schema_approval_trace_records.docx | WRITING_ARCHITECT.zip!WRITING_ARCHITECT/Module writing/WRITING_SYSTEM/RUNTIME/schema_approval_trace_records.docx
3,36911,docx,ca7eeaef92635d91414931ad4258ef8291ec359a15b6c00024405ee00e275337,WRITING_ARCHITECT.zip!WRITING_ARCHITECT/Module writing.zip!Module writing/WRITING_SYSTEM.zip!WRITING_SYSTEM/RUNTIME/schema_runtime_trace_records.docx | WRITING_ARCHITECT.zip!WRITING_ARCHITECT/Module writing/WRITING_SYSTEM.zip!WRITING_SYSTEM/RUNTIME/schema_runtime_trace_records.docx | WRITING_ARCHITECT.zip!WRITING_ARCHITECT/Module writing/WRITING_SYSTEM/RUNTIME/schema_runtime_trace_records.docx
3,36908,docx,a614efb523447d36f158e9da3181c22a9f85d5c02bb811df21618fe70c467b81,WRITING_ARCHITECT.zip!WRITING_ARCHITECT/Module writing.zip!Module writing/WRITING_SYSTEM.zip!WRITING_SYSTEM/RUNTIME/runtime_activation_readiness_matrix.docx | WRITING_ARCHITECT.zip!WRITING_ARCHITECT/Module writing/WRITING_SYSTEM.zip!WRITING_SYSTEM/RUNTIME/runtime_activation_readiness_matrix.docx | WRITING_ARCHITECT.zip!WRITING_ARCHITECT/Module writing/WRITING_SYSTEM/RUNTIME/runtime_activation_readiness_matrix.docx
3,36906,docx,c6999efa84fbe0eb4429a4613149ecc05a8b807df3da9b5380ff6efd313e8047,WRITING_ARCHITECT.zip!WRITING_ARCHITECT/Module writing.zip!Module writing/WRITING_SYSTEM.zip!WRITING_SYSTEM/RUNTIME/schema_promotion_control_records.docx | WRITING_ARCHITECT.zip!WRITING_ARCHITECT/Module writing/WRITING_SYSTEM.zip!WRITING_SYSTEM/RUNTIME/schema_promotion_control_records.docx | WRITING_ARCHITECT.zip!WRITING_ARCHITECT/Module writing/WRITING_SYSTEM/RUNTIME/schema_promotion_control_records.docx
3,36906,docx,434fc305ffcbf31fa7759884095e80e203c9ad5b77f4aa36208d3e2f52f81a5e,WRITING_ARCHITECT.zip!WRITING_ARCHITECT/Module writing.zip!Module writing/WRITING_SYSTEM.zip!WRITING_SYSTEM/RUNTIME/schema_failure_state_records.docx | WRITING_ARCHITECT.zip!WRITING_ARCHITECT/Module writing/WRITING_SYSTEM.zip!WRITING_SYSTEM/RUNTIME/schema_failure_state_records.docx | WRITING_ARCHITECT.zip!WRITING_ARCHITECT/Module writing/WRITING_SYSTEM/RUNTIME/schema_failure_state_records.docx
3,36905,docx,013635f3a9ac2ac5a9df6c2f9c38b9826b1fa39e208ce989ea46e709a370c31a,WRITING_ARCHITECT.zip!WRITING_ARCHITECT/Module writing.zip!Module writing/WRITING_SYSTEM.zip!WRITING_SYSTEM/RUNTIME/schema_baseline_state_records.docx | WRITING_ARCHITECT.zip!WRITING_ARCHITECT/Module writing/WRITING_SYSTEM.zip!WRITING_SYSTEM/RUNTIME/schema_baseline_state_records.docx | WRITING_ARCHITECT.zip!WRITING_ARCHITECT/Module writing/WRITING_SYSTEM/RUNTIME/schema_baseline_state_records.docx
3,36904,docx,1ea2b070ef4db288965389bdac509880f8e938bc3fc6bdb1541a7f808aa6c0cc,WRITING_ARCHITECT.zip!WRITING_ARCHITECT/Module writing.zip!Module writing/WRITING_SYSTEM.zip!WRITING_SYSTEM/RUNTIME/schema_failure_observation_records.docx | WRITING_ARCHITECT.zip!WRITING_ARCHITECT/Module writing/WRITING_SYSTEM.zip!WRITING_SYSTEM/RUNTIME/schema_failure_observation_records.docx | WRITING_ARCHITECT.zip!WRITING_ARCHITECT/Module writing/WRITING_SYSTEM/RUNTIME/schema_failure_observation_records.docx
3,36900,docx,e22ace4706fb90ad95813222660dabc203cdb5fe66c95f1eb9f478817828539e,WRITING_ARCHITECT.zip!WRITING_ARCHITECT/Module writing.zip!Module writing/WRITING_SYSTEM.zip!WRITING_SYSTEM/ENGINE/ENGINE_15_SCENE_PURPOSE__1.docx | WRITING_ARCHITECT.zip!WRITING_ARCHITECT/Module writing/WRITING_SYSTEM.zip!WRITING_SYSTEM/ENGINE/ENGINE_15_SCENE_PURPOSE__1.docx | WRITING_ARCHITECT.zip!WRITING_ARCHITECT/Module writing/WRITING_SYSTEM/ENGINE/ENGINE_15_SCENE_PURPOSE__1.docx
3,36899,docx,cdb4111eef8c37a107363feffb8769c1e4091a53bd9c92f1d57609cc0e481d8e,WRITING_ARCHITECT.zip!WRITING_ARCHITECT/Module writing.zip!Module writing/WRITING_SYSTEM.zip!WRITING_SYSTEM/RUNTIME/schema_override_control_records.docx | WRITING_ARCHITECT.zip!WRITING_ARCHITECT/Module writing/WRITING_SYSTEM.zip!WRITING_SYSTEM/RUNTIME/schema_override_control_records.docx | WRITING_ARCHITECT.zip!WRITING_ARCHITECT/Module writing/WRITING_SYSTEM/RUNTIME/schema_override_control_records.docx
3,36896,docx,018134d2f612749fdaeba4f32d3905f873eca7de2a36b7aecc27f66e83306cd6,WRITING_ARCHITECT.zip!WRITING_ARCHITECT/Module writing.zip!Module writing/WRITING_SYSTEM.zip!WRITING_SYSTEM/RUNTIME/schema_handoff_trace_records.docx | WRITING_ARCHITECT.zip!WRITING_ARCHITECT/Module writing/WRITING_SYSTEM.zip!WRITING_SYSTEM/RUNTIME/schema_handoff_trace_records.docx | WRITING_ARCHITECT.zip!WRITING_ARCHITECT/Module writing/WRITING_SYSTEM/RUNTIME/schema_handoff_trace_records.docx
3,36893,docx,89b1ba40be79abcdcc9a757f9972aa7697d5045c23a88d388491ea0240d21a2b,WRITING_ARCHITECT.zip!WRITING_ARCHITECT/Module writing.zip!Module writing/WRITING_SYSTEM.zip!WRITING_SYSTEM/RUNTIME/schema_runtime_replay_records.docx | WRITING_ARCHITECT.zip!WRITING_ARCHITECT/Module writing/WRITING_SYSTEM.zip!WRITING_SYSTEM/RUNTIME/schema_runtime_replay_records.docx | WRITING_ARCHITECT.zip!WRITING_ARCHITECT/Module writing/WRITING_SYSTEM/RUNTIME/schema_runtime_replay_records.docx
3,36892,docx,a5ce61b294f7de395737b14005ddec5555dbdf58652810089b778b32ac7ee931,WRITING_ARCHITECT.zip!WRITING_ARCHITECT/Module writing.zip!Module writing/WRITING_SYSTEM.zip!WRITING_SYSTEM/RUNTIME/schema_trace_event_records.docx | WRITING_ARCHITECT.zip!WRITING_ARCHITECT/Module writing/WRITING_SYSTEM.zip!WRITING_SYSTEM/RUNTIME/schema_trace_event_records.docx | WRITING_ARCHITECT.zip!WRITING_ARCHITECT/Module writing/WRITING_SYSTEM/RUNTIME/schema_trace_event_records.docx
3,36891,docx,706416a8e371d09c880742419f60a93c8c35162514805fb9200aec0461c99b85,WRITING_ARCHITECT.zip!WRITING_ARCHITECT/Module writing.zip!Module writing/WRITING_SYSTEM.zip!WRITING_SYSTEM/RUNTIME/schema_rollback_records.docx | WRITING_ARCHITECT.zip!WRITING_ARCHITECT/Module writing/WRITING_SYSTEM.zip!WRITING_SYSTEM/RUNTIME/schema_rollback_records.docx | WRITING_ARCHITECT.zip!WRITING_ARCHITECT/Module writing/WRITING_SYSTEM/RUNTIME/schema_rollback_records.docx
3,36878,docx,c65c534a3413a51e942bc68739b349f8742136b4b6fd9df5702f7a75e3fc3f32,WRITING_ARCHITECT.zip!WRITING_ARCHITECT/Module writing.zip!Module writing/WRITING_SYSTEM.zip!WRITING_SYSTEM/ENGINE/ENGINE_13_PRESSURE_CURVE__1.docx | WRITING_ARCHITECT.zip!WRITING_ARCHITECT/Module writing/WRITING_SYSTEM.zip!WRITING_SYSTEM/ENGINE/ENGINE_13_PRESSURE_CURVE__1.docx | WRITING_ARCHITECT.zip!WRITING_ARCHITECT/Module writing/WRITING_SYSTEM/ENGINE/ENGINE_13_PRESSURE_CURVE__1.docx
3,36872,docx,0611240b32394016e7604d381e6be7752b33a565b8e20609fb05c6ffda6cbdff,WRITING_ARCHITECT.zip!WRITING_ARCHITECT/Module writing.zip!Module writing/WRITING_SYSTEM.zip!WRITING_SYSTEM/RUNTIME/runtime_equivalence_test_map.docx | WRITING_ARCHITECT.zip!WRITING_ARCHITECT/Module writing/WRITING_SYSTEM.zip!WRITING_SYSTEM/RUNTIME/runtime_equivalence_test_map.docx | WRITING_ARCHITECT.zip!WRITING_ARCHITECT/Module writing/WRITING_SYSTEM/RUNTIME/runtime_equivalence_test_map.docx
3,36870,docx,2ed290adcab6f41e5ef19d0cac731568e979a781f2369d690b02a77bd1aa19c6,WRITING_ARCHITECT.zip!WRITING_ARCHITECT/Module writing.zip!Module writing/WRITING_SYSTEM.zip!WRITING_SYSTEM/ENGINE/ENGINE_16_STORY_MOMENTUM__1.docx | WRITING_ARCHITECT.zip!WRITING_ARCHITECT/Module writing/WRITING_SYSTEM.zip!WRITING_SYSTEM/ENGINE/ENGINE_16_STORY_MOMENTUM__1.docx | WRITING_ARCHITECT.zip!WRITING_ARCHITECT/Module writing/WRITING_SYSTEM/ENGINE/ENGINE_16_STORY_MOMENTUM__1.docx
3,36846,docx,7f026696a56f5e78d9864e0fa5d518c1613385814caef88077ad285a7d8e93f0,WRITING_ARCHITECT.zip!WRITING_ARCHITECT/Module writing.zip!Module writing/WRITING_SYSTEM.zip!WRITING_SYSTEM/RUNTIME/runtime_overlay_activation_gate.docx | WRITING_ARCHITECT.zip!WRITING_ARCHITECT/Module writing/WRITING_SYSTEM.zip!WRITING_SYSTEM/RUNTIME/runtime_overlay_activation_gate.docx | WRITING_ARCHITECT.zip!WRITING_ARCHITECT/Module writing/WRITING_SYSTEM/RUNTIME/runtime_overlay_activation_gate.docx
3,36844,docx,52d9243f6d6c9e437b19d0fc675407187c69356f51957a0344cdcd5e50501b56,WRITING_ARCHITECT.zip!WRITING_ARCHITECT/Module writing.zip!Module writing/WRITING_SYSTEM.zip!WRITING_SYSTEM/RUNTIME/runtime_phase7_activation_status.docx | WRITING_ARCHITECT.zip!WRITING_ARCHITECT/Module writing/WRITING_SYSTEM.zip!WRITING_SYSTEM/RUNTIME/runtime_phase7_activation_status.docx | WRITING_ARCHITECT.zip!WRITING_ARCHITECT/Module writing/WRITING_SYSTEM/RUNTIME/runtime_phase7_activation_status.docx
3,36841,docx,0d30c076932b8cc44a90f4b796f0de7c56660af3fd54908d87d287b81d852810,WRITING_ARCHITECT.zip!WRITING_ARCHITECT/Module writing.zip!Module writing/WRITING_SYSTEM.zip!WRITING_SYSTEM/RUNTIME/runtime_law_preservation_checklist.docx | WRITING_ARCHITECT.zip!WRITING_ARCHITECT/Module writing/WRITING_SYSTEM.zip!WRITING_SYSTEM/RUNTIME/runtime_law_preservation_checklist.docx | WRITING_ARCHITECT.zip!WRITING_ARCHITECT/Module writing/WRITING_SYSTEM/RUNTIME/runtime_law_preservation_checklist.docx
3,36837,docx,fdc5b72872347a1d84c226b3673b8f377bfb9b778dba362221e822f75e85388e,WRITING_ARCHITECT.zip!WRITING_ARCHITECT/Module writing.zip!Module writing/WRITING_SYSTEM.zip!WRITING_SYSTEM/RUNTIME/runtime_phase6_parity_status.docx | WRITING_ARCHITECT.zip!WRITING_ARCHITECT/Module writing/WRITING_SYSTEM.zip!WRITING_SYSTEM/RUNTIME/runtime_phase6_parity_status.docx | WRITING_ARCHITECT.zip!WRITING_ARCHITECT/Module writing/WRITING_SYSTEM/RUNTIME/runtime_phase6_parity_status.docx
3,36827,docx,d147f820de24d61bf5e6b6ea1c49da6f54995a501d4da239c39ea2038fb690da,WRITING_ARCHITECT.zip!WRITING_ARCHITECT/Module writing.zip!Module writing/WRITING_SYSTEM.zip!WRITING_SYSTEM/STORY_SYSTEM/PRESSURE_DENSITY_LOCK.docx | WRITING_ARCHITECT.zip!WRITING_ARCHITECT/Module writing/WRITING_SYSTEM.zip!WRITING_SYSTEM/STORY_SYSTEM/PRESSURE_DENSITY_LOCK.docx | WRITING_ARCHITECT.zip!WRITING_ARCHITECT/Module writing/WRITING_SYSTEM/STORY_SYSTEM/PRESSURE_DENSITY_LOCK.docx
3,36820,docx,e9f1e4c876d03da239fa59b0707b8563a06c44b5ebc2948fc68be871cf86804b,WRITING_ARCHITECT.zip!WRITING_ARCHITECT/Module writing.zip!Module writing/WRITING_SYSTEM.zip!WRITING_SYSTEM/STORY_SYSTEM/ENFORCEMENT_INTEGRATION_RULES.docx | WRITING_ARCHITECT.zip!WRITING_ARCHITECT/Module writing/WRITING_SYSTEM.zip!WRITING_SYSTEM/STORY_SYSTEM/ENFORCEMENT_INTEGRATION_RULES.docx | WRITING_ARCHITECT.zip!WRITING_ARCHITECT/Module writing/WRITING_SYSTEM/STORY_SYSTEM/ENFORCEMENT_INTEGRATION_RULES.docx
3,36768,docx,7e35c9ac76b39ad95d09b9704dd4daaa72765dda98b646051198eb2cc6690cbb,WRITING_ARCHITECT.zip!WRITING_ARCHITECT/Module writing.zip!Module writing/WRITING_SYSTEM.zip!WRITING_SYSTEM/STORY_SYSTEM/POV_INTERPRETATION_LOCK.docx | WRITING_ARCHITECT.zip!WRITING_ARCHITECT/Module writing/WRITING_SYSTEM.zip!WRITING_SYSTEM/STORY_SYSTEM/POV_INTERPRETATION_LOCK.docx | WRITING_ARCHITECT.zip!WRITING_ARCHITECT/Module writing/WRITING_SYSTEM/STORY_SYSTEM/POV_INTERPRETATION_LOCK.docx
3,36766,docx,94fdc10dcd90336d6412ac59bacde021ee9afd33f1814a8588fd85ecc5967ec5,WRITING_ARCHITECT.zip!WRITING_ARCHITECT/Module writing.zip!Module writing/WRITING_SYSTEM.zip!WRITING_SYSTEM/STORY_SYSTEM/MIDPOINT_PIVOT_RULE.docx | WRITING_ARCHITECT.zip!WRITING_ARCHITECT/Module writing/WRITING_SYSTEM.zip!WRITING_SYSTEM/STORY_SYSTEM/MIDPOINT_PIVOT_RULE.docx | WRITING_ARCHITECT.zip!WRITING_ARCHITECT/Module writing/WRITING_SYSTEM/STORY_SYSTEM/MIDPOINT_PIVOT_RULE.docx
3,36764,docx,1f0ee3803ccb187d20667aa5911283fb18f0f9aff7e58430d3ca18750e47fa2b,WRITING_ARCHITECT.zip!WRITING_ARCHITECT/Module writing.zip!Module writing/WRITING_SYSTEM.zip!WRITING_SYSTEM/RUNTIME/schema_live_validation_run_records.docx | WRITING_ARCHITECT.zip!WRITING_ARCHITECT/Module writing/WRITING_SYSTEM.zip!WRITING_SYSTEM/RUNTIME/schema_live_validation_run_records.docx | WRITING_ARCHITECT.zip!WRITING_ARCHITECT/Module writing/WRITING_SYSTEM/RUNTIME/schema_live_validation_run_records.docx
3,36749,docx,b48b53a39884798ff54a502fa921e4b45ef09743d9cee84075d8320468531506,WRITING_ARCHITECT.zip!WRITING_ARCHITECT/Module writing.zip!Module writing/WRITING_SYSTEM.zip!WRITING_SYSTEM/RUNTIME/schema_live_test_scenario_records.docx | WRITING_ARCHITECT.zip!WRITING_ARCHITECT/Module writing/WRITING_SYSTEM.zip!WRITING_SYSTEM/RUNTIME/schema_live_test_scenario_records.docx | WRITING_ARCHITECT.zip!WRITING_ARCHITECT/Module writing/WRITING_SYSTEM/RUNTIME/schema_live_test_scenario_records.docx
3,36748,docx,7d9ee94c88736a80f83600360acd08f84873c142e511cbd20bf8cc6b85966c29,WRITING_ARCHITECT.zip!WRITING_ARCHITECT/Module writing.zip!Module writing/WRITING_SYSTEM.zip!WRITING_SYSTEM/RUNTIME/schema_failure_injection_records.docx | WRITING_ARCHITECT.zip!WRITING_ARCHITECT/Module writing/WRITING_SYSTEM.zip!WRITING_SYSTEM/RUNTIME/schema_failure_injection_records.docx | WRITING_ARCHITECT.zip!WRITING_ARCHITECT/Module writing/WRITING_SYSTEM/RUNTIME/schema_failure_injection_records.docx
3,36746,docx,babf45c62f9156117ac31711eb5f1e9b9576a7970c6f805b14ff939d1521e346,WRITING_ARCHITECT.zip!WRITING_ARCHITECT/Module writing.zip!Module writing/WRITING_SYSTEM.zip!WRITING_SYSTEM/RUNTIME/schema_go_no_go_records.docx | WRITING_ARCHITECT.zip!WRITING_ARCHITECT/Module writing/WRITING_SYSTEM.zip!WRITING_SYSTEM/RUNTIME/schema_go_no_go_records.docx | WRITING_ARCHITECT.zip!WRITING_ARCHITECT/Module writing/WRITING_SYSTEM/RUNTIME/schema_go_no_go_records.docx
3,36742,docx,5d3c012722306b6a02061021aa0f7e97c4ca312d0a1c08452c291213752dbf65,WRITING_ARCHITECT.zip!WRITING_ARCHITECT/Module writing.zip!Module writing/WRITING_SYSTEM.zip!WRITING_SYSTEM/RUNTIME/schema_equivalence_test_records.docx | WRITING_ARCHITECT.zip!WRITING_ARCHITECT/Module writing/WRITING_SYSTEM.zip!WRITING_SYSTEM/RUNTIME/schema_equivalence_test_records.docx | WRITING_ARCHITECT.zip!WRITING_ARCHITECT/Module writing/WRITING_SYSTEM/RUNTIME/schema_equivalence_test_records.docx
3,36741,docx,55b4fa97c1d77b06142bff9c7198c595c57585b221055ce9aa34974428b33fb7,WRITING_ARCHITECT.zip!WRITING_ARCHITECT/Module writing.zip!Module writing/WRITING_SYSTEM.zip!WRITING_SYSTEM/RUNTIME/schema_activation_readiness_records.docx | WRITING_ARCHITECT.zip!WRITING_ARCHITECT/Module writing/WRITING_SYSTEM.zip!WRITING_SYSTEM/RUNTIME/schema_activation_readiness_records.docx | WRITING_ARCHITECT.zip!WRITING_ARCHITECT/Module writing/WRITING_SYSTEM/RUNTIME/schema_activation_readiness_records.docx
3,36737,docx,03c83b1a1cab3d75a5374a47b297dea91714e97f1f28fed55df74972814e34aa,WRITING_ARCHITECT.zip!WRITING_ARCHITECT/Module writing.zip!Module writing/WRITING_SYSTEM.zip!WRITING_SYSTEM/RUNTIME/schema_overlay_activation_gate_records.docx | WRITING_ARCHITECT.zip!WRITING_ARCHITECT/Module writing/WRITING_SYSTEM.zip!WRITING_SYSTEM/RUNTIME/schema_overlay_activation_gate_records.docx | WRITING_ARCHITECT.zip!WRITING_ARCHITECT/Module writing/WRITING_SYSTEM/RUNTIME/schema_overlay_activation_gate_records.docx
3,36730,docx,c4d80add569dd0fb585256a88618612182aa34c0eb0a974c7e36b622676f0b62,WRITING_ARCHITECT.zip!WRITING_ARCHITECT/Module writing.zip!Module writing/WRITING_SYSTEM.zip!WRITING_SYSTEM/RUNTIME/schema_parity_verification_records.docx | WRITING_ARCHITECT.zip!WRITING_ARCHITECT/Module writing/WRITING_SYSTEM.zip!WRITING_SYSTEM/RUNTIME/schema_parity_verification_records.docx | WRITING_ARCHITECT.zip!WRITING_ARCHITECT/Module writing/WRITING_SYSTEM/RUNTIME/schema_parity_verification_records.docx
3,36728,docx,ced16ded046d4f987b26a2770f1c692d9cb0f1f1475b6fdc90ccdc054d0461b5,WRITING_ARCHITECT.zip!WRITING_ARCHITECT/Module writing.zip!Module writing/WRITING_SYSTEM.zip!WRITING_SYSTEM/ENGINE/ENGINE_INDEX__2.docx | WRITING_ARCHITECT.zip!WRITING_ARCHITECT/Module writing/WRITING_SYSTEM.zip!WRITING_SYSTEM/ENGINE/ENGINE_INDEX__2.docx | WRITING_ARCHITECT.zip!WRITING_ARCHITECT/Module writing/WRITING_SYSTEM/ENGINE/ENGINE_INDEX__2.docx
3,36727,docx,cf467d6da8682e35c57ec5213ddb4e271487ba83254025f4638759e72f47de9c,WRITING_ARCHITECT.zip!WRITING_ARCHITECT/Module writing.zip!Module writing/WRITING_SYSTEM.zip!WRITING_SYSTEM/RUNTIME/schema_engine_equivalence_records.docx | WRITING_ARCHITECT.zip!WRITING_ARCHITECT/Module writing/WRITING_SYSTEM.zip!WRITING_SYSTEM/RUNTIME/schema_engine_equivalence_records.docx | WRITING_ARCHITECT.zip!WRITING_ARCHITECT/Module writing/WRITING_SYSTEM/RUNTIME/schema_engine_equivalence_records.docx
3,36721,docx,cd6a4ae1e9be7feb4706114899959dcd21fe772bed5ea1e64ffeb0687f0c7a1a,WRITING_ARCHITECT.zip!WRITING_ARCHITECT/Module writing.zip!Module writing/WRITING_SYSTEM.zip!WRITING_SYSTEM/RUNTIME/schema_law_preservation_records.docx | WRITING_ARCHITECT.zip!WRITING_ARCHITECT/Module writing/WRITING_SYSTEM.zip!WRITING_SYSTEM/RUNTIME/schema_law_preservation_records.docx | WRITING_ARCHITECT.zip!WRITING_ARCHITECT/Module writing/WRITING_SYSTEM/RUNTIME/schema_law_preservation_records.docx
3,36716,docx,dc48095f5634e5b6ad3028c785329b23c98b9bbbed52f60664a9efdf2300ed4c,WRITING_ARCHITECT.zip!WRITING_ARCHITECT/Module writing.zip!Module writing/WRITING_SYSTEM.zip!WRITING_SYSTEM/SYSTEM_README.docx | WRITING_ARCHITECT.zip!WRITING_ARCHITECT/Module writing/WRITING_SYSTEM.zip!WRITING_SYSTEM/SYSTEM_README.docx | WRITING_ARCHITECT.zip!WRITING_ARCHITECT/Module writing/WRITING_SYSTEM/SYSTEM_README.docx
3,36650,docx,99c26850bb5d4cd4945e85a6eb7746a04c1cadc05d94421d14e76d1486bbd509,WRITING_ARCHITECT.zip!WRITING_ARCHITECT/Module writing.zip!Module writing/WRITING_SYSTEM.zip!WRITING_SYSTEM/STORY_SYSTEM/CHAPTER_CONTINUITY_LINK_MAP.docx | WRITING_ARCHITECT.zip!WRITING_ARCHITECT/Module writing/WRITING_SYSTEM.zip!WRITING_SYSTEM/STORY_SYSTEM/CHAPTER_CONTINUITY_LINK_MAP.docx | WRITING_ARCHITECT.zip!WRITING_ARCHITECT/Module writing/WRITING_SYSTEM/STORY_SYSTEM/CHAPTER_CONTINUITY_LINK_MAP.docx
3,36650,docx,2b55c6b5605996ba2c332b4284464e716b49aa39c97c52423bd3eb241076cd1b,WRITING_ARCHITECT.zip!WRITING_ARCHITECT/Module writing.zip!Module writing/WRITING_SYSTEM.zip!WRITING_SYSTEM/STORY_SYSTEM/CHAPTER_BLUEPRINT_VALIDATION.docx | WRITING_ARCHITECT.zip!WRITING_ARCHITECT/Module writing/WRITING_SYSTEM.zip!WRITING_SYSTEM/STORY_SYSTEM/CHAPTER_BLUEPRINT_VALIDATION.docx | WRITING_ARCHITECT.zip!WRITING_ARCHITECT/Module writing/WRITING_SYSTEM/STORY_SYSTEM/CHAPTER_BLUEPRINT_VALIDATION.docx
3,36649,docx,144fe58f28048eaaff01f039ba69624fea571bb218c70576f2033f0340bbc7fd,WRITING_ARCHITECT.zip!WRITING_ARCHITECT/Module writing.zip!Module writing/WRITING_SYSTEM.zip!WRITING_SYSTEM/STORY_SYSTEM/STORY_BIBLE_VALIDATION_RULES.docx | WRITING_ARCHITECT.zip!WRITING_ARCHITECT/Module writing/WRITING_SYSTEM.zip!WRITING_SYSTEM/STORY_SYSTEM/STORY_BIBLE_VALIDATION_RULES.docx | WRITING_ARCHITECT.zip!WRITING_ARCHITECT/Module writing/WRITING_SYSTEM/STORY_SYSTEM/STORY_BIBLE_VALIDATION_RULES.docx
3,36648,docx,5607d35a41633ed650684e5741510f1f94f55d00a2bdd4c649fc0dbfafdc0941,WRITING_ARCHITECT.zip!WRITING_ARCHITECT/Module writing.zip!Module writing/WRITING_SYSTEM.zip!WRITING_SYSTEM/STORY_SYSTEM/STORY_SYSTEM_OPERATION_FLOW.docx | WRITING_ARCHITECT.zip!WRITING_ARCHITECT/Module writing/WRITING_SYSTEM.zip!WRITING_SYSTEM/STORY_SYSTEM/STORY_SYSTEM_OPERATION_FLOW.docx | WRITING_ARCHITECT.zip!WRITING_ARCHITECT/Module writing/WRITING_SYSTEM/STORY_SYSTEM/STORY_SYSTEM_OPERATION_FLOW.docx
3,36646,docx,b351c6837776ae8d43d90a606b2f93a62d2547a6e24e785b09bf2cf8dcabd0a4,WRITING_ARCHITECT.zip!WRITING_ARCHITECT/Module writing.zip!Module writing/WRITING_SYSTEM.zip!WRITING_SYSTEM/STORY_SYSTEM/STORY_BIBLE_UPDATE_POLICY.docx | WRITING_ARCHITECT.zip!WRITING_ARCHITECT/Module writing/WRITING_SYSTEM.zip!WRITING_SYSTEM/STORY_SYSTEM/STORY_BIBLE_UPDATE_POLICY.docx | WRITING_ARCHITECT.zip!WRITING_ARCHITECT/Module writing/WRITING_SYSTEM/STORY_SYSTEM/STORY_BIBLE_UPDATE_POLICY.docx
3,36645,docx,4005634d35030334c78221100084c516703ccea28c373481f99191ec55f76398,WRITING_ARCHITECT.zip!WRITING_ARCHITECT/Module writing.zip!Module writing/WRITING_SYSTEM.zip!WRITING_SYSTEM/STORY_SYSTEM/CHAPTER_BLUEPRINT_SCHEMA.docx | WRITING_ARCHITECT.zip!WRITING_ARCHITECT/Module writing/WRITING_SYSTEM.zip!WRITING_SYSTEM/STORY_SYSTEM/CHAPTER_BLUEPRINT_SCHEMA.docx | WRITING_ARCHITECT.zip!WRITING_ARCHITECT/Module writing/WRITING_SYSTEM/STORY_SYSTEM/CHAPTER_BLUEPRINT_SCHEMA.docx
3,36645,docx,d411064c51873770f5d4b9689ff084266af57a737f65897beb49da8a2e9b68aa,WRITING_ARCHITECT.zip!WRITING_ARCHITECT/Module writing.zip!Module writing/WRITING_SYSTEM.zip!WRITING_SYSTEM/STORY_SYSTEM/CHAPTER_BLUEPRINT_TEMPLATE.docx | WRITING_ARCHITECT.zip!WRITING_ARCHITECT/Module writing/WRITING_SYSTEM.zip!WRITING_SYSTEM/STORY_SYSTEM/CHAPTER_BLUEPRINT_TEMPLATE.docx | WRITING_ARCHITECT.zip!WRITING_ARCHITECT/Module writing/WRITING_SYSTEM/STORY_SYSTEM/CHAPTER_BLUEPRINT_TEMPLATE.docx
3,36641,docx,b6830e95b80f84b76fc173853b750f00fdafb516c2a9508dddd826f8f7016312,WRITING_ARCHITECT.zip!WRITING_ARCHITECT/Module writing.zip!Module writing/WRITING_SYSTEM.zip!WRITING_SYSTEM/CH01_BLUEPRINT.docx | WRITING_ARCHITECT.zip!WRITING_ARCHITECT/Module writing/WRITING_SYSTEM.zip!WRITING_SYSTEM/CH01_BLUEPRINT.docx | WRITING_ARCHITECT.zip!WRITING_ARCHITECT/Module writing/WRITING_SYSTEM/CH01_BLUEPRINT.docx
3,36641,docx,113c268cac923dee63a33f8ee6bacdaa46b3cfae1c88aef68f8a05cd7c76b45e,WRITING_ARCHITECT.zip!WRITING_ARCHITECT/Module writing.zip!Module writing/WRITING_SYSTEM.zip!WRITING_SYSTEM/CH02_BLUEPRINT.docx | WRITING_ARCHITECT.zip!WRITING_ARCHITECT/Module writing/WRITING_SYSTEM.zip!WRITING_SYSTEM/CH02_BLUEPRINT.docx | WRITING_ARCHITECT.zip!WRITING_ARCHITECT/Module writing/WRITING_SYSTEM/CH02_BLUEPRINT.docx
3,36641,docx,37a0de63beae4c211331dd8c555881db02c76a2faa6b64254705527584bd9cf7,WRITING_ARCHITECT.zip!WRITING_ARCHITECT/Module writing.zip!Module writing/WRITING_SYSTEM.zip!WRITING_SYSTEM/STORY_SYSTEM/STORY_BIBLE_SCHEMA.docx | WRITING_ARCHITECT.zip!WRITING_ARCHITECT/Module writing/WRITING_SYSTEM.zip!WRITING_SYSTEM/STORY_SYSTEM/STORY_BIBLE_SCHEMA.docx | WRITING_ARCHITECT.zip!WRITING_ARCHITECT/Module writing/WRITING_SYSTEM/STORY_SYSTEM/STORY_BIBLE_SCHEMA.docx
3,36640,docx,fcf699e5dc4a3e7cec1272a6f230a7adb9d779ca9cab5b893b221e1df27cd3bb,WRITING_ARCHITECT.zip!WRITING_ARCHITECT/Module writing.zip!Module writing/WRITING_SYSTEM.zip!WRITING_SYSTEM/STORY_SYSTEM/STORY_BIBLE_ACTIVE.docx | WRITING_ARCHITECT.zip!WRITING_ARCHITECT/Module writing/WRITING_SYSTEM.zip!WRITING_SYSTEM/STORY_SYSTEM/STORY_BIBLE_ACTIVE.docx | WRITING_ARCHITECT.zip!WRITING_ARCHITECT/Module writing/WRITING_SYSTEM/STORY_SYSTEM/STORY_BIBLE_ACTIVE.docx
3,36639,docx,9030721938bd5190775d4841308a187cf2aee7c3e55e2070fa8d4663d9b8493b,WRITING_ARCHITECT.zip!WRITING_ARCHITECT/Module writing.zip!Module writing/WRITING_SYSTEM.zip!WRITING_SYSTEM/MANUSCRIPT_MASTER.docx | WRITING_ARCHITECT.zip!WRITING_ARCHITECT/Module writing/WRITING_SYSTEM.zip!WRITING_SYSTEM/MANUSCRIPT_MASTER.docx | WRITING_ARCHITECT.zip!WRITING_ARCHITECT/Module writing/WRITING_SYSTEM/MANUSCRIPT_MASTER.docx
3,36639,docx,65bbb1f4f3b20f5dd709d2ee49a1f3f8555a3f49b5f1c70c03eedb1637a85b1d,WRITING_ARCHITECT.zip!WRITING_ARCHITECT/Module writing.zip!Module writing/WRITING_SYSTEM.zip!WRITING_SYSTEM/STORY_SYSTEM/STORY_BIBLE_MASTER.docx | WRITING_ARCHITECT.zip!WRITING_ARCHITECT/Module writing/WRITING_SYSTEM.zip!WRITING_SYSTEM/STORY_SYSTEM/STORY_BIBLE_MASTER.docx | WRITING_ARCHITECT.zip!WRITING_ARCHITECT/Module writing/WRITING_SYSTEM/STORY_SYSTEM/STORY_BIBLE_MASTER.docx
3,19911,md,ac0b8a24a39075fcc58dd30e31c13f3c6a0016139b514ba734be779ae8fafb57,WRITING_ARCHITECT.zip!WRITING_ARCHITECT/Module writing.zip!Module writing/WRITING_SYSTEM.zip!WRITING_SYSTEM/BIBLE_DATA/06_-_Scene_Pressure_Matrix.md | WRITING_ARCHITECT.zip!WRITING_ARCHITECT/Module writing/WRITING_SYSTEM.zip!WRITING_SYSTEM/BIBLE_DATA/06_-_Scene_Pressure_Matrix.md | WRITING_ARCHITECT.zip!WRITING_ARCHITECT/Module writing/WRITING_SYSTEM/BIBLE_DATA/06_-_Scene_Pressure_Matrix.md
3,15882,md,c5d10ed6c4e2081cb4f93e94cc458ce7fd63d89df7247cec2f77a9adea0adb44,WRITING_ARCHITECT.zip!WRITING_ARCHITECT/Module writing.zip!Module writing/WRITING_SYSTEM.zip!WRITING_SYSTEM/BIBLE_DATA/Hebrew_Name_Etymology_Bank.md | WRITING_ARCHITECT.zip!WRITING_ARCHITECT/Module writing/WRITING_SYSTEM.zip!WRITING_SYSTEM/BIBLE_DATA/Hebrew_Name_Etymology_Bank.md | WRITING_ARCHITECT.zip!WRITING_ARCHITECT/Module writing/WRITING_SYSTEM/BIBLE_DATA/Hebrew_Name_Etymology_Bank.md
3,14048,md,be77eac929a5be9eb82c8f73a20fd1631ffc7a657078d5718861cc816b1c5187,WRITING_ARCHITECT.zip!WRITING_ARCHITECT/Module writing.zip!Module writing/WRITING_SYSTEM.zip!WRITING_SYSTEM/BIBLE_DATA/Iron_Age_Material_Culture.md | WRITING_ARCHITECT.zip!WRITING_ARCHITECT/Module writing/WRITING_SYSTEM.zip!WRITING_SYSTEM/BIBLE_DATA/Iron_Age_Material_Culture.md | WRITING_ARCHITECT.zip!WRITING_ARCHITECT/Module writing/WRITING_SYSTEM/BIBLE_DATA/Iron_Age_Material_Culture.md
3,13632,md,558f6ecaae233401bf8fbe690c6b59e707625f4f4ca5197bd7c92796ca211123,WRITING_ARCHITECT.zip!WRITING_ARCHITECT/Module writing.zip!Module writing/WRITING_SYSTEM.zip!WRITING_SYSTEM/BIBLE_DATA/01_-_Prose_Style_Reference.md | WRITING_ARCHITECT.zip!WRITING_ARCHITECT/Module writing/WRITING_SYSTEM.zip!WRITING_SYSTEM/BIBLE_DATA/01_-_Prose_Style_Reference.md | WRITING_ARCHITECT.zip!WRITING_ARCHITECT/Module writing/WRITING_SYSTEM/BIBLE_DATA/01_-_Prose_Style_Reference.md
3,10221,md,640b423b481a1e09ac18b6c1ededc3724cdbd49bd2654af3fb76462b0b7d4ff3,WRITING_ARCHITECT.zip!WRITING_ARCHITECT/Module writing.zip!Module writing/WRITING_SYSTEM.zip!WRITING_SYSTEM/BIBLE_DATA/Kingship_Ideology.md | WRITING_ARCHITECT.zip!WRITING_ARCHITECT/Module writing/WRITING_SYSTEM.zip!WRITING_SYSTEM/BIBLE_DATA/Kingship_Ideology.md | WRITING_ARCHITECT.zip!WRITING_ARCHITECT/Module writing/WRITING_SYSTEM/BIBLE_DATA/Kingship_Ideology.md
3,8457,md,5f4fa2c4a0def7a636cf84ea6e8389d89df50e55d85b3de40195b33401de3353,WRITING_ARCHITECT.zip!WRITING_ARCHITECT/Module writing.zip!Module writing/WRITING_SYSTEM.zip!WRITING_SYSTEM/BIBLE_DATA/07_-_Dataview_Query_Library.md | WRITING_ARCHITECT.zip!WRITING_ARCHITECT/Module writing/WRITING_SYSTEM.zip!WRITING_SYSTEM/BIBLE_DATA/07_-_Dataview_Query_Library.md | WRITING_ARCHITECT.zip!WRITING_ARCHITECT/Module writing/WRITING_SYSTEM/BIBLE_DATA/07_-_Dataview_Query_Library.md
3,7736,md,7a256329f4d7a701a5618de910ec61113ade13099cfe0880696920c9dca36ea5,WRITING_ARCHITECT.zip!WRITING_ARCHITECT/Module writing.zip!Module writing/WRITING_SYSTEM.zip!WRITING_SYSTEM/BIBLE_DATA/08_-_Templater_Setup_and_Templates.md | WRITING_ARCHITECT.zip!WRITING_ARCHITECT/Module writing/WRITING_SYSTEM.zip!WRITING_SYSTEM/BIBLE_DATA/08_-_Templater_Setup_and_Templates.md | WRITING_ARCHITECT.zip!WRITING_ARCHITECT/Module writing/WRITING_SYSTEM/BIBLE_DATA/08_-_Templater_Setup_and_Templates.md
3,7520,md,b7f80aad52f74db34a909ac4c1c1523fef7f3a5a2da9fb887aaf09eb3ed59746,WRITING_ARCHITECT.zip!WRITING_ARCHITECT/Module writing.zip!Module writing/WRITING_SYSTEM.zip!WRITING_SYSTEM/BIBLE_DATA/God_as_Character_UPDATED.md | WRITING_ARCHITECT.zip!WRITING_ARCHITECT/Module writing/WRITING_SYSTEM.zip!WRITING_SYSTEM/BIBLE_DATA/God_as_Character_UPDATED.md | WRITING_ARCHITECT.zip!WRITING_ARCHITECT/Module writing/WRITING_SYSTEM/BIBLE_DATA/God_as_Character_UPDATED.md
3,7431,md,dede98c15aefadc2109af9b6ef1fc44eb6a902a69477c13ec2542e3aa3c9313d,WRITING_ARCHITECT.zip!WRITING_ARCHITECT/Module writing.zip!Module writing/WRITING_SYSTEM.zip!WRITING_SYSTEM/BIBLE_DATA/Index_-_Motifs_-_Volume_II.md | WRITING_ARCHITECT.zip!WRITING_ARCHITECT/Module writing/WRITING_SYSTEM.zip!WRITING_SYSTEM/BIBLE_DATA/Index_-_Motifs_-_Volume_II.md | WRITING_ARCHITECT.zip!WRITING_ARCHITECT/Module writing/WRITING_SYSTEM/BIBLE_DATA/Index_-_Motifs_-_Volume_II.md
3,7077,md,8f62e8d43d4ec16e56c724d9aa9433279c8196d2c350e0c20bc68b89f5987b00,WRITING_ARCHITECT.zip!WRITING_ARCHITECT/Module writing.zip!Module writing/WRITING_SYSTEM.zip!WRITING_SYSTEM/BIBLE_DATA/00_-_Master_Command_Center_UPDATED.md | WRITING_ARCHITECT.zip!WRITING_ARCHITECT/Module writing/WRITING_SYSTEM.zip!WRITING_SYSTEM/BIBLE_DATA/00_-_Master_Command_Center_UPDATED.md | WRITING_ARCHITECT.zip!WRITING_ARCHITECT/Module writing/WRITING_SYSTEM/BIBLE_DATA/00_-_Master_Command_Center_UPDATED.md
3,5631,md,a378e786b70a166cd4bf048668b3e386759dea30563b6a74af750d3f0f05717a,WRITING_ARCHITECT.zip!WRITING_ARCHITECT/Module writing.zip!Module writing/WRITING_SYSTEM.zip!WRITING_SYSTEM/BIBLE_DATA/09_-_Graph_View_Configuration.md | WRITING_ARCHITECT.zip!WRITING_ARCHITECT/Module writing/WRITING_SYSTEM.zip!WRITING_SYSTEM/BIBLE_DATA/09_-_Graph_View_Configuration.md | WRITING_ARCHITECT.zip!WRITING_ARCHITECT/Module writing/WRITING_SYSTEM/BIBLE_DATA/09_-_Graph_View_Configuration.md
3,37,txt,6a1d633f89d7e5f2c18796affc42f441256209f6e25b735e1f785e8676c3cec9,WRITING_ARCHITECT.zip!WRITING_ARCHITECT/Module writing.zip!Module writing/WRITING_SYSTEM.zip!WRITING_SYSTEM/RUNTIME/NEXT_ACTION_TEMPLATE.txt | WRITING_ARCHITECT.zip!WRITING_ARCHITECT/Module writing/WRITING_SYSTEM.zip!WRITING_SYSTEM/RUNTIME/NEXT_ACTION_TEMPLATE.txt | WRITING_ARCHITECT.zip!WRITING_ARCHITECT/Module writing/WRITING_SYSTEM/RUNTIME/NEXT_ACTION_TEMPLATE.txt
2,5295641,zip,215d777d929770cd15026b13478dc12a6128406173772fb0845cbcea4405abc0,WRITING_ARCHITECT.zip!WRITING_ARCHITECT/Module writing.zip!Module writing/WRITING_SYSTEM.zip | WRITING_ARCHITECT.zip!WRITING_ARCHITECT/Module writing/WRITING_SYSTEM.zip
2,285546,zip,3ebc76b821d9fb952ac5ed977ece1619de03e7e941713be0d74229056b8455cd,WRITING_ARCHITECT.zip!WRITING_ARCHITECT/Module writing.zip!Module writing/SOVEREIGN_PROGRAM_REPOSITORY_v1.2.0-RC2.zip | WRITING_ARCHITECT.zip!WRITING_ARCHITECT/Module writing/SOVEREIGN_PROGRAM_REPOSITORY_v1.2.0-RC2.zip
2,104416,pdf,0701d7c5f9ebc5bdc2efa7b616deeb37a14327eda377d98a47296cc8731cde3a,WRITING_ARCHITECT.zip!WRITING_ARCHITECT/Module writing.zip!Module writing/SOVEREIGN_PROGRAM_REPOSITORY_v1.2.0-RC2.zip!SOV_v1.2.0/04_PRODUCTS/PROSPECTUS/SOVEREIGN_OS_PROSPECTUS_v1.0.pdf | WRITING_ARCHITECT.zip!WRITING_ARCHITECT/Module writing/SOVEREIGN_PROGRAM_REPOSITORY_v1.2.0-RC2.zip!SOV_v1.2.0/04_PRODUCTS/PROSPECTUS/SOVEREIGN_OS_PROSPECTUS_v1.0.pdf
2,40928,zip,80c65817e141cf27e363778b149e5005348ca9b1e98d4d8868fd574db11bdc27,WRITING_ARCHITECT.zip!WRITING_ARCHITECT/Module writing.zip!Module writing/SOVEREIGN_PROGRAM_REPOSITORY_v1.2.0-RC2.zip!SOV_v1.2.0/08_ARCHIVE/SOURCE_MATERIALS/SOVEREIGN_PROGRAM_REPOSITORY_v0.1.zip | WRITING_ARCHITECT.zip!WRITING_ARCHITECT/Module writing/SOVEREIGN_PROGRAM_REPOSITORY_v1.2.0-RC2.zip!SOV_v1.2.0/08_ARCHIVE/SOURCE_MATERIALS/SOVEREIGN_PROGRAM_REPOSITORY_v0.1.zip
2,36637,docx,45b74290b78693eadb4a13188df5b271d7bb39c741b9cd2f4cf0e81161e8eb24,WRITING_ARCHITECT.zip!WRITING_ARCHITECT/Module writing.zip!Module writing/SOVEREIGN_PROGRAM_REPOSITORY_v1.2.0-RC2.zip!SOV_v1.2.0/08_ARCHIVE/SOURCE_MATERIALS/SOVEREIGN_PROGRAM_REPOSITORY_v0.1.zip!SOVEREIGN_PROGRAM_REPOSITORY_v0.1/00_PMO/SOVEREIGN_BUILD_LOG.docx | WRITING_ARCHITECT.zip!WRITING_ARCHITECT/Module writing/SOVEREIGN_PROGRAM_REPOSITORY_v1.2.0-RC2.zip!SOV_v1.2.0/08_ARCHIVE/SOURCE_MATERIALS/SOVEREIGN_PROGRAM_REPOSITORY_v0.1.zip!SOVEREIGN_PROGRAM_REPOSITORY_v0.1/00_PMO/SOVEREIGN_BUILD_LOG.docx
2,20676,json,31aae58d2b9d6d666349d55ad8c7946ef5d1a8ac9b9502117385d1b4b6d897ed,WRITING_ARCHITECT.zip!WRITING_ARCHITECT/Module writing.zip!Module writing/SOVEREIGN_PROGRAM_REPOSITORY_v1.2.0-RC2.zip!SOV_v1.2.0/ASSET_REGISTRY.json | WRITING_ARCHITECT.zip!WRITING_ARCHITECT/Module writing/SOVEREIGN_PROGRAM_REPOSITORY_v1.2.0-RC2.zip!SOV_v1.2.0/ASSET_REGISTRY.json
2,20634,json,2a4ae89f862d22642c3dbdabde6c38f36a9f765200d1203b416821d8ec74c40a,WRITING_ARCHITECT.zip!WRITING_ARCHITECT/Module writing.zip!Module writing/SOVEREIGN_PROGRAM_REPOSITORY_v1.2.0-RC2.zip!SOV_v1.2.0/Bootstrap_Package/01_REGISTRY/ASSET_REGISTRY.json | WRITING_ARCHITECT.zip!WRITING_ARCHITECT/Module writing/SOVEREIGN_PROGRAM_REPOSITORY_v1.2.0-RC2.zip!SOV_v1.2.0/Bootstrap_Package/01_REGISTRY/ASSET_REGISTRY.json
2,18825,html,0e5b5b6d957a5049df1bdcd2738b761ff8eab7eac3e7f26458d90ab6eea740e7,WRITING_ARCHITECT.zip!WRITING_ARCHITECT/Module writing.zip!Module writing/SOVEREIGN_PROGRAM_REPOSITORY_v1.2.0-RC2.zip!SOV_v1.2.0/07_LAB/HXIA_PROTOTYPES/PROTOTYPE_R0.2.html | WRITING_ARCHITECT.zip!WRITING_ARCHITECT/Module writing/SOVEREIGN_PROGRAM_REPOSITORY_v1.2.0-RC2.zip!SOV_v1.2.0/07_LAB/HXIA_PROTOTYPES/PROTOTYPE_R0.2.html
2,17236,html,92272db407d1d3e570392ca73d7ded9422f04efa9b4158f9584108073dbde690,WRITING_ARCHITECT.zip!WRITING_ARCHITECT/Module writing.zip!Module writing/SOVEREIGN_PROGRAM_REPOSITORY_v1.2.0-RC2.zip!SOV_v1.2.0/07_LAB/HXIA_PROTOTYPES/PROTOTYPE_R0.1.html | WRITING_ARCHITECT.zip!WRITING_ARCHITECT/Module writing/SOVEREIGN_PROGRAM_REPOSITORY_v1.2.0-RC2.zip!SOV_v1.2.0/07_LAB/HXIA_PROTOTYPES/PROTOTYPE_R0.1.html
2,15579,md,adca3b582396b223a808c463ad8a95e65c94714772f8497737be480b285a91a3,WRITING_ARCHITECT.zip!WRITING_ARCHITECT/Module writing.zip!Module writing/SOVEREIGN_PROGRAM_REPOSITORY_v1.2.0-RC2.zip!SOV_v1.2.0/04_PRODUCTS/HXIA/RSH-007_HXIA_IMPLEMENTATION_PLAN.md | WRITING_ARCHITECT.zip!WRITING_ARCHITECT/Module writing/SOVEREIGN_PROGRAM_REPOSITORY_v1.2.0-RC2.zip!SOV_v1.2.0/04_PRODUCTS/HXIA/RSH-007_HXIA_IMPLEMENTATION_PLAN.md
2,13879,md,5f7194c6d81f1f272e2448456d240434b4d0a564db6e32061b20d68d3d06ddc0,WRITING_ARCHITECT.zip!WRITING_ARCHITECT/Module writing.zip!Module writing/SOVEREIGN_PROGRAM_REPOSITORY_v1.2.0-RC2.zip!SOV_v1.2.0/01_ENGINEERING/ARCH/ARCH-001_BLUEPRINT_PART_I.md | WRITING_ARCHITECT.zip!WRITING_ARCHITECT/Module writing/SOVEREIGN_PROGRAM_REPOSITORY_v1.2.0-RC2.zip!SOV_v1.2.0/01_ENGINEERING/ARCH/ARCH-001_BLUEPRINT_PART_I.md
2,13489,md,0d84bf352ba81eef9de4be40035c557a3a169c451d1f38aea53c51b89d3a7d50,WRITING_ARCHITECT.zip!WRITING_ARCHITECT/Module writing.zip!Module writing/SOVEREIGN_PROGRAM_REPOSITORY_v1.2.0-RC2.zip!SOV_v1.2.0/01_ENGINEERING/SEM-001_ENGINEERING_MANUAL.md | WRITING_ARCHITECT.zip!WRITING_ARCHITECT/Module writing/SOVEREIGN_PROGRAM_REPOSITORY_v1.2.0-RC2.zip!SOV_v1.2.0/01_ENGINEERING/SEM-001_ENGINEERING_MANUAL.md
2,13443,md,21600e4ac1e7f07eccb9ab5279ac254451d99361ed99c7915ea59c8333b6b1fb,WRITING_ARCHITECT.zip!WRITING_ARCHITECT/Module writing.zip!Module writing/SOVEREIGN_PROGRAM_REPOSITORY_v1.2.0-RC2.zip!SOV_v1.2.0/01_ENGINEERING/RESEARCH/MASTER_PLAN_RSH-006.md | WRITING_ARCHITECT.zip!WRITING_ARCHITECT/Module writing/SOVEREIGN_PROGRAM_REPOSITORY_v1.2.0-RC2.zip!SOV_v1.2.0/01_ENGINEERING/RESEARCH/MASTER_PLAN_RSH-006.md
2,12848,md,587c38b5e6fb8ceb39cd83f9a07b39189eb812f29a2be5ceb9d80628e873bc2d,WRITING_ARCHITECT.zip!WRITING_ARCHITECT/Module writing.zip!Module writing/SOVEREIGN_PROGRAM_REPOSITORY_v1.2.0-RC2.zip!SOV_v1.2.0/00_PROGRAM_OFFICE/GOV-003_GOVERNANCE_FRAMEWORK.md | WRITING_ARCHITECT.zip!WRITING_ARCHITECT/Module writing/SOVEREIGN_PROGRAM_REPOSITORY_v1.2.0-RC2.zip!SOV_v1.2.0/00_PROGRAM_OFFICE/GOV-003_GOVERNANCE_FRAMEWORK.md
2,11618,md,77933a158c02e8122ac1899696988d72023572454726e051c25ba12af211c11d,WRITING_ARCHITECT.zip!WRITING_ARCHITECT/Module writing.zip!Module writing/SOVEREIGN_PROGRAM_REPOSITORY_v1.2.0-RC2.zip!SOV_v1.2.0/01_ENGINEERING/RESEARCH/BC-0003/FINDINGS.md | WRITING_ARCHITECT.zip!WRITING_ARCHITECT/Module writing/SOVEREIGN_PROGRAM_REPOSITORY_v1.2.0-RC2.zip!SOV_v1.2.0/01_ENGINEERING/RESEARCH/BC-0003/FINDINGS.md
2,10690,md,5c9e0707a8db20602f1f8658d63b4d65cc9861f327276eb9349e06cfeebb96ef,WRITING_ARCHITECT.zip!WRITING_ARCHITECT/Module writing.zip!Module writing/SOVEREIGN_PROGRAM_REPOSITORY_v1.2.0-RC2.zip!SOV_v1.2.0/09_QUALITY/QMS-011_SDS_MASTER_REPORT.md | WRITING_ARCHITECT.zip!WRITING_ARCHITECT/Module writing/SOVEREIGN_PROGRAM_REPOSITORY_v1.2.0-RC2.zip!SOV_v1.2.0/09_QUALITY/QMS-011_SDS_MASTER_REPORT.md
2,10682,sha256,696e6e0396cba78313a0627ec6101747fda311b13ea09bb00468dbda34a3d8fc,WRITING_ARCHITECT.zip!WRITING_ARCHITECT/Module writing.zip!Module writing/SOVEREIGN_PROGRAM_REPOSITORY_v1.2.0-RC2.zip!SOV_v1.2.0/CHECKSUMS.sha256 | WRITING_ARCHITECT.zip!WRITING_ARCHITECT/Module writing/SOVEREIGN_PROGRAM_REPOSITORY_v1.2.0-RC2.zip!SOV_v1.2.0/CHECKSUMS.sha256
2,10601,md,a9e786864ef210d08692cb61d031ad099bae07b9c358a75874d1c66f3529b710,WRITING_ARCHITECT.zip!WRITING_ARCHITECT/Module writing.zip!Module writing/SOVEREIGN_PROGRAM_REPOSITORY_v1.2.0-RC2.zip!SOV_v1.2.0/10_BUILD_SYSTEM/BPK-001_BOOTSTRAP_SPEC.md | WRITING_ARCHITECT.zip!WRITING_ARCHITECT/Module writing/SOVEREIGN_PROGRAM_REPOSITORY_v1.2.0-RC2.zip!SOV_v1.2.0/10_BUILD_SYSTEM/BPK-001_BOOTSTRAP_SPEC.md
2,9692,md,8c6611e2499912c1912aaedf5feef5a56d181b75f335ec8a1dfebd373d81fec0,WRITING_ARCHITECT.zip!WRITING_ARCHITECT/Module writing.zip!Module writing/SOVEREIGN_PROGRAM_REPOSITORY_v1.2.0-RC2.zip!SOV_v1.2.0/01_ENGINEERING/RESEARCH/BC-0003/RESEARCH_DOCTRINE.md | WRITING_ARCHITECT.zip!WRITING_ARCHITECT/Module writing/SOVEREIGN_PROGRAM_REPOSITORY_v1.2.0-RC2.zip!SOV_v1.2.0/01_ENGINEERING/RESEARCH/BC-0003/RESEARCH_DOCTRINE.md
2,8863,md,602c8491aa0f67d29c437ae9793dab817f8a67bb30c86af3ddad58c3824de373,WRITING_ARCHITECT.zip!WRITING_ARCHITECT/Module writing.zip!Module writing/SOVEREIGN_PROGRAM_REPOSITORY_v1.2.0-RC2.zip!SOV_v1.2.0/00_PROGRAM_OFFICE/SFB-001_FOUNDATION_BASELINE.md | WRITING_ARCHITECT.zip!WRITING_ARCHITECT/Module writing/SOVEREIGN_PROGRAM_REPOSITORY_v1.2.0-RC2.zip!SOV_v1.2.0/00_PROGRAM_OFFICE/SFB-001_FOUNDATION_BASELINE.md
2,8044,md,de18a7c2ac0623a25a31b404016a9552b73c5d05b6f387ec724eaf86909ccf42,WRITING_ARCHITECT.zip!WRITING_ARCHITECT/Module writing.zip!Module writing/SOVEREIGN_PROGRAM_REPOSITORY_v1.2.0-RC2.zip!SOV_v1.2.0/06_OPERATIONS/OPS-030_PROGRAM_PLAN.md | WRITING_ARCHITECT.zip!WRITING_ARCHITECT/Module writing/SOVEREIGN_PROGRAM_REPOSITORY_v1.2.0-RC2.zip!SOV_v1.2.0/06_OPERATIONS/OPS-030_PROGRAM_PLAN.md
2,7502,md,77034d5e00f78b871d66ab4a91df1975101677d931d35bca59eb04082b855f1b,WRITING_ARCHITECT.zip!WRITING_ARCHITECT/Module writing.zip!Module writing/SOVEREIGN_PROGRAM_REPOSITORY_v1.2.0-RC2.zip!SOV_v1.2.0/01_ENGINEERING/RESEARCH/BC-0003/OPTIONS_AND_RECOMMENDATIONS.md | WRITING_ARCHITECT.zip!WRITING_ARCHITECT/Module writing/SOVEREIGN_PROGRAM_REPOSITORY_v1.2.0-RC2.zip!SOV_v1.2.0/01_ENGINEERING/RESEARCH/BC-0003/OPTIONS_AND_RECOMMENDATIONS.md
2,6343,py,6d0a6d298990cdf7894083070c9931119ffd224bf845fc41f3dc9cd0f19d780a,WRITING_ARCHITECT.zip!WRITING_ARCHITECT/Module writing.zip!Module writing/SOVEREIGN_PROGRAM_REPOSITORY_v1.2.0-RC2.zip!SOV_v1.2.0/10_BUILD_SYSTEM/generate_bootstrap.py | WRITING_ARCHITECT.zip!WRITING_ARCHITECT/Module writing/SOVEREIGN_PROGRAM_REPOSITORY_v1.2.0-RC2.zip!SOV_v1.2.0/10_BUILD_SYSTEM/generate_bootstrap.py
2,6274,md,0fd541e3adedb90b5fda5b18499ef32ab8f4499a446dd2e7b10fa031a12d40f6,WRITING_ARCHITECT.zip!WRITING_ARCHITECT/Module writing.zip!Module writing/SOVEREIGN_PROGRAM_REPOSITORY_v1.2.0-RC2.zip!SOV_v1.2.0/01_ENGINEERING/RESEARCH/BC-0003/SOURCE_REGISTER.md | WRITING_ARCHITECT.zip!WRITING_ARCHITECT/Module writing/SOVEREIGN_PROGRAM_REPOSITORY_v1.2.0-RC2.zip!SOV_v1.2.0/01_ENGINEERING/RESEARCH/BC-0003/SOURCE_REGISTER.md
2,6240,json,12f74f436075b8225d9e054d007c289f09c72e3416da46f8bdac683d1751e4ff,WRITING_ARCHITECT.zip!WRITING_ARCHITECT/Module writing.zip!Module writing/SOVEREIGN_PROGRAM_REPOSITORY_v1.2.0-RC2.zip!SOV_v1.2.0/RELEASE_MANIFEST.json | WRITING_ARCHITECT.zip!WRITING_ARCHITECT/Module writing/SOVEREIGN_PROGRAM_REPOSITORY_v1.2.0-RC2.zip!SOV_v1.2.0/RELEASE_MANIFEST.json
2,6128,md,716e3ab2532f7dd33e49f8dd40e1b177c4a4a8af18c436b28b3a66d5934c3dfb,WRITING_ARCHITECT.zip!WRITING_ARCHITECT/Module writing.zip!Module writing/SOVEREIGN_PROGRAM_REPOSITORY_v1.2.0-RC2.zip!SOV_v1.2.0/01_ENGINEERING/ARCH/ARCH-002_INFORMATION_ARCHITECTURE.md | WRITING_ARCHITECT.zip!WRITING_ARCHITECT/Module writing/SOVEREIGN_PROGRAM_REPOSITORY_v1.2.0-RC2.zip!SOV_v1.2.0/01_ENGINEERING/ARCH/ARCH-002_INFORMATION_ARCHITECTURE.md
2,4938,md,3e6e7ce222ea7f97fd7b1a94c9afce2fcd79ca91b8577450df60e1e3579b6dce,WRITING_ARCHITECT.zip!WRITING_ARCHITECT/Module writing.zip!Module writing/SOVEREIGN_PROGRAM_REPOSITORY_v1.2.0-RC2.zip!SOV_v1.2.0/BOOTSTRAP.md | WRITING_ARCHITECT.zip!WRITING_ARCHITECT/Module writing/SOVEREIGN_PROGRAM_REPOSITORY_v1.2.0-RC2.zip!SOV_v1.2.0/BOOTSTRAP.md
2,4754,md,5a24208f2303d60839bab06be1bab40803bafe3ebc339cfbbcd6ee397262491a,WRITING_ARCHITECT.zip!WRITING_ARCHITECT/Module writing.zip!Module writing/SOVEREIGN_PROGRAM_REPOSITORY_v1.2.0-RC2.zip!SOV_v1.2.0/01_ENGINEERING/RESEARCH/BC-0003/PROPOSED_ADRS_AND_BUILD_PLAN.md | WRITING_ARCHITECT.zip!WRITING_ARCHITECT/Module writing/SOVEREIGN_PROGRAM_REPOSITORY_v1.2.0-RC2.zip!SOV_v1.2.0/01_ENGINEERING/RESEARCH/BC-0003/PROPOSED_ADRS_AND_BUILD_PLAN.md
2,3544,md,8b68e557ce554fd8a8484c28663b9e006cf1074effb9828384e6ca4dc84196fd,WRITING_ARCHITECT.zip!WRITING_ARCHITECT/Module writing.zip!Module writing/SOVEREIGN_PROGRAM_REPOSITORY_v1.2.0-RC2.zip!SOV_v1.2.0/10_SESSION_HISTORY/BC-0003/BC-0003_SESSION_PACKAGE.md | WRITING_ARCHITECT.zip!WRITING_ARCHITECT/Module writing/SOVEREIGN_PROGRAM_REPOSITORY_v1.2.0-RC2.zip!SOV_v1.2.0/10_SESSION_HISTORY/BC-0003/BC-0003_SESSION_PACKAGE.md
2,3022,py,43d8e5f173c624d41593bdba540d08661f77f4247eb602ac22f3a8c1a0fb4fd7,WRITING_ARCHITECT.zip!WRITING_ARCHITECT/Module writing.zip!Module writing/SOVEREIGN_PROGRAM_REPOSITORY_v1.2.0-RC2.zip!SOV_v1.2.0/10_BUILD_SYSTEM/validate_repository.py | WRITING_ARCHITECT.zip!WRITING_ARCHITECT/Module writing/SOVEREIGN_PROGRAM_REPOSITORY_v1.2.0-RC2.zip!SOV_v1.2.0/10_BUILD_SYSTEM/validate_repository.py
2,2914,md,f09da40e4abd7d687123a911ad4b02d73e4b8a1333615a6c89411b58b04b0e5b,WRITING_ARCHITECT.zip!WRITING_ARCHITECT/Module writing.zip!Module writing/SOVEREIGN_PROGRAM_REPOSITORY_v1.2.0-RC2.zip!SOV_v1.2.0/09_QUALITY/AUDIT_2026-07-19.md | WRITING_ARCHITECT.zip!WRITING_ARCHITECT/Module writing/SOVEREIGN_PROGRAM_REPOSITORY_v1.2.0-RC2.zip!SOV_v1.2.0/09_QUALITY/AUDIT_2026-07-19.md
2,2646,md,28a7bc02f67c2a73f138d9d6f1645c688a5fb6458323bf7769837ce93f938240,WRITING_ARCHITECT.zip!WRITING_ARCHITECT/Module writing.zip!Module writing/SOVEREIGN_PROGRAM_REPOSITORY_v1.2.0-RC2.zip!SOV_v1.2.0/01_ENGINEERING/SES/SES-013_REQUIREMENTS.md | WRITING_ARCHITECT.zip!WRITING_ARCHITECT/Module writing/SOVEREIGN_PROGRAM_REPOSITORY_v1.2.0-RC2.zip!SOV_v1.2.0/01_ENGINEERING/SES/SES-013_REQUIREMENTS.md
2,2499,md,12b5648552f649b8b18cab3b0296ecc7b70467c7a718be8eb0ef2fa01a567654,WRITING_ARCHITECT.zip!WRITING_ARCHITECT/Module writing.zip!Module writing/SOVEREIGN_PROGRAM_REPOSITORY_v1.2.0-RC2.zip!SOV_v1.2.0/01_ENGINEERING/SES/SES-012_PROFESSIONAL_PRACTICE.md | WRITING_ARCHITECT.zip!WRITING_ARCHITECT/Module writing/SOVEREIGN_PROGRAM_REPOSITORY_v1.2.0-RC2.zip!SOV_v1.2.0/01_ENGINEERING/SES/SES-012_PROFESSIONAL_PRACTICE.md
2,2086,md,1f4056fb2ed421c2312ae05418136f9a5fe7528f0508fd0f76c5730a7e09d0c4,WRITING_ARCHITECT.zip!WRITING_ARCHITECT/Module writing.zip!Module writing/SOVEREIGN_PROGRAM_REPOSITORY_v1.2.0-RC2.zip!SOV_v1.2.0/09_QUALITY/QMS-012_PHASE0_STATE_AUDIT.md | WRITING_ARCHITECT.zip!WRITING_ARCHITECT/Module writing/SOVEREIGN_PROGRAM_REPOSITORY_v1.2.0-RC2.zip!SOV_v1.2.0/09_QUALITY/QMS-012_PHASE0_STATE_AUDIT.md
2,2043,md,95141756acdeef368380cbc8a91ddcf2408d7df4dc009872bb0ab77cad62ff71,WRITING_ARCHITECT.zip!WRITING_ARCHITECT/Module writing.zip!Module writing/SOVEREIGN_PROGRAM_REPOSITORY_v1.2.0-RC2.zip!SOV_v1.2.0/00_PROGRAM_OFFICE/CHANGELOG.md | WRITING_ARCHITECT.zip!WRITING_ARCHITECT/Module writing/SOVEREIGN_PROGRAM_REPOSITORY_v1.2.0-RC2.zip!SOV_v1.2.0/00_PROGRAM_OFFICE/CHANGELOG.md
2,1985,json,d7934308285e0cf1e4cc76e230eada76d53f0495faff259975672ae93c7e5e75,WRITING_ARCHITECT.zip!WRITING_ARCHITECT/Module writing.zip!Module writing/SOVEREIGN_PROGRAM_REPOSITORY_v1.2.0-RC2.zip!SOV_v1.2.0/Bootstrap_Package/02_GOVERNANCE/ACTIVE_ADRS.json | WRITING_ARCHITECT.zip!WRITING_ARCHITECT/Module writing/SOVEREIGN_PROGRAM_REPOSITORY_v1.2.0-RC2.zip!SOV_v1.2.0/Bootstrap_Package/02_GOVERNANCE/ACTIVE_ADRS.json
2,1951,md,db93e63ce24e071fa964d072d82956b1bb88a6f77b3c3266bfa70d292e7fbc3c,WRITING_ARCHITECT.zip!WRITING_ARCHITECT/Module writing.zip!Module writing/SOVEREIGN_PROGRAM_REPOSITORY_v1.2.0-RC2.zip!SOV_v1.2.0/00_PROGRAM_OFFICE/FOUNDATION_RATIFICATION_PACKET.md | WRITING_ARCHITECT.zip!WRITING_ARCHITECT/Module writing/SOVEREIGN_PROGRAM_REPOSITORY_v1.2.0-RC2.zip!SOV_v1.2.0/00_PROGRAM_OFFICE/FOUNDATION_RATIFICATION_PACKET.md
2,1869,md,117e34033a48ea512721941381c733374a112b9e507228ee3a1e195187645dde,WRITING_ARCHITECT.zip!WRITING_ARCHITECT/Module writing.zip!Module writing/SOVEREIGN_PROGRAM_REPOSITORY_v1.2.0-RC2.zip!SOV_v1.2.0/00_PROGRAM_OFFICE/VISION.md | WRITING_ARCHITECT.zip!WRITING_ARCHITECT/Module writing/SOVEREIGN_PROGRAM_REPOSITORY_v1.2.0-RC2.zip!SOV_v1.2.0/00_PROGRAM_OFFICE/VISION.md
2,1651,py,ad44fc628c28b082cb4631f2e87f0c34b49ee4829dd6b57cc7310edfce30b960,WRITING_ARCHITECT.zip!WRITING_ARCHITECT/Module writing.zip!Module writing/SOVEREIGN_PROGRAM_REPOSITORY_v1.2.0-RC2.zip!SOV_v1.2.0/10_BUILD_SYSTEM/package_release.py | WRITING_ARCHITECT.zip!WRITING_ARCHITECT/Module writing/SOVEREIGN_PROGRAM_REPOSITORY_v1.2.0-RC2.zip!SOV_v1.2.0/10_BUILD_SYSTEM/package_release.py
2,1586,py,dc637f3eff4c8b72f08418e2526015e47fb4f3f63e95594e9392cf21481d6a07,WRITING_ARCHITECT.zip!WRITING_ARCHITECT/Module writing.zip!Module writing/SOVEREIGN_PROGRAM_REPOSITORY_v1.2.0-RC2.zip!SOV_v1.2.0/10_BUILD_SYSTEM/generate_asset_registry.py | WRITING_ARCHITECT.zip!WRITING_ARCHITECT/Module writing/SOVEREIGN_PROGRAM_REPOSITORY_v1.2.0-RC2.zip!SOV_v1.2.0/10_BUILD_SYSTEM/generate_asset_registry.py
2,1476,md,695a875ac5cc32aeeaab9ea02c9ad58f637a9a10129d906f469210e9d12740f9,WRITING_ARCHITECT.zip!WRITING_ARCHITECT/Module writing.zip!Module writing/SOVEREIGN_PROGRAM_REPOSITORY_v1.2.0-RC2.zip!SOV_v1.2.0/00_PROGRAM_OFFICE/CONSTITUTION.md | WRITING_ARCHITECT.zip!WRITING_ARCHITECT/Module writing/SOVEREIGN_PROGRAM_REPOSITORY_v1.2.0-RC2.zip!SOV_v1.2.0/00_PROGRAM_OFFICE/CONSTITUTION.md
2,1190,md,4065b9b4e7046e42d2885f45132dc203b5fc0823b7d8e30960db5fdebc537181,WRITING_ARCHITECT.zip!WRITING_ARCHITECT/Module writing.zip!Module writing/SOVEREIGN_PROGRAM_REPOSITORY_v1.2.0-RC2.zip!SOV_v1.2.0/00_PROGRAM_OFFICE/DECISION_REGISTER.md | WRITING_ARCHITECT.zip!WRITING_ARCHITECT/Module writing/SOVEREIGN_PROGRAM_REPOSITORY_v1.2.0-RC2.zip!SOV_v1.2.0/00_PROGRAM_OFFICE/DECISION_REGISTER.md
2,1177,md,11ac8232d6c4d7c05ba741ebba54dcfbdc77d4a395580a50c364ca90bcc62bcf,WRITING_ARCHITECT.zip!WRITING_ARCHITECT/Module writing.zip!Module writing/SOVEREIGN_PROGRAM_REPOSITORY_v1.2.0-RC2.zip!SOV_v1.2.0/CURRENT_STATE.md | WRITING_ARCHITECT.zip!WRITING_ARCHITECT/Module writing/SOVEREIGN_PROGRAM_REPOSITORY_v1.2.0-RC2.zip!SOV_v1.2.0/CURRENT_STATE.md
2,1111,md,e42881aa3dcf82e81dc6a5163e196cc6a1851c63e70b5ab46209ab093127e99a,WRITING_ARCHITECT.zip!WRITING_ARCHITECT/Module writing.zip!Module writing/SOVEREIGN_PROGRAM_REPOSITORY_v1.2.0-RC2.zip!SOV_v1.2.0/00_PROGRAM_OFFICE/BUILD_LEDGER.md | WRITING_ARCHITECT.zip!WRITING_ARCHITECT/Module writing/SOVEREIGN_PROGRAM_REPOSITORY_v1.2.0-RC2.zip!SOV_v1.2.0/00_PROGRAM_OFFICE/BUILD_LEDGER.md
2,1099,md,6a15ede0b3031a6898bd47ad5291449de11be5df1b1017395b75610f4a2ec845,WRITING_ARCHITECT.zip!WRITING_ARCHITECT/Module writing.zip!Module writing/SOVEREIGN_PROGRAM_REPOSITORY_v1.2.0-RC2.zip!SOV_v1.2.0/00_PROGRAM_OFFICE/PROGRAM_CHARTER.md | WRITING_ARCHITECT.zip!WRITING_ARCHITECT/Module writing/SOVEREIGN_PROGRAM_REPOSITORY_v1.2.0-RC2.zip!SOV_v1.2.0/00_PROGRAM_OFFICE/PROGRAM_CHARTER.md
2,1085,md,bac3ba15ce4db9b6ef7b325498d38c8a364d007dcde919cb42e23b91e64bec98,WRITING_ARCHITECT.zip!WRITING_ARCHITECT/Module writing.zip!Module writing/SOVEREIGN_PROGRAM_REPOSITORY_v1.2.0-RC2.zip!SOV_v1.2.0/START_HERE.md | WRITING_ARCHITECT.zip!WRITING_ARCHITECT/Module writing/SOVEREIGN_PROGRAM_REPOSITORY_v1.2.0-RC2.zip!SOV_v1.2.0/START_HERE.md
2,1078,md,686d1426eff261123a899429ab0d338c2af8a2278712010fc51bd159f60762da,WRITING_ARCHITECT.zip!WRITING_ARCHITECT/Module writing.zip!Module writing/SOVEREIGN_PROGRAM_REPOSITORY_v1.2.0-RC2.zip!SOV_v1.2.0/08_ARCHIVE/SOURCE_MATERIALS/RESTRICTED_EXTERNAL_REFERENCES.md | WRITING_ARCHITECT.zip!WRITING_ARCHITECT/Module writing/SOVEREIGN_PROGRAM_REPOSITORY_v1.2.0-RC2.zip!SOV_v1.2.0/08_ARCHIVE/SOURCE_MATERIALS/RESTRICTED_EXTERNAL_REFERENCES.md
2,1053,md,f00cd91149bbc5331adf5494ef7323ecd290b223a4f389dd67a4ea890ced9e59,WRITING_ARCHITECT.zip!WRITING_ARCHITECT/Module writing.zip!Module writing/SOVEREIGN_PROGRAM_REPOSITORY_v1.2.0-RC2.zip!SOV_v1.2.0/00_PROGRAM_OFFICE/RISK_REGISTER.md | WRITING_ARCHITECT.zip!WRITING_ARCHITECT/Module writing/SOVEREIGN_PROGRAM_REPOSITORY_v1.2.0-RC2.zip!SOV_v1.2.0/00_PROGRAM_OFFICE/RISK_REGISTER.md
2,973,md,78e0d2dd837f7010c468a4ca29f2b14d4e33f56d227d08051c5bc0c074863707,WRITING_ARCHITECT.zip!WRITING_ARCHITECT/Module writing.zip!Module writing/SOVEREIGN_PROGRAM_REPOSITORY_v1.2.0-RC2.zip!SOV_v1.2.0/RELEASE_NOTES.md | WRITING_ARCHITECT.zip!WRITING_ARCHITECT/Module writing/SOVEREIGN_PROGRAM_REPOSITORY_v1.2.0-RC2.zip!SOV_v1.2.0/RELEASE_NOTES.md
2,950,md,d813c3cc65165480e54ae67db4a388c90723910063e624e36fab4e591deff4c1,WRITING_ARCHITECT.zip!WRITING_ARCHITECT/Module writing.zip!Module writing/SOVEREIGN_PROGRAM_REPOSITORY_v1.2.0-RC2.zip!SOV_v1.2.0/00_PROGRAM_OFFICE/STEWARD_PREAMBLE.md | WRITING_ARCHITECT.zip!WRITING_ARCHITECT/Module writing/SOVEREIGN_PROGRAM_REPOSITORY_v1.2.0-RC2.zip!SOV_v1.2.0/00_PROGRAM_OFFICE/STEWARD_PREAMBLE.md
2,932,md,da3a4cf6210d3079b5220634dcd7d0e9c27327ad700114cf659a223cf95d4332,WRITING_ARCHITECT.zip!WRITING_ARCHITECT/Module writing.zip!Module writing/SOVEREIGN_PROGRAM_REPOSITORY_v1.2.0-RC2.zip!SOV_v1.2.0/AGENTS.md | WRITING_ARCHITECT.zip!WRITING_ARCHITECT/Module writing/SOVEREIGN_PROGRAM_REPOSITORY_v1.2.0-RC2.zip!SOV_v1.2.0/AGENTS.md
2,927,md,2bcdc8ecb52b823edc39197bd6f1603e877c946e6a6c48cf93967b8e27007061,WRITING_ARCHITECT.zip!WRITING_ARCHITECT/Module writing.zip!Module writing/SOVEREIGN_PROGRAM_REPOSITORY_v1.2.0-RC2.zip!SOV_v1.2.0/00_PROGRAM_OFFICE/ROADMAP.md | WRITING_ARCHITECT.zip!WRITING_ARCHITECT/Module writing/SOVEREIGN_PROGRAM_REPOSITORY_v1.2.0-RC2.zip!SOV_v1.2.0/00_PROGRAM_OFFICE/ROADMAP.md
2,917,md,0c4256044d6e2825a2fb0f0f712e9c2ba43863878c906a1687c3d934760ee983,WRITING_ARCHITECT.zip!WRITING_ARCHITECT/Module writing.zip!Module writing/SOVEREIGN_PROGRAM_REPOSITORY_v1.2.0-RC2.zip!SOV_v1.2.0/00_PROGRAM_OFFICE/DEBT_REGISTER.md | WRITING_ARCHITECT.zip!WRITING_ARCHITECT/Module writing/SOVEREIGN_PROGRAM_REPOSITORY_v1.2.0-RC2.zip!SOV_v1.2.0/00_PROGRAM_OFFICE/DEBT_REGISTER.md
2,828,md,36ff7a9d00cb6495c9ba64baf7ec3a405f967716f7af6525bf90ca963a092df6,WRITING_ARCHITECT.zip!WRITING_ARCHITECT/Module writing.zip!Module writing/SOVEREIGN_PROGRAM_REPOSITORY_v1.2.0-RC2.zip!SOV_v1.2.0/README.md | WRITING_ARCHITECT.zip!WRITING_ARCHITECT/Module writing/SOVEREIGN_PROGRAM_REPOSITORY_v1.2.0-RC2.zip!SOV_v1.2.0/README.md
2,825,md,8a8e8ab94c454192c7d65dbb6843cf931f5e48a01289d1db2e1246a12e148872,WRITING_ARCHITECT.zip!WRITING_ARCHITECT/Module writing.zip!Module writing/SOVEREIGN_PROGRAM_REPOSITORY_v1.2.0-RC2.zip!SOV_v1.2.0/01_ENGINEERING/ADR/ADR-0005.md | WRITING_ARCHITECT.zip!WRITING_ARCHITECT/Module writing/SOVEREIGN_PROGRAM_REPOSITORY_v1.2.0-RC2.zip!SOV_v1.2.0/01_ENGINEERING/ADR/ADR-0005.md
2,802,md,5ce238277e2d86461875883be21bfeb34598202f9801e7b8eef06e65d9cce20d,WRITING_ARCHITECT.zip!WRITING_ARCHITECT/Module writing.zip!Module writing/SOVEREIGN_PROGRAM_REPOSITORY_v1.2.0-RC2.zip!SOV_v1.2.0/04_PRODUCTS/PRODUCT_CATALOG.md | WRITING_ARCHITECT.zip!WRITING_ARCHITECT/Module writing/SOVEREIGN_PROGRAM_REPOSITORY_v1.2.0-RC2.zip!SOV_v1.2.0/04_PRODUCTS/PRODUCT_CATALOG.md
2,771,md,6b1ee4b8e1619a52eebc43fa5c4df58a713e649233493fcf5946723b3b784b80,WRITING_ARCHITECT.zip!WRITING_ARCHITECT/Module writing.zip!Module writing/SOVEREIGN_PROGRAM_REPOSITORY_v1.2.0-RC2.zip!SOV_v1.2.0/01_ENGINEERING/ADR/ADR-0006.md | WRITING_ARCHITECT.zip!WRITING_ARCHITECT/Module writing/SOVEREIGN_PROGRAM_REPOSITORY_v1.2.0-RC2.zip!SOV_v1.2.0/01_ENGINEERING/ADR/ADR-0006.md
2,765,md,77cd3293ab49feb21b8d3be92b1abff7e2506d32cc2cfbf53be172029e31a623,WRITING_ARCHITECT.zip!WRITING_ARCHITECT/Module writing.zip!Module writing/SOVEREIGN_PROGRAM_REPOSITORY_v1.2.0-RC2.zip!SOV_v1.2.0/02_PLATFORM/PLATFORM_REQUIREMENTS.md | WRITING_ARCHITECT.zip!WRITING_ARCHITECT/Module writing/SOVEREIGN_PROGRAM_REPOSITORY_v1.2.0-RC2.zip!SOV_v1.2.0/02_PLATFORM/PLATFORM_REQUIREMENTS.md
2,764,md,d3c869a9125dd413389d0f93fbe3b7360f6b8e7b2cd15c6b5663f3dd0dde9f10,WRITING_ARCHITECT.zip!WRITING_ARCHITECT/Module writing.zip!Module writing/SOVEREIGN_PROGRAM_REPOSITORY_v1.2.0-RC2.zip!SOV_v1.2.0/01_ENGINEERING/ADR/ADR-0003.md | WRITING_ARCHITECT.zip!WRITING_ARCHITECT/Module writing/SOVEREIGN_PROGRAM_REPOSITORY_v1.2.0-RC2.zip!SOV_v1.2.0/01_ENGINEERING/ADR/ADR-0003.md
2,760,md,c65064a4dc84632c139bb316610d80d5838324abb2d2819bff3c1d9d35ddadf6,WRITING_ARCHITECT.zip!WRITING_ARCHITECT/Module writing.zip!Module writing/SOVEREIGN_PROGRAM_REPOSITORY_v1.2.0-RC2.zip!SOV_v1.2.0/01_ENGINEERING/ADR/ADR-0001.md | WRITING_ARCHITECT.zip!WRITING_ARCHITECT/Module writing/SOVEREIGN_PROGRAM_REPOSITORY_v1.2.0-RC2.zip!SOV_v1.2.0/01_ENGINEERING/ADR/ADR-0001.md
2,744,md,dd93d304b48f6aa6ecffc908a66d30d291f1fae9376f44567875f26878c15486,WRITING_ARCHITECT.zip!WRITING_ARCHITECT/Module writing.zip!Module writing/SOVEREIGN_PROGRAM_REPOSITORY_v1.2.0-RC2.zip!SOV_v1.2.0/10_SESSION_HISTORY/BC-0002_SESSION_PACKAGE.md | WRITING_ARCHITECT.zip!WRITING_ARCHITECT/Module writing/SOVEREIGN_PROGRAM_REPOSITORY_v1.2.0-RC2.zip!SOV_v1.2.0/10_SESSION_HISTORY/BC-0002_SESSION_PACKAGE.md
2,735,md,f1a203e1fd79d5e68b4ab3636145c9dff6f4de57b608ca8fcc93b67190d8e152,WRITING_ARCHITECT.zip!WRITING_ARCHITECT/Module writing.zip!Module writing/SOVEREIGN_PROGRAM_REPOSITORY_v1.2.0-RC2.zip!SOV_v1.2.0/01_ENGINEERING/SES/SES-001_REPOSITORY_ARCHITECTURE.md | WRITING_ARCHITECT.zip!WRITING_ARCHITECT/Module writing/SOVEREIGN_PROGRAM_REPOSITORY_v1.2.0-RC2.zip!SOV_v1.2.0/01_ENGINEERING/SES/SES-001_REPOSITORY_ARCHITECTURE.md
2,730,md,802e09a42fd04c3dc4b555a2f846c3dc54313fd6fcec7d1f1aee7282969db1b2,WRITING_ARCHITECT.zip!WRITING_ARCHITECT/Module writing.zip!Module writing/SOVEREIGN_PROGRAM_REPOSITORY_v1.2.0-RC2.zip!SOV_v1.2.0/01_ENGINEERING/ADR/ADR-0002.md | WRITING_ARCHITECT.zip!WRITING_ARCHITECT/Module writing/SOVEREIGN_PROGRAM_REPOSITORY_v1.2.0-RC2.zip!SOV_v1.2.0/01_ENGINEERING/ADR/ADR-0002.md
2,718,md,1f057747741006b1e1ca98395b68b0c9ab4289a3340cefd1a0aa32c97dd8e3e5,WRITING_ARCHITECT.zip!WRITING_ARCHITECT/Module writing.zip!Module writing/SOVEREIGN_PROGRAM_REPOSITORY_v1.2.0-RC2.zip!SOV_v1.2.0/03_KNOWLEDGE/KNOWLEDGE_OBJECT_MODEL.md | WRITING_ARCHITECT.zip!WRITING_ARCHITECT/Module writing/SOVEREIGN_PROGRAM_REPOSITORY_v1.2.0-RC2.zip!SOV_v1.2.0/03_KNOWLEDGE/KNOWLEDGE_OBJECT_MODEL.md
2,715,md,524c6347780666067f0e15ff6b81635da113a9e5fd4a7b0711a08ebcd5ef5beb,WRITING_ARCHITECT.zip!WRITING_ARCHITECT/Module writing.zip!Module writing/SOVEREIGN_PROGRAM_REPOSITORY_v1.2.0-RC2.zip!SOV_v1.2.0/01_ENGINEERING/ADR/ADR-0004.md | WRITING_ARCHITECT.zip!WRITING_ARCHITECT/Module writing/SOVEREIGN_PROGRAM_REPOSITORY_v1.2.0-RC2.zip!SOV_v1.2.0/01_ENGINEERING/ADR/ADR-0004.md
2,688,md,041d92ee6fe3210f275d0b741ba6bfc7a2d0ce0214079744a8c152b8adf30e9f,WRITING_ARCHITECT.zip!WRITING_ARCHITECT/Module writing.zip!Module writing/SOVEREIGN_PROGRAM_REPOSITORY_v1.2.0-RC2.zip!SOV_v1.2.0/09_QUALITY/FOUNDATION_GATE_REPORT.md | WRITING_ARCHITECT.zip!WRITING_ARCHITECT/Module writing/SOVEREIGN_PROGRAM_REPOSITORY_v1.2.0-RC2.zip!SOV_v1.2.0/09_QUALITY/FOUNDATION_GATE_REPORT.md
2,665,md,6d9f259b4ac3fd2aa405fe024221914c7646b2d8889f4aef299f0177815cddbe,WRITING_ARCHITECT.zip!WRITING_ARCHITECT/Module writing.zip!Module writing/SOVEREIGN_PROGRAM_REPOSITORY_v1.2.0-RC2.zip!SOV_v1.2.0/01_ENGINEERING/ADR/ADR-0010.md | WRITING_ARCHITECT.zip!WRITING_ARCHITECT/Module writing/SOVEREIGN_PROGRAM_REPOSITORY_v1.2.0-RC2.zip!SOV_v1.2.0/01_ENGINEERING/ADR/ADR-0010.md
2,665,md,04e0d7b658fd84fe7eb6d0193647b11e0eea466e39536ca3bc1e03320457df92,WRITING_ARCHITECT.zip!WRITING_ARCHITECT/Module writing.zip!Module writing/SOVEREIGN_PROGRAM_REPOSITORY_v1.2.0-RC2.zip!SOV_v1.2.0/01_ENGINEERING/ADR/ADR-0009.md | WRITING_ARCHITECT.zip!WRITING_ARCHITECT/Module writing/SOVEREIGN_PROGRAM_REPOSITORY_v1.2.0-RC2.zip!SOV_v1.2.0/01_ENGINEERING/ADR/ADR-0009.md
2,661,md,c05f45670bcd31795b21344e8d92c473a3c40180bf4f195f12f17b9e099e97b8,WRITING_ARCHITECT.zip!WRITING_ARCHITECT/Module writing.zip!Module writing/SOVEREIGN_PROGRAM_REPOSITORY_v1.2.0-RC2.zip!SOV_v1.2.0/01_ENGINEERING/ADR/ADR-0008.md | WRITING_ARCHITECT.zip!WRITING_ARCHITECT/Module writing/SOVEREIGN_PROGRAM_REPOSITORY_v1.2.0-RC2.zip!SOV_v1.2.0/01_ENGINEERING/ADR/ADR-0008.md
2,621,md,24f9309f8f8a111cdb42404b574425cea5e358356f6b97749fe35d3ba1a7a94d,WRITING_ARCHITECT.zip!WRITING_ARCHITECT/Module writing.zip!Module writing/SOVEREIGN_PROGRAM_REPOSITORY_v1.2.0-RC2.zip!SOV_v1.2.0/01_ENGINEERING/ADR/ADR-0011.md | WRITING_ARCHITECT.zip!WRITING_ARCHITECT/Module writing/SOVEREIGN_PROGRAM_REPOSITORY_v1.2.0-RC2.zip!SOV_v1.2.0/01_ENGINEERING/ADR/ADR-0011.md
2,600,md,8747cfdcc654d55cdb38dc4211fc752823a9b27c77b84f2845f2b4b32295f97e,WRITING_ARCHITECT.zip!WRITING_ARCHITECT/Module writing.zip!Module writing/SOVEREIGN_PROGRAM_REPOSITORY_v1.2.0-RC2.zip!SOV_v1.2.0/04_PRODUCTS/CAPABILITY_CATALOG.md | WRITING_ARCHITECT.zip!WRITING_ARCHITECT/Module writing/SOVEREIGN_PROGRAM_REPOSITORY_v1.2.0-RC2.zip!SOV_v1.2.0/04_PRODUCTS/CAPABILITY_CATALOG.md
2,585,md,fadc3740a9698336f98607fb7a564fe1f78a5d4ef5611e9797a7ed903c5ee258,WRITING_ARCHITECT.zip!WRITING_ARCHITECT/Module writing.zip!Module writing/SOVEREIGN_PROGRAM_REPOSITORY_v1.2.0-RC2.zip!SOV_v1.2.0/01_ENGINEERING/SES/SES-010_RESEARCH_STANDARD.md | WRITING_ARCHITECT.zip!WRITING_ARCHITECT/Module writing/SOVEREIGN_PROGRAM_REPOSITORY_v1.2.0-RC2.zip!SOV_v1.2.0/01_ENGINEERING/SES/SES-010_RESEARCH_STANDARD.md
2,572,md,20f625e3fa293eb5e65207f65c3f6f75295f0d58cdcf4124afdad457946cb51c,WRITING_ARCHITECT.zip!WRITING_ARCHITECT/Module writing.zip!Module writing/SOVEREIGN_PROGRAM_REPOSITORY_v1.2.0-RC2.zip!SOV_v1.2.0/01_ENGINEERING/SES/SES-008_SECURITY_AND_PRIVACY.md | WRITING_ARCHITECT.zip!WRITING_ARCHITECT/Module writing/SOVEREIGN_PROGRAM_REPOSITORY_v1.2.0-RC2.zip!SOV_v1.2.0/01_ENGINEERING/SES/SES-008_SECURITY_AND_PRIVACY.md
2,563,md,312edfee74eb9efbf0feadfdf1e2579d5879fc66f3bd9b419780bc3a4e67b54b,WRITING_ARCHITECT.zip!WRITING_ARCHITECT/Module writing.zip!Module writing/SOVEREIGN_PROGRAM_REPOSITORY_v1.2.0-RC2.zip!SOV_v1.2.0/01_ENGINEERING/SES/SES-002_METADATA_STANDARD.md | WRITING_ARCHITECT.zip!WRITING_ARCHITECT/Module writing/SOVEREIGN_PROGRAM_REPOSITORY_v1.2.0-RC2.zip!SOV_v1.2.0/01_ENGINEERING/SES/SES-002_METADATA_STANDARD.md
2,556,md,5e54b2e970e58fb0d6a4195aaaf0081992182a431450935a187f6af5a56efb17,WRITING_ARCHITECT.zip!WRITING_ARCHITECT/Module writing.zip!Module writing/SOVEREIGN_PROGRAM_REPOSITORY_v1.2.0-RC2.zip!SOV_v1.2.0/01_ENGINEERING/SES/SES-005_DECISION_AND_CHANGE_CONTROL.md | WRITING_ARCHITECT.zip!WRITING_ARCHITECT/Module writing/SOVEREIGN_PROGRAM_REPOSITORY_v1.2.0-RC2.zip!SOV_v1.2.0/01_ENGINEERING/SES/SES-005_DECISION_AND_CHANGE_CONTROL.md
2,553,md,e1889daec495aaf2ace0fb3799a387924318bcb57bd64253b8f80fafc7db20e5,WRITING_ARCHITECT.zip!WRITING_ARCHITECT/Module writing.zip!Module writing/SOVEREIGN_PROGRAM_REPOSITORY_v1.2.0-RC2.zip!SOV_v1.2.0/01_ENGINEERING/SES/SES-009_KNOWLEDGE_STANDARD.md | WRITING_ARCHITECT.zip!WRITING_ARCHITECT/Module writing/SOVEREIGN_PROGRAM_REPOSITORY_v1.2.0-RC2.zip!SOV_v1.2.0/01_ENGINEERING/SES/SES-009_KNOWLEDGE_STANDARD.md
2,549,md,391ee1c97a7cc31870b06098042993267df0ac8e2addd49afe70fc9599466c88,WRITING_ARCHITECT.zip!WRITING_ARCHITECT/Module writing.zip!Module writing/SOVEREIGN_PROGRAM_REPOSITORY_v1.2.0-RC2.zip!SOV_v1.2.0/09_QUALITY/REPOSITORY_HEALTH.md | WRITING_ARCHITECT.zip!WRITING_ARCHITECT/Module writing/SOVEREIGN_PROGRAM_REPOSITORY_v1.2.0-RC2.zip!SOV_v1.2.0/09_QUALITY/REPOSITORY_HEALTH.md
2,542,md,6ca6f24d77f7621b1e6bd25b9e51548c192fba8a8c6c4fb7e81c038d03b96ccd,WRITING_ARCHITECT.zip!WRITING_ARCHITECT/Module writing.zip!Module writing/SOVEREIGN_PROGRAM_REPOSITORY_v1.2.0-RC2.zip!SOV_v1.2.0/01_ENGINEERING/SES/SES-003_NAMING_STANDARD.md | WRITING_ARCHITECT.zip!WRITING_ARCHITECT/Module writing/SOVEREIGN_PROGRAM_REPOSITORY_v1.2.0-RC2.zip!SOV_v1.2.0/01_ENGINEERING/SES/SES-003_NAMING_STANDARD.md
2,541,md,851347d6b15685c0056b0e9eec7f3c45b37e11f576625da78b7d8745dd765010,WRITING_ARCHITECT.zip!WRITING_ARCHITECT/Module writing.zip!Module writing/SOVEREIGN_PROGRAM_REPOSITORY_v1.2.0-RC2.zip!SOV_v1.2.0/05_ACADEMY/LEARNING_PATH_HOME_AI.md | WRITING_ARCHITECT.zip!WRITING_ARCHITECT/Module writing/SOVEREIGN_PROGRAM_REPOSITORY_v1.2.0-RC2.zip!SOV_v1.2.0/05_ACADEMY/LEARNING_PATH_HOME_AI.md
2,540,md,d989aa1f3b19f3857ec5e68258edccc72c446dafd94cb8ba0d0493522f9c81eb,WRITING_ARCHITECT.zip!WRITING_ARCHITECT/Module writing.zip!Module writing/SOVEREIGN_PROGRAM_REPOSITORY_v1.2.0-RC2.zip!SOV_v1.2.0/05_ACADEMY/ACADEMY_FRAMEWORK.md | WRITING_ARCHITECT.zip!WRITING_ARCHITECT/Module writing/SOVEREIGN_PROGRAM_REPOSITORY_v1.2.0-RC2.zip!SOV_v1.2.0/05_ACADEMY/ACADEMY_FRAMEWORK.md
2,537,md,5f0ff5f256ae65e5a0eca9519e170f8477ad1038eb49670e96d5e30aeaf05fb3,WRITING_ARCHITECT.zip!WRITING_ARCHITECT/Module writing.zip!Module writing/SOVEREIGN_PROGRAM_REPOSITORY_v1.2.0-RC2.zip!SOV_v1.2.0/01_ENGINEERING/SES/SES-006_QUALITY_AND_ACCEPTANCE.md | WRITING_ARCHITECT.zip!WRITING_ARCHITECT/Module writing/SOVEREIGN_PROGRAM_REPOSITORY_v1.2.0-RC2.zip!SOV_v1.2.0/01_ENGINEERING/SES/SES-006_QUALITY_AND_ACCEPTANCE.md
2,532,md,e066d6c5bd09e77897769c5e20d029b73e51db02e46e97a90837c9e8c9e6ddf6,WRITING_ARCHITECT.zip!WRITING_ARCHITECT/Module writing.zip!Module writing/SOVEREIGN_PROGRAM_REPOSITORY_v1.2.0-RC2.zip!SOV_v1.2.0/00_PROGRAM_OFFICE/ASSET_REGISTRY.md | WRITING_ARCHITECT.zip!WRITING_ARCHITECT/Module writing/SOVEREIGN_PROGRAM_REPOSITORY_v1.2.0-RC2.zip!SOV_v1.2.0/00_PROGRAM_OFFICE/ASSET_REGISTRY.md
2,523,md,7e10a205acd372aeb38e3a9f1c0e04cc749a8ffa6406212af618ab1de8c75524,WRITING_ARCHITECT.zip!WRITING_ARCHITECT/Module writing.zip!Module writing/SOVEREIGN_PROGRAM_REPOSITORY_v1.2.0-RC2.zip!SOV_v1.2.0/01_ENGINEERING/ADR/ADR-0007.md | WRITING_ARCHITECT.zip!WRITING_ARCHITECT/Module writing/SOVEREIGN_PROGRAM_REPOSITORY_v1.2.0-RC2.zip!SOV_v1.2.0/01_ENGINEERING/ADR/ADR-0007.md
2,519,md,adc600b81724cd46384ace9b2a9b92f8a28b8a7e61550fd73347f11a850cad96,WRITING_ARCHITECT.zip!WRITING_ARCHITECT/Module writing.zip!Module writing/SOVEREIGN_PROGRAM_REPOSITORY_v1.2.0-RC2.zip!SOV_v1.2.0/08_ARCHIVE/SOURCE_MATERIALS/README.md | WRITING_ARCHITECT.zip!WRITING_ARCHITECT/Module writing/SOVEREIGN_PROGRAM_REPOSITORY_v1.2.0-RC2.zip!SOV_v1.2.0/08_ARCHIVE/SOURCE_MATERIALS/README.md
2,513,md,3bf57819eecf3bd0bac1be98e30707ea71828e5d5463d6554819c5bfb999d20e,WRITING_ARCHITECT.zip!WRITING_ARCHITECT/Module writing.zip!Module writing/SOVEREIGN_PROGRAM_REPOSITORY_v1.2.0-RC2.zip!SOV_v1.2.0/06_OPERATIONS/OPERATING_RHYTHM.md | WRITING_ARCHITECT.zip!WRITING_ARCHITECT/Module writing/SOVEREIGN_PROGRAM_REPOSITORY_v1.2.0-RC2.zip!SOV_v1.2.0/06_OPERATIONS/OPERATING_RHYTHM.md
2,511,md,c01ef4becf0b659dae9122db240566da70e3d321c0835323cd87389c09781aa1,WRITING_ARCHITECT.zip!WRITING_ARCHITECT/Module writing.zip!Module writing/SOVEREIGN_PROGRAM_REPOSITORY_v1.2.0-RC2.zip!SOV_v1.2.0/02_PLATFORM/SECURITY_BASELINE.md | WRITING_ARCHITECT.zip!WRITING_ARCHITECT/Module writing/SOVEREIGN_PROGRAM_REPOSITORY_v1.2.0-RC2.zip!SOV_v1.2.0/02_PLATFORM/SECURITY_BASELINE.md
2,507,md,e84fb5599fd2644f99879a621c49e6b971ade2b3532d444d17d1e73d3a5bbf57,WRITING_ARCHITECT.zip!WRITING_ARCHITECT/Module writing.zip!Module writing/SOVEREIGN_PROGRAM_REPOSITORY_v1.2.0-RC2.zip!SOV_v1.2.0/01_ENGINEERING/SES/SES-007_RELEASE_AND_VERSIONING.md | WRITING_ARCHITECT.zip!WRITING_ARCHITECT/Module writing/SOVEREIGN_PROGRAM_REPOSITORY_v1.2.0-RC2.zip!SOV_v1.2.0/01_ENGINEERING/SES/SES-007_RELEASE_AND_VERSIONING.md
2,489,md,c5863f364ca1816c10ccf4d796c6f5a9a1aa2d56b0622bffafae8b54dede019d,WRITING_ARCHITECT.zip!WRITING_ARCHITECT/Module writing.zip!Module writing/SOVEREIGN_PROGRAM_REPOSITORY_v1.2.0-RC2.zip!SOV_v1.2.0/03_KNOWLEDGE/CONVERSATION_CONTINUITY.md | WRITING_ARCHITECT.zip!WRITING_ARCHITECT/Module writing/SOVEREIGN_PROGRAM_REPOSITORY_v1.2.0-RC2.zip!SOV_v1.2.0/03_KNOWLEDGE/CONVERSATION_CONTINUITY.md
2,488,md,615e6ed310534e76063591703dd6e82ad650ebe2782325818234e08690655816,WRITING_ARCHITECT.zip!WRITING_ARCHITECT/Module writing.zip!Module writing/SOVEREIGN_PROGRAM_REPOSITORY_v1.2.0-RC2.zip!SOV_v1.2.0/06_OPERATIONS/INCIDENT_AND_RECOVERY.md | WRITING_ARCHITECT.zip!WRITING_ARCHITECT/Module writing/SOVEREIGN_PROGRAM_REPOSITORY_v1.2.0-RC2.zip!SOV_v1.2.0/06_OPERATIONS/INCIDENT_AND_RECOVERY.md
2,487,md,233e3bbb03dde175702fe576b77eae1a529e71cddd87e483182ba66e523b619e,WRITING_ARCHITECT.zip!WRITING_ARCHITECT/Module writing.zip!Module writing/SOVEREIGN_PROGRAM_REPOSITORY_v1.2.0-RC2.zip!SOV_v1.2.0/02_PLATFORM/BACKUP_AND_RECOVERY_REQUIREMENTS.md | WRITING_ARCHITECT.zip!WRITING_ARCHITECT/Module writing/SOVEREIGN_PROGRAM_REPOSITORY_v1.2.0-RC2.zip!SOV_v1.2.0/02_PLATFORM/BACKUP_AND_RECOVERY_REQUIREMENTS.md
2,467,md,8d0b0188747537286be459a62b5af059a0bf8c98c9ba2df48d4063dae97b6f04,WRITING_ARCHITECT.zip!WRITING_ARCHITECT/Module writing.zip!Module writing/SOVEREIGN_PROGRAM_REPOSITORY_v1.2.0-RC2.zip!SOV_v1.2.0/01_ENGINEERING/SES/SES-004_ASSET_LIFECYCLE.md | WRITING_ARCHITECT.zip!WRITING_ARCHITECT/Module writing/SOVEREIGN_PROGRAM_REPOSITORY_v1.2.0-RC2.zip!SOV_v1.2.0/01_ENGINEERING/SES/SES-004_ASSET_LIFECYCLE.md
2,466,md,cb8be177943d0f3bbd763b320809cf05cfc782d40f3bb3cd8b35e95a9f6dd05b,WRITING_ARCHITECT.zip!WRITING_ARCHITECT/Module writing.zip!Module writing/SOVEREIGN_PROGRAM_REPOSITORY_v1.2.0-RC2.zip!SOV_v1.2.0/09_QUALITY/QUALITY_MANAGEMENT_SYSTEM.md | WRITING_ARCHITECT.zip!WRITING_ARCHITECT/Module writing/SOVEREIGN_PROGRAM_REPOSITORY_v1.2.0-RC2.zip!SOV_v1.2.0/09_QUALITY/QUALITY_MANAGEMENT_SYSTEM.md
2,452,md,84706aa79af53874e5b7551a51fb25319e755a43e51f689f4cdd2e1dca2b1ad5,WRITING_ARCHITECT.zip!WRITING_ARCHITECT/Module writing.zip!Module writing/SOVEREIGN_PROGRAM_REPOSITORY_v1.2.0-RC2.zip!SOV_v1.2.0/03_KNOWLEDGE/INGESTION_POLICY.md | WRITING_ARCHITECT.zip!WRITING_ARCHITECT/Module writing/SOVEREIGN_PROGRAM_REPOSITORY_v1.2.0-RC2.zip!SOV_v1.2.0/03_KNOWLEDGE/INGESTION_POLICY.md
2,424,md,f6b59a142d807f763c2f5c1acd00e02a928cddb563da19171e1996efb225db58,WRITING_ARCHITECT.zip!WRITING_ARCHITECT/Module writing.zip!Module writing/SOVEREIGN_PROGRAM_REPOSITORY_v1.2.0-RC2.zip!SOV_v1.2.0/VERSION.md | WRITING_ARCHITECT.zip!WRITING_ARCHITECT/Module writing/SOVEREIGN_PROGRAM_REPOSITORY_v1.2.0-RC2.zip!SOV_v1.2.0/VERSION.md
2,404,md,a9ce48c3005188b5004ae00876fdffd8b8dab2c6629d53a6f225cf2f31303a60,WRITING_ARCHITECT.zip!WRITING_ARCHITECT/Module writing.zip!Module writing/SOVEREIGN_PROGRAM_REPOSITORY_v1.2.0-RC2.zip!SOV_v1.2.0/04_PRODUCTS/READINESS_MODEL.md | WRITING_ARCHITECT.zip!WRITING_ARCHITECT/Module writing/SOVEREIGN_PROGRAM_REPOSITORY_v1.2.0-RC2.zip!SOV_v1.2.0/04_PRODUCTS/READINESS_MODEL.md
2,388,md,bba5a061a12b2e711c507869228a705371140927c1ae2cf6438e8963d713220d,WRITING_ARCHITECT.zip!WRITING_ARCHITECT/Module writing.zip!Module writing/SOVEREIGN_PROGRAM_REPOSITORY_v1.2.0-RC2.zip!SOV_v1.2.0/07_LAB/README.md | WRITING_ARCHITECT.zip!WRITING_ARCHITECT/Module writing/SOVEREIGN_PROGRAM_REPOSITORY_v1.2.0-RC2.zip!SOV_v1.2.0/07_LAB/README.md
2,385,md,94c2b07ea7e90215250dea3e7f4cfcd3a7a320476070f250f37deadbb86ea18e,WRITING_ARCHITECT.zip!WRITING_ARCHITECT/Module writing.zip!Module writing/SOVEREIGN_PROGRAM_REPOSITORY_v1.2.0-RC2.zip!SOV_v1.2.0/01_ENGINEERING/ADR/ADR_TEMPLATE.md | WRITING_ARCHITECT.zip!WRITING_ARCHITECT/Module writing/SOVEREIGN_PROGRAM_REPOSITORY_v1.2.0-RC2.zip!SOV_v1.2.0/01_ENGINEERING/ADR/ADR_TEMPLATE.md
2,378,json,929efb8efc8fc3e48e2f9141e740bded30e8f0383f1093a01e3dbeef23c06f3c,WRITING_ARCHITECT.zip!WRITING_ARCHITECT/Module writing.zip!Module writing/SOVEREIGN_PROGRAM_REPOSITORY_v1.2.0-RC2.zip!SOV_v1.2.0/Bootstrap_Package/00_MANIFEST/FOUNDATION_MANIFEST.json | WRITING_ARCHITECT.zip!WRITING_ARCHITECT/Module writing/SOVEREIGN_PROGRAM_REPOSITORY_v1.2.0-RC2.zip!SOV_v1.2.0/Bootstrap_Package/00_MANIFEST/FOUNDATION_MANIFEST.json
2,369,md,b11771edd9dd7d90da58a95e95537f03f3272b6bdd799cbf23c628129e7c7d62,WRITING_ARCHITECT.zip!WRITING_ARCHITECT/Module writing.zip!Module writing/SOVEREIGN_PROGRAM_REPOSITORY_v1.2.0-RC2.zip!SOV_v1.2.0/01_ENGINEERING/SES/SES-000_RETIRED.md | WRITING_ARCHITECT.zip!WRITING_ARCHITECT/Module writing/SOVEREIGN_PROGRAM_REPOSITORY_v1.2.0-RC2.zip!SOV_v1.2.0/01_ENGINEERING/SES/SES-000_RETIRED.md
2,361,md,a24263b7cf331c978ca20e067d3e2d76445cab0d7d9b5bc35a4ef74e357c260c,WRITING_ARCHITECT.zip!WRITING_ARCHITECT/Module writing.zip!Module writing/SOVEREIGN_PROGRAM_REPOSITORY_v1.2.0-RC2.zip!SOV_v1.2.0/08_ARCHIVE/README.md | WRITING_ARCHITECT.zip!WRITING_ARCHITECT/Module writing/SOVEREIGN_PROGRAM_REPOSITORY_v1.2.0-RC2.zip!SOV_v1.2.0/08_ARCHIVE/README.md
2,343,md,614680839bd3d6cc1281043d1c8887f2fb8943ae2a49e0fe780cec0c99b372b5,WRITING_ARCHITECT.zip!WRITING_ARCHITECT/Module writing.zip!Module writing/SOVEREIGN_PROGRAM_REPOSITORY_v1.2.0-RC2.zip!SOV_v1.2.0/10_BUILD_SYSTEM/README.md | WRITING_ARCHITECT.zip!WRITING_ARCHITECT/Module writing/SOVEREIGN_PROGRAM_REPOSITORY_v1.2.0-RC2.zip!SOV_v1.2.0/10_BUILD_SYSTEM/README.md
2,226,md,b6f17e0f6ac6eb33ffab604abe00d129206bf4299994d9a7437a49c3071d6df9,WRITING_ARCHITECT.zip!WRITING_ARCHITECT/Module writing.zip!Module writing/SOVEREIGN_PROGRAM_REPOSITORY_v1.2.0-RC2.zip!SOV_v1.2.0/Bootstrap_Package/99_RECOVERY/RESTORE_PROCEDURE.md | WRITING_ARCHITECT.zip!WRITING_ARCHITECT/Module writing/SOVEREIGN_PROGRAM_REPOSITORY_v1.2.0-RC2.zip!SOV_v1.2.0/Bootstrap_Package/99_RECOVERY/RESTORE_PROCEDURE.md
2,99,md,cc1ffb32297e9b45350bf6a2d441a4d5d79765be557cb7bdf2f4a261531f0aca,WRITING_ARCHITECT.zip!WRITING_ARCHITECT/Module writing.zip!Module writing/SOVEREIGN_PROGRAM_REPOSITORY_v1.2.0-RC2.zip!SOV_v1.2.0/08_ARCHIVE/SOURCE_MATERIALS/SOVEREIGN_PROGRAM_REPOSITORY_v0.1.zip!SOVEREIGN_PROGRAM_REPOSITORY_v0.1/00_PMO/CURRENT_STATE.md | WRITING_ARCHITECT.zip!WRITING_ARCHITECT/Module writing/SOVEREIGN_PROGRAM_REPOSITORY_v1.2.0-RC2.zip!SOV_v1.2.0/08_ARCHIVE/SOURCE_MATERIALS/SOVEREIGN_PROGRAM_REPOSITORY_v0.1.zip!SOVEREIGN_PROGRAM_REPOSITORY_v0.1/00_PMO/CURRENT_STATE.md
2,69,md,2c5d6a2755f084966c98cb315534a4f532ac0216ebc5b7d3cdaf618347451ee1,WRITING_ARCHITECT.zip!WRITING_ARCHITECT/Module writing.zip!Module writing/SOVEREIGN_PROGRAM_REPOSITORY_v1.2.0-RC2.zip!SOV_v1.2.0/08_ARCHIVE/SOURCE_MATERIALS/SOVEREIGN_PROGRAM_REPOSITORY_v0.1.zip!SOVEREIGN_PROGRAM_REPOSITORY_v0.1/00_PMO/MISSION.md | WRITING_ARCHITECT.zip!WRITING_ARCHITECT/Module writing/SOVEREIGN_PROGRAM_REPOSITORY_v1.2.0-RC2.zip!SOV_v1.2.0/08_ARCHIVE/SOURCE_MATERIALS/SOVEREIGN_PROGRAM_REPOSITORY_v0.1.zip!SOVEREIGN_PROGRAM_REPOSITORY_v0.1/00_PMO/MISSION.md
2,66,md,aef2711efd75435118969cd3930e488b9a1bbe61d0a15433e3e5240ed448fe9a,WRITING_ARCHITECT.zip!WRITING_ARCHITECT/Module writing.zip!Module writing/SOVEREIGN_PROGRAM_REPOSITORY_v1.2.0-RC2.zip!SOV_v1.2.0/08_ARCHIVE/SOURCE_MATERIALS/SOVEREIGN_PROGRAM_REPOSITORY_v0.1.zip!SOVEREIGN_PROGRAM_REPOSITORY_v0.1/README.md | WRITING_ARCHITECT.zip!WRITING_ARCHITECT/Module writing/SOVEREIGN_PROGRAM_REPOSITORY_v1.2.0-RC2.zip!SOV_v1.2.0/08_ARCHIVE/SOURCE_MATERIALS/SOVEREIGN_PROGRAM_REPOSITORY_v0.1.zip!SOVEREIGN_PROGRAM_REPOSITORY_v0.1/README.md
2,66,md,88a817f082baafb70b97ad2c8b4958fac0a095a2a04efab7063168e718125e1d,WRITING_ARCHITECT.zip!WRITING_ARCHITECT/Module writing.zip!Module writing/SOVEREIGN_PROGRAM_REPOSITORY_v1.2.0-RC2.zip!SOV_v1.2.0/08_ARCHIVE/SOURCE_MATERIALS/SOVEREIGN_PROGRAM_REPOSITORY_v0.1.zip!SOVEREIGN_PROGRAM_REPOSITORY_v0.1/00_PMO/ROADMAP.md | WRITING_ARCHITECT.zip!WRITING_ARCHITECT/Module writing/SOVEREIGN_PROGRAM_REPOSITORY_v1.2.0-RC2.zip!SOV_v1.2.0/08_ARCHIVE/SOURCE_MATERIALS/SOVEREIGN_PROGRAM_REPOSITORY_v0.1.zip!SOVEREIGN_PROGRAM_REPOSITORY_v0.1/00_PMO/ROADMAP.md
2,55,md,25bc5ca71f7a2d70fc6555da212364ebba0b2da884467852456cfeb0c61d874f,WRITING_ARCHITECT.zip!WRITING_ARCHITECT/Module writing.zip!Module writing/SOVEREIGN_PROGRAM_REPOSITORY_v1.2.0-RC2.zip!SOV_v1.2.0/08_ARCHIVE/SOURCE_MATERIALS/SOVEREIGN_PROGRAM_REPOSITORY_v0.1.zip!SOVEREIGN_PROGRAM_REPOSITORY_v0.1/00_PMO/CHANGELOG.md | WRITING_ARCHITECT.zip!WRITING_ARCHITECT/Module writing/SOVEREIGN_PROGRAM_REPOSITORY_v1.2.0-RC2.zip!SOV_v1.2.0/08_ARCHIVE/SOURCE_MATERIALS/SOVEREIGN_PROGRAM_REPOSITORY_v0.1.zip!SOVEREIGN_PROGRAM_REPOSITORY_v0.1/00_PMO/CHANGELOG.md
2,38,md,25891ffa7dcbd17a584499ff98a932bf41afa3e1863e7cf5172e1edcaff799a3,WRITING_ARCHITECT.zip!WRITING_ARCHITECT/Module writing.zip!Module writing/SOVEREIGN_PROGRAM_REPOSITORY_v1.2.0-RC2.zip!SOV_v1.2.0/08_ARCHIVE/SOURCE_MATERIALS/SOVEREIGN_PROGRAM_REPOSITORY_v0.1.zip!SOVEREIGN_PROGRAM_REPOSITORY_v0.1/00_PMO/DECISIONS.md | WRITING_ARCHITECT.zip!WRITING_ARCHITECT/Module writing/SOVEREIGN_PROGRAM_REPOSITORY_v1.2.0-RC2.zip!SOV_v1.2.0/08_ARCHIVE/SOURCE_MATERIALS/SOVEREIGN_PROGRAM_REPOSITORY_v0.1.zip!SOVEREIGN_PROGRAM_REPOSITORY_v0.1/00_PMO/DECISIONS.md
2,37,md,55020292101fcfc95e3535d79b8bd3122db5021f3ee50274933a1149df64743b,WRITING_ARCHITECT.zip!WRITING_ARCHITECT/Module writing.zip!Module writing/SOVEREIGN_PROGRAM_REPOSITORY_v1.2.0-RC2.zip!SOV_v1.2.0/08_ARCHIVE/SOURCE_MATERIALS/SOVEREIGN_PROGRAM_REPOSITORY_v0.1.zip!SOVEREIGN_PROGRAM_REPOSITORY_v0.1/00_PMO/MILESTONES.md | WRITING_ARCHITECT.zip!WRITING_ARCHITECT/Module writing/SOVEREIGN_PROGRAM_REPOSITORY_v1.2.0-RC2.zip!SOV_v1.2.0/08_ARCHIVE/SOURCE_MATERIALS/SOVEREIGN_PROGRAM_REPOSITORY_v0.1.zip!SOVEREIGN_PROGRAM_REPOSITORY_v0.1/00_PMO/MILESTONES.md
2,34,md,6862c27bd74aae3eee4f5c2b40a6bddcd1e204ecb3af9b52f7fad1b98306b3dd,WRITING_ARCHITECT.zip!WRITING_ARCHITECT/Module writing.zip!Module writing/SOVEREIGN_PROGRAM_REPOSITORY_v1.2.0-RC2.zip!SOV_v1.2.0/08_ARCHIVE/SOURCE_MATERIALS/SOVEREIGN_PROGRAM_REPOSITORY_v0.1.zip!SOVEREIGN_PROGRAM_REPOSITORY_v0.1/00_PMO/STANDARDS_INDEX.md | WRITING_ARCHITECT.zip!WRITING_ARCHITECT/Module writing/SOVEREIGN_PROGRAM_REPOSITORY_v1.2.0-RC2.zip!SOV_v1.2.0/08_ARCHIVE/SOURCE_MATERIALS/SOVEREIGN_PROGRAM_REPOSITORY_v0.1.zip!SOVEREIGN_PROGRAM_REPOSITORY_v0.1/00_PMO/STANDARDS_INDEX.md
2,32,md,dcfae0f94c5c5e4e7cd8f3f93ae7b3601b6e918dada77852311c991d5dfad0d0,WRITING_ARCHITECT.zip!WRITING_ARCHITECT/Module writing.zip!Module writing/SOVEREIGN_PROGRAM_REPOSITORY_v1.2.0-RC2.zip!SOV_v1.2.0/08_ARCHIVE/SOURCE_MATERIALS/SOVEREIGN_PROGRAM_REPOSITORY_v0.1.zip!SOVEREIGN_PROGRAM_REPOSITORY_v0.1/00_PMO/NEXT_ACTION.md | WRITING_ARCHITECT.zip!WRITING_ARCHITECT/Module writing/SOVEREIGN_PROGRAM_REPOSITORY_v1.2.0-RC2.zip!SOV_v1.2.0/08_ARCHIVE/SOURCE_MATERIALS/SOVEREIGN_PROGRAM_REPOSITORY_v0.1.zip!SOVEREIGN_PROGRAM_REPOSITORY_v0.1/00_PMO/NEXT_ACTION.md
2,30,md,d9aa64dbabac9db9e792abd396746475481a8e940eb3f2cf218cd5eb07370426,WRITING_ARCHITECT.zip!WRITING_ARCHITECT/Module writing.zip!Module writing/SOVEREIGN_PROGRAM_REPOSITORY_v1.2.0-RC2.zip!SOV_v1.2.0/08_ARCHIVE/SOURCE_MATERIALS/SOVEREIGN_PROGRAM_REPOSITORY_v0.1.zip!SOVEREIGN_PROGRAM_REPOSITORY_v0.1/00_PMO/BACKLOG.md | WRITING_ARCHITECT.zip!WRITING_ARCHITECT/Module writing/SOVEREIGN_PROGRAM_REPOSITORY_v1.2.0-RC2.zip!SOV_v1.2.0/08_ARCHIVE/SOURCE_MATERIALS/SOVEREIGN_PROGRAM_REPOSITORY_v0.1.zip!SOVEREIGN_PROGRAM_REPOSITORY_v0.1/00_PMO/BACKLOG.md
2,23,md,387bbbc23cf19c2c841b5d960ac256539a57436aa71663b284a13401fbd31bb6,WRITING_ARCHITECT.zip!WRITING_ARCHITECT/Module writing.zip!Module writing/SOVEREIGN_PROGRAM_REPOSITORY_v1.2.0-RC2.zip!SOV_v1.2.0/08_ARCHIVE/SOURCE_MATERIALS/SOVEREIGN_PROGRAM_REPOSITORY_v0.1.zip!SOVEREIGN_PROGRAM_REPOSITORY_v0.1/00_PMO/RISKS.md | WRITING_ARCHITECT.zip!WRITING_ARCHITECT/Module writing/SOVEREIGN_PROGRAM_REPOSITORY_v1.2.0-RC2.zip!SOV_v1.2.0/08_ARCHIVE/SOURCE_MATERIALS/SOVEREIGN_PROGRAM_REPOSITORY_v0.1.zip!SOVEREIGN_PROGRAM_REPOSITORY_v0.1/00_PMO/RISKS.md
