logical_path,ext,size_bytes,depth,sha256,kind
WRITING_ARCHITECT.zip!WRITING_ARCHITECT/SOVEREIGN_Writing_System_v1.0,0,44918,0,3914d58fcbb15474876df5ccd985c42aadcea023efee32cb32a80e03087b2a8d,payload
WRITING_ARCHITECT.zip!__MACOSX/WRITING_ARCHITECT/._SOVEREIGN_Writing_System_v1.0,0,219,0,183d5f9ccea67024dcb7092db8834c69e7c17eabb356a6f322b8cc5b5563dfc0,packaging
WRITING_ARCHITECT.zip!WRITING_ARCHITECT/Ultimate_Diagnostic.docx,docx,15253,0,f74cbde8bf38fc09a23cc1f8d617947e8b2baebd0f9b07b825c9a8664a253279,payload
WRITING_ARCHITECT.zip!__MACOSX/WRITING_ARCHITECT/._Ultimate_Diagnostic.docx,docx,219,0,183d5f9ccea67024dcb7092db8834c69e7c17eabb356a6f322b8cc5b5563dfc0,packaging
WRITING_ARCHITECT.zip!WRITING_ARCHITECT/Ultimately_World_Build.docx,docx,17396,0,c1e157387805a72a1e166510cdd55f9ab6e42d7e0ec9d3ca6d12870f211e130e,payload
WRITING_ARCHITECT.zip!__MACOSX/WRITING_ARCHITECT/._Ultimately_World_Build.docx,docx,219,0,183d5f9ccea67024dcb7092db8834c69e7c17eabb356a6f322b8cc5b5563dfc0,packaging
WRITING_ARCHITECT.zip!WRITING_ARCHITECT/Universal_Reader_Copy_Master_Protocol_Brian_Fochtman.docx,docx,42574,0,ed09e692942656302c7a148f0ec9c876e38537cef4a2ba79e19a60dc096ff9e0,payload
WRITING_ARCHITECT.zip!__MACOSX/WRITING_ARCHITECT/._Universal_Reader_Copy_Master_Protocol_Brian_Fochtman.docx,docx,275,0,8790282cf6c383211fe085bdeb93ea496532a0929e6fe67116ac662e9add0c75,packaging
WRITING_ARCHITECT.zip!WRITING_ARCHITECT/CFNetworkDownload_ZMXQIY.md,md,41840,0,8a31fb830917f274fca5ad5481a3c168b948b4704838ca6c092325f1e596cbef,payload
WRITING_ARCHITECT.zip!__MACOSX/WRITING_ARCHITECT/._CFNetworkDownload_ZMXQIY.md,md,219,0,183d5f9ccea67024dcb7092db8834c69e7c17eabb356a6f322b8cc5b5563dfc0,packaging
WRITING_ARCHITECT.zip!WRITING_ARCHITECT/MODULE_7_AI_Provenance_Verification_Implementation_Guide.docx,docx,52836,0,475cf149bfc7441b8f1a065820b928c523f62825b7a4c35257ad0ae862a6ac16,payload
WRITING_ARCHITECT.zip!__MACOSX/WRITING_ARCHITECT/._MODULE_7_AI_Provenance_Verification_Implementation_Guide.docx,docx,275,0,854b6b1bf84c6dc76bb99e56d08c6916a5722c4c1b95b4bfa5683da53073fb5a,packaging
WRITING_ARCHITECT.zip!WRITING_ARCHITECT/SOVEREIGN_v1.2_ReadAloud_Update.docx,docx,27809,0,4699eeb509ff1e21c851b174dfec35b336e30a7dc7ced33821f811994206e1f4,payload
WRITING_ARCHITECT.zip!__MACOSX/WRITING_ARCHITECT/._SOVEREIGN_v1.2_ReadAloud_Update.docx,docx,219,0,183d5f9ccea67024dcb7092db8834c69e7c17eabb356a6f322b8cc5b5563dfc0,packaging
WRITING_ARCHITECT.zip!WRITING_ARCHITECT/AI_Provenance_Verification_System_v2.0.docx,docx,62115,0,f1ad8c6f0e612f6eba80df39300fab019bcfa70f10a0014c67a6f001c2582af9,payload
WRITING_ARCHITECT.zip!__MACOSX/WRITING_ARCHITECT/._AI_Provenance_Verification_System_v2.0.docx,docx,219,0,183d5f9ccea67024dcb7092db8834c69e7c17eabb356a6f322b8cc5b5563dfc0,packaging
WRITING_ARCHITECT.zip!WRITING_ARCHITECT/UNHINDERED_Mastery_Operating_System_v2_0.docx,docx,51605,0,78b032d206aa8d32b1a56306eaf7a5e4b0c3f92212b489090449d78900940b61,payload
WRITING_ARCHITECT.zip!__MACOSX/WRITING_ARCHITECT/._UNHINDERED_Mastery_Operating_System_v2_0.docx,docx,219,0,183d5f9ccea67024dcb7092db8834c69e7c17eabb356a6f322b8cc5b5563dfc0,packaging
WRITING_ARCHITECT.zip!WRITING_ARCHITECT/Ultimate_Biblical_Research.docx,docx,16023,0,87b56d8e482ccbc05f6529b30a2856264c3e99784569ab98e7b0d5550e8b64d4,payload
WRITING_ARCHITECT.zip!__MACOSX/WRITING_ARCHITECT/._Ultimate_Biblical_Research.docx,docx,219,0,183d5f9ccea67024dcb7092db8834c69e7c17eabb356a6f322b8cc5b5563dfc0,packaging
WRITING_ARCHITECT.zip!WRITING_ARCHITECT/NARRATIVEOS_v21_COMPLETE_MASTER_SYSTEM.docx,docx,49284,0,4a3a71c24a19e9bc5ec6dd4431a0dc0be5c5d49587705ad3b313aa4f652b411b,payload
WRITING_ARCHITECT.zip!__MACOSX/WRITING_ARCHITECT/._NARRATIVEOS_v21_COMPLETE_MASTER_SYSTEM.docx,docx,219,0,183d5f9ccea67024dcb7092db8834c69e7c17eabb356a6f322b8cc5b5563dfc0,packaging
WRITING_ARCHITECT.zip!WRITING_ARCHITECT/ULTIMATE_PROSE_SYSTEM_v2.1_IMPLEMENTATION.md,md,74542,0,9216a9909d5de2c8a79c4903601426d31c75f4bf9905f79fdc1270101662b545,payload
WRITING_ARCHITECT.zip!__MACOSX/WRITING_ARCHITECT/._ULTIMATE_PROSE_SYSTEM_v2.1_IMPLEMENTATION.md,md,219,0,183d5f9ccea67024dcb7092db8834c69e7c17eabb356a6f322b8cc5b5563dfc0,packaging
WRITING_ARCHITECT.zip!WRITING_ARCHITECT/Book_Bible.docx,docx,27794,0,34ecaccedc5cdc866aee391cb47204cc34c8b010d195b38fa8232f7c4ea96529,payload
WRITING_ARCHITECT.zip!__MACOSX/WRITING_ARCHITECT/._Book_Bible.docx,docx,275,0,b9f955d695e0703f6cd784e0d14d4c8bf88d5e45e6ee70e2a85573b3195cf775,packaging
WRITING_ARCHITECT.zip!WRITING_ARCHITECT/The_Held-Breath_Voice.docx,docx,19297,0,5611c7c8551fde3a3c3ecf9c1a6ddf20645114546094b65db6c9a726b0be4bae,payload
WRITING_ARCHITECT.zip!__MACOSX/WRITING_ARCHITECT/._The_Held-Breath_Voice.docx,docx,219,0,183d5f9ccea67024dcb7092db8834c69e7c17eabb356a6f322b8cc5b5563dfc0,packaging
WRITING_ARCHITECT.zip!WRITING_ARCHITECT/NARRATIVEOS_v24_3_PROJECT_DEPLOYMENT_LAYER.docx,docx,41982,0,e29a1a554791a9a99bda71ad488f05f8c0853c7f3b20557fd97949a00a829fcc,payload
WRITING_ARCHITECT.zip!__MACOSX/WRITING_ARCHITECT/._NARRATIVEOS_v24_3_PROJECT_DEPLOYMENT_LAYER.docx,docx,219,0,183d5f9ccea67024dcb7092db8834c69e7c17eabb356a6f322b8cc5b5563dfc0,packaging
WRITING_ARCHITECT.zip!WRITING_ARCHITECT/Writing_Architect_Complete_Audit_Report.docx,docx,29510,0,4f0679851c16a8f7681ed462e8384075df9696eb9898693f5a6bd22e37e10bcc,payload
WRITING_ARCHITECT.zip!__MACOSX/WRITING_ARCHITECT/._Writing_Architect_Complete_Audit_Report.docx,docx,275,0,f96d76ba1cf50a6def9a9f90c150eeaa817dbeb39721e75b0ac9059228d1e6f1,packaging
WRITING_ARCHITECT.zip!WRITING_ARCHITECT/Unified_Writers_Room_System_v4.1.docx,docx,51542,0,b4dc89cba87f991652087f34dcf4d98a5f026121d7811fc13ac9686ffe299840,payload
WRITING_ARCHITECT.zip!__MACOSX/WRITING_ARCHITECT/._Unified_Writers_Room_System_v4.1.docx,docx,219,0,183d5f9ccea67024dcb7092db8834c69e7c17eabb356a6f322b8cc5b5563dfc0,packaging
WRITING_ARCHITECT.zip!WRITING_ARCHITECT/SOVEREIGN_MASTER_v1.4,4,88833,0,5567c8b9a3df245aad16a0d422a19bd6062c5caa4641273926056c404bdecf76,payload
WRITING_ARCHITECT.zip!__MACOSX/WRITING_ARCHITECT/._SOVEREIGN_MASTER_v1.4,4,219,0,183d5f9ccea67024dcb7092db8834c69e7c17eabb356a6f322b8cc5b5563dfc0,packaging
WRITING_ARCHITECT.zip!WRITING_ARCHITECT/SOVEREIGN_MASTER_v1.3,3,55936,0,173ca33ebf568b2c36460647dd51cd55be980605dc648db0f3766e5e523f5013,payload
WRITING_ARCHITECT.zip!__MACOSX/WRITING_ARCHITECT/._SOVEREIGN_MASTER_v1.3,3,219,0,183d5f9ccea67024dcb7092db8834c69e7c17eabb356a6f322b8cc5b5563dfc0,packaging
WRITING_ARCHITECT.zip!WRITING_ARCHITECT/NARRATIVEOS_v24_4_FINAL_SYSTEM.docx,docx,42995,0,bc841bb3c8e06caaf1cd57da29e0c656df49e54420c23911af5a4567a97b1bba,payload
WRITING_ARCHITECT.zip!__MACOSX/WRITING_ARCHITECT/._NARRATIVEOS_v24_4_FINAL_SYSTEM.docx,docx,219,0,183d5f9ccea67024dcb7092db8834c69e7c17eabb356a6f322b8cc5b5563dfc0,packaging
WRITING_ARCHITECT.zip!WRITING_ARCHITECT/Complete_Author_Profile.docx,docx,137547,0,dcadd0e2de5cf234783f90f0615fc00553d07c2b7938aae3f4153f979514bbbd,payload
WRITING_ARCHITECT.zip!__MACOSX/WRITING_ARCHITECT/._Complete_Author_Profile.docx,docx,219,0,183d5f9ccea67024dcb7092db8834c69e7c17eabb356a6f322b8cc5b5563dfc0,packaging
WRITING_ARCHITECT.zip!WRITING_ARCHITECT/The_Voice_Architect.docx,docx,36448,0,5089425f1a386d5212355ead11949cd76d60d084ffe4168a95735fcd8d01df8b,payload
WRITING_ARCHITECT.zip!__MACOSX/WRITING_ARCHITECT/._The_Voice_Architect.docx,docx,219,0,183d5f9ccea67024dcb7092db8834c69e7c17eabb356a6f322b8cc5b5563dfc0,packaging
WRITING_ARCHITECT.zip!WRITING_ARCHITECT/NARRATIVEOS_v24_1_HARDENED_SYSTEM.docx,docx,44937,0,70800dfd3698fda66f5a952674025ff8d4dc3a31b3088c44082ff5002a7e6089,payload
WRITING_ARCHITECT.zip!__MACOSX/WRITING_ARCHITECT/._NARRATIVEOS_v24_1_HARDENED_SYSTEM.docx,docx,219,0,183d5f9ccea67024dcb7092db8834c69e7c17eabb356a6f322b8cc5b5563dfc0,packaging
WRITING_ARCHITECT.zip!WRITING_ARCHITECT/THE_ULTIMATE_AI_DETECTION_SYSTEM_v2.0_Implementation_Plan.docx,docx,53395,0,e7f001cb7cc80a463565b035a971bf6b4bd76d08f611209df8b09f1a11db482f,payload
WRITING_ARCHITECT.zip!__MACOSX/WRITING_ARCHITECT/._THE_ULTIMATE_AI_DETECTION_SYSTEM_v2.0_Implementation_Plan.docx,docx,219,0,183d5f9ccea67024dcb7092db8834c69e7c17eabb356a6f322b8cc5b5563dfc0,packaging
WRITING_ARCHITECT.zip!WRITING_ARCHITECT/Ultimately_Character_Profile.docx,docx,17226,0,3c92102bea91789bb56a9461a628de8d7bbf1821eebfcdfd045bee4af92e59dd,payload
WRITING_ARCHITECT.zip!__MACOSX/WRITING_ARCHITECT/._Ultimately_Character_Profile.docx,docx,219,0,183d5f9ccea67024dcb7092db8834c69e7c17eabb356a6f322b8cc5b5563dfc0,packaging
WRITING_ARCHITECT.zip!WRITING_ARCHITECT/FORGE_v3_3_Complete.docx,docx,48149,0,8fae23e55487dc3064eab278d35beac7fa87400f386b4315980dbe4707a9152f,payload
WRITING_ARCHITECT.zip!__MACOSX/WRITING_ARCHITECT/._FORGE_v3_3_Complete.docx,docx,275,0,97313b20960a61dc1d4864afce942379ebb595aaefec2d4eaee27cd1f9469aff,packaging
WRITING_ARCHITECT.zip!WRITING_ARCHITECT/AI_Provenance_Verification_System_v1.0.docx,docx,49018,0,938800ac14fc0bebd244a09e612a284e53ca34a53fdb92beec43d099788781f4,payload
WRITING_ARCHITECT.zip!__MACOSX/WRITING_ARCHITECT/._AI_Provenance_Verification_System_v1.0.docx,docx,219,0,183d5f9ccea67024dcb7092db8834c69e7c17eabb356a6f322b8cc5b5563dfc0,packaging
WRITING_ARCHITECT.zip!WRITING_ARCHITECT/Module writing.zip,zip,5699217,0,d3b50d72240862f44edcfcbe7c1c7e751f4550184359daab8695b11952846b9e,payload
WRITING_ARCHITECT.zip!WRITING_ARCHITECT/Module writing.zip!Module writing/WRITING_SYSTEM.zip,zip,5295641,1,215d777d929770cd15026b13478dc12a6128406173772fb0845cbcea4405abc0,payload
WRITING_ARCHITECT.zip!WRITING_ARCHITECT/Module writing.zip!Module writing/WRITING_SYSTEM.zip!WRITING_SYSTEM/CH01_BLUEPRINT.docx,docx,36641,2,b6830e95b80f84b76fc173853b750f00fdafb516c2a9508dddd826f8f7016312,payload
WRITING_ARCHITECT.zip!WRITING_ARCHITECT/Module writing.zip!Module writing/WRITING_SYSTEM.zip!__MACOSX/WRITING_SYSTEM/._CH01_BLUEPRINT.docx,docx,219,2,183d5f9ccea67024dcb7092db8834c69e7c17eabb356a6f322b8cc5b5563dfc0,packaging
WRITING_ARCHITECT.zip!WRITING_ARCHITECT/Module writing.zip!Module writing/WRITING_SYSTEM.zip!WRITING_SYSTEM/SYSTEM_README.docx,docx,36716,2,dc48095f5634e5b6ad3028c785329b23c98b9bbbed52f60664a9efdf2300ed4c,payload
WRITING_ARCHITECT.zip!WRITING_ARCHITECT/Module writing.zip!Module writing/WRITING_SYSTEM.zip!__MACOSX/WRITING_SYSTEM/._SYSTEM_README.docx,docx,219,2,183d5f9ccea67024dcb7092db8834c69e7c17eabb356a6f322b8cc5b5563dfc0,packaging
WRITING_ARCHITECT.zip!WRITING_ARCHITECT/Module writing.zip!Module writing/WRITING_SYSTEM.zip!WRITING_SYSTEM/CH02_BLUEPRINT.docx,docx,36641,2,113c268cac923dee63a33f8ee6bacdaa46b3cfae1c88aef68f8a05cd7c76b45e,payload
WRITING_ARCHITECT.zip!WRITING_ARCHITECT/Module writing.zip!Module writing/WRITING_SYSTEM.zip!__MACOSX/WRITING_SYSTEM/._CH02_BLUEPRINT.docx,docx,219,2,183d5f9ccea67024dcb7092db8834c69e7c17eabb356a6f322b8cc5b5563dfc0,packaging
WRITING_ARCHITECT.zip!WRITING_ARCHITECT/Module writing.zip!Module writing/WRITING_SYSTEM.zip!WRITING_SYSTEM/MANUSCRIPT_MASTER.docx,docx,36639,2,9030721938bd5190775d4841308a187cf2aee7c3e55e2070fa8d4663d9b8493b,payload
WRITING_ARCHITECT.zip!WRITING_ARCHITECT/Module writing.zip!Module writing/WRITING_SYSTEM.zip!__MACOSX/WRITING_SYSTEM/._MANUSCRIPT_MASTER.docx,docx,219,2,183d5f9ccea67024dcb7092db8834c69e7c17eabb356a6f322b8cc5b5563dfc0,packaging
WRITING_ARCHITECT.zip!WRITING_ARCHITECT/Module writing.zip!Module writing/WRITING_SYSTEM.zip!WRITING_SYSTEM/RUNTIME/runtime_operation_routes.docx,docx,38092,2,59436d6cc8e184d690fe175872872a572972fa6f205618d9ded8be4e913afaec,payload
WRITING_ARCHITECT.zip!WRITING_ARCHITECT/Module writing.zip!Module writing/WRITING_SYSTEM.zip!__MACOSX/WRITING_SYSTEM/RUNTIME/._runtime_operation_routes.docx,docx,219,2,183d5f9ccea67024dcb7092db8834c69e7c17eabb356a6f322b8cc5b5563dfc0,packaging
WRITING_ARCHITECT.zip!WRITING_ARCHITECT/Module writing.zip!Module writing/WRITING_SYSTEM.zip!WRITING_SYSTEM/RUNTIME/runtime_replay_policy.docx,docx,37545,2,6df2cbe95002c73ffe1667e575b67331496fe5738f3c5625806ad5a7a50aa5d7,payload
WRITING_ARCHITECT.zip!WRITING_ARCHITECT/Module writing.zip!Module writing/WRITING_SYSTEM.zip!__MACOSX/WRITING_SYSTEM/RUNTIME/._runtime_replay_policy.docx,docx,219,2,183d5f9ccea67024dcb7092db8834c69e7c17eabb356a6f322b8cc5b5563dfc0,packaging
WRITING_ARCHITECT.zip!WRITING_ARCHITECT/Module writing.zip!Module writing/WRITING_SYSTEM.zip!WRITING_SYSTEM/RUNTIME/schema_trace_and_checkpoint.docx,docx,37169,2,2a2c268ef36a057cc2e2848bbcb00a99b61a5c51c28a64fb63f28b041baedabe,payload
WRITING_ARCHITECT.zip!WRITING_ARCHITECT/Module writing.zip!Module writing/WRITING_SYSTEM.zip!__MACOSX/WRITING_SYSTEM/RUNTIME/._schema_trace_and_checkpoint.docx,docx,219,2,183d5f9ccea67024dcb7092db8834c69e7c17eabb356a6f322b8cc5b5563dfc0,packaging
WRITING_ARCHITECT.zip!WRITING_ARCHITECT/Module writing.zip!Module writing/WRITING_SYSTEM.zip!WRITING_SYSTEM/RUNTIME/runtime_trace_parity_map.docx,docx,37501,2,aeb093f264c8ccf4a0818e4888b33b264189c0c4d62ef9ff7f2550249a311ab0,payload
WRITING_ARCHITECT.zip!WRITING_ARCHITECT/Module writing.zip!Module writing/WRITING_SYSTEM.zip!__MACOSX/WRITING_SYSTEM/RUNTIME/._runtime_trace_parity_map.docx,docx,219,2,183d5f9ccea67024dcb7092db8834c69e7c17eabb356a6f322b8cc5b5563dfc0,packaging
WRITING_ARCHITECT.zip!WRITING_ARCHITECT/Module writing.zip!Module writing/WRITING_SYSTEM.zip!WRITING_SYSTEM/RUNTIME/runtime_live_validation_protocol.docx,docx,37301,2,75119dc6d605f54bcb8b0707d01aea11e9c737f5cf47532437b2f663aef1e0cd,payload
WRITING_ARCHITECT.zip!WRITING_ARCHITECT/Module writing.zip!Module writing/WRITING_SYSTEM.zip!__MACOSX/WRITING_SYSTEM/RUNTIME/._runtime_live_validation_protocol.docx,docx,219,2,183d5f9ccea67024dcb7092db8834c69e7c17eabb356a6f322b8cc5b5563dfc0,packaging
WRITING_ARCHITECT.zip!WRITING_ARCHITECT/Module writing.zip!Module writing/WRITING_SYSTEM.zip!WRITING_SYSTEM/RUNTIME/runtime_equivalence_test_map.docx,docx,36872,2,0611240b32394016e7604d381e6be7752b33a565b8e20609fb05c6ffda6cbdff,payload
WRITING_ARCHITECT.zip!WRITING_ARCHITECT/Module writing.zip!Module writing/WRITING_SYSTEM.zip!__MACOSX/WRITING_SYSTEM/RUNTIME/._runtime_equivalence_test_map.docx,docx,219,2,183d5f9ccea67024dcb7092db8834c69e7c17eabb356a6f322b8cc5b5563dfc0,packaging
WRITING_ARCHITECT.zip!WRITING_ARCHITECT/Module writing.zip!Module writing/WRITING_SYSTEM.zip!WRITING_SYSTEM/RUNTIME/runtime_shadow_mode_policy.docx,docx,37619,2,30956d3c7272c5eee685b9568ac01dc268e1cf68e3df8d701442d50b909ad49d,payload
WRITING_ARCHITECT.zip!WRITING_ARCHITECT/Module writing.zip!Module writing/WRITING_SYSTEM.zip!__MACOSX/WRITING_SYSTEM/RUNTIME/._runtime_shadow_mode_policy.docx,docx,219,2,183d5f9ccea67024dcb7092db8834c69e7c17eabb356a6f322b8cc5b5563dfc0,packaging
WRITING_ARCHITECT.zip!WRITING_ARCHITECT/Module writing.zip!Module writing/WRITING_SYSTEM.zip!WRITING_SYSTEM/RUNTIME/runtime_override_control_rules.docx,docx,37513,2,aba558c91884f3e869936b4d34483f8689083e571680fe2a0831521ca58f4a6c,payload
WRITING_ARCHITECT.zip!WRITING_ARCHITECT/Module writing.zip!Module writing/WRITING_SYSTEM.zip!__MACOSX/WRITING_SYSTEM/RUNTIME/._runtime_override_control_rules.docx,docx,219,2,183d5f9ccea67024dcb7092db8834c69e7c17eabb356a6f322b8cc5b5563dfc0,packaging
WRITING_ARCHITECT.zip!WRITING_ARCHITECT/Module writing.zip!Module writing/WRITING_SYSTEM.zip!WRITING_SYSTEM/RUNTIME/runtime_trace_policy.docx,docx,37895,2,4d48ba323dea8921e46c8a030a5293476942e2e926e19c01de69b714683e1fb4,payload
WRITING_ARCHITECT.zip!WRITING_ARCHITECT/Module writing.zip!Module writing/WRITING_SYSTEM.zip!__MACOSX/WRITING_SYSTEM/RUNTIME/._runtime_trace_policy.docx,docx,219,2,183d5f9ccea67024dcb7092db8834c69e7c17eabb356a6f322b8cc5b5563dfc0,packaging
WRITING_ARCHITECT.zip!WRITING_ARCHITECT/Module writing.zip!Module writing/WRITING_SYSTEM.zip!WRITING_SYSTEM/RUNTIME/schema_approval_decision_records.docx,docx,36914,2,f834c0f9ea918093c7b70e36a911cf527577fceb6a823386417c89e6e9c9c487,payload
WRITING_ARCHITECT.zip!WRITING_ARCHITECT/Module writing.zip!Module writing/WRITING_SYSTEM.zip!__MACOSX/WRITING_SYSTEM/RUNTIME/._schema_approval_decision_records.docx,docx,219,2,183d5f9ccea67024dcb7092db8834c69e7c17eabb356a6f322b8cc5b5563dfc0,packaging
WRITING_ARCHITECT.zip!WRITING_ARCHITECT/Module writing.zip!Module writing/WRITING_SYSTEM.zip!WRITING_SYSTEM/RUNTIME/runtime_baseline_state_registry.docx,docx,37941,2,67565cb70d7d0b03b46de1e9f2ba5dc396558d6ef9c00f9dcbfea14f3427e67d,payload
WRITING_ARCHITECT.zip!WRITING_ARCHITECT/Module writing.zip!Module writing/WRITING_SYSTEM.zip!__MACOSX/WRITING_SYSTEM/RUNTIME/._runtime_baseline_state_registry.docx,docx,219,2,183d5f9ccea67024dcb7092db8834c69e7c17eabb356a6f322b8cc5b5563dfc0,packaging
WRITING_ARCHITECT.zip!WRITING_ARCHITECT/Module writing.zip!Module writing/WRITING_SYSTEM.zip!WRITING_SYSTEM/RUNTIME/runtime_engine_equivalence_matrix.docx,docx,36918,2,4b738dd92c90210f5cd6256a6eb0f955d043c152f708297ce4c5f5474ab59981,payload
WRITING_ARCHITECT.zip!WRITING_ARCHITECT/Module writing.zip!Module writing/WRITING_SYSTEM.zip!__MACOSX/WRITING_SYSTEM/RUNTIME/._runtime_engine_equivalence_matrix.docx,docx,219,2,183d5f9ccea67024dcb7092db8834c69e7c17eabb356a6f322b8cc5b5563dfc0,packaging
WRITING_ARCHITECT.zip!WRITING_ARCHITECT/Module writing.zip!Module writing/WRITING_SYSTEM.zip!WRITING_SYSTEM/RUNTIME/schema_handoff_trace_records.docx,docx,36896,2,018134d2f612749fdaeba4f32d3905f873eca7de2a36b7aecc27f66e83306cd6,payload
WRITING_ARCHITECT.zip!WRITING_ARCHITECT/Module writing.zip!Module writing/WRITING_SYSTEM.zip!__MACOSX/WRITING_SYSTEM/RUNTIME/._schema_handoff_trace_records.docx,docx,219,2,183d5f9ccea67024dcb7092db8834c69e7c17eabb356a6f322b8cc5b5563dfc0,packaging
WRITING_ARCHITECT.zip!WRITING_ARCHITECT/Module writing.zip!Module writing/WRITING_SYSTEM.zip!WRITING_SYSTEM/RUNTIME/schema_trace_event_records.docx,docx,36892,2,a5ce61b294f7de395737b14005ddec5555dbdf58652810089b778b32ac7ee931,payload
WRITING_ARCHITECT.zip!WRITING_ARCHITECT/Module writing.zip!Module writing/WRITING_SYSTEM.zip!__MACOSX/WRITING_SYSTEM/RUNTIME/._schema_trace_event_records.docx,docx,219,2,183d5f9ccea67024dcb7092db8834c69e7c17eabb356a6f322b8cc5b5563dfc0,packaging
WRITING_ARCHITECT.zip!WRITING_ARCHITECT/Module writing.zip!Module writing/WRITING_SYSTEM.zip!WRITING_SYSTEM/RUNTIME/runtime_promotion_registry.docx,docx,37623,2,160e5d9ba5fd0d186eb61d9b25d630c9090486efea92b2a8b7ef6bb8abf66a2a,payload
WRITING_ARCHITECT.zip!WRITING_ARCHITECT/Module writing.zip!Module writing/WRITING_SYSTEM.zip!__MACOSX/WRITING_SYSTEM/RUNTIME/._runtime_promotion_registry.docx,docx,219,2,183d5f9ccea67024dcb7092db8834c69e7c17eabb356a6f322b8cc5b5563dfc0,packaging
WRITING_ARCHITECT.zip!WRITING_ARCHITECT/Module writing.zip!Module writing/WRITING_SYSTEM.zip!WRITING_SYSTEM/RUNTIME/runtime_failure_observation_rules.docx,docx,37467,2,c521cbe0decb1e3a43ce8d1ca1dfa13569238889aa5d088af46ac9746fc513e9,payload
WRITING_ARCHITECT.zip!WRITING_ARCHITECT/Module writing.zip!Module writing/WRITING_SYSTEM.zip!__MACOSX/WRITING_SYSTEM/RUNTIME/._runtime_failure_observation_rules.docx,docx,219,2,183d5f9ccea67024dcb7092db8834c69e7c17eabb356a6f322b8cc5b5563dfc0,packaging
WRITING_ARCHITECT.zip!WRITING_ARCHITECT/Module writing.zip!Module writing/WRITING_SYSTEM.zip!WRITING_SYSTEM/RUNTIME/schema_observability_summary_records.docx,docx,36915,2,fb50727a8bf6e3465c3de9ad41135fc2caec0eaf08979564a298ea00e0c6fbb4,payload
WRITING_ARCHITECT.zip!WRITING_ARCHITECT/Module writing.zip!Module writing/WRITING_SYSTEM.zip!__MACOSX/WRITING_SYSTEM/RUNTIME/._schema_observability_summary_records.docx,docx,219,2,183d5f9ccea67024dcb7092db8834c69e7c17eabb356a6f322b8cc5b5563dfc0,packaging
WRITING_ARCHITECT.zip!WRITING_ARCHITECT/Module writing.zip!Module writing/WRITING_SYSTEM.zip!WRITING_SYSTEM/RUNTIME/runtime_handoff_trace_rules.docx,docx,37370,2,fbcb88bdca7bdeaae4902f5ad482cb1ddbc695614730d6881f5bf7898c455eb6,payload
WRITING_ARCHITECT.zip!WRITING_ARCHITECT/Module writing.zip!Module writing/WRITING_SYSTEM.zip!__MACOSX/WRITING_SYSTEM/RUNTIME/._runtime_handoff_trace_rules.docx,docx,219,2,183d5f9ccea67024dcb7092db8834c69e7c17eabb356a6f322b8cc5b5563dfc0,packaging
WRITING_ARCHITECT.zip!WRITING_ARCHITECT/Module writing.zip!Module writing/WRITING_SYSTEM.zip!WRITING_SYSTEM/RUNTIME/schema_runtime_replay_records.docx,docx,36893,2,89b1ba40be79abcdcc9a757f9972aa7697d5045c23a88d388491ea0240d21a2b,payload
WRITING_ARCHITECT.zip!WRITING_ARCHITECT/Module writing.zip!Module writing/WRITING_SYSTEM.zip!__MACOSX/WRITING_SYSTEM/RUNTIME/._schema_runtime_replay_records.docx,docx,219,2,183d5f9ccea67024dcb7092db8834c69e7c17eabb356a6f322b8cc5b5563dfc0,packaging
WRITING_ARCHITECT.zip!WRITING_ARCHITECT/Module writing.zip!Module writing/WRITING_SYSTEM.zip!WRITING_SYSTEM/RUNTIME/runtime_live_test_scenarios.docx,docx,37744,2,f3c5c503d653c95095fabd8443d8c5021516ff29a8d63ebf112c0ddd1d323031,payload
WRITING_ARCHITECT.zip!WRITING_ARCHITECT/Module writing.zip!Module writing/WRITING_SYSTEM.zip!__MACOSX/WRITING_SYSTEM/RUNTIME/._runtime_live_test_scenarios.docx,docx,219,2,183d5f9ccea67024dcb7092db8834c69e7c17eabb356a6f322b8cc5b5563dfc0,packaging
WRITING_ARCHITECT.zip!WRITING_ARCHITECT/Module writing.zip!Module writing/WRITING_SYSTEM.zip!WRITING_SYSTEM/RUNTIME/schema_runtime_trace_records.docx,docx,36911,2,ca7eeaef92635d91414931ad4258ef8291ec359a15b6c00024405ee00e275337,payload
WRITING_ARCHITECT.zip!WRITING_ARCHITECT/Module writing.zip!Module writing/WRITING_SYSTEM.zip!__MACOSX/WRITING_SYSTEM/RUNTIME/._schema_runtime_trace_records.docx,docx,219,2,183d5f9ccea67024dcb7092db8834c69e7c17eabb356a6f322b8cc5b5563dfc0,packaging
WRITING_ARCHITECT.zip!WRITING_ARCHITECT/Module writing.zip!Module writing/WRITING_SYSTEM.zip!WRITING_SYSTEM/RUNTIME/runtime_approval_enforcement_policy.docx,docx,37740,2,02cb4b9d2beb37f3571f5df7a1286447e8f4599f8ec46d55ddab752edf5adb91,payload
WRITING_ARCHITECT.zip!WRITING_ARCHITECT/Module writing.zip!Module writing/WRITING_SYSTEM.zip!__MACOSX/WRITING_SYSTEM/RUNTIME/._runtime_approval_enforcement_policy.docx,docx,219,2,183d5f9ccea67024dcb7092db8834c69e7c17eabb356a6f322b8cc5b5563dfc0,packaging
WRITING_ARCHITECT.zip!WRITING_ARCHITECT/Module writing.zip!Module writing/WRITING_SYSTEM.zip!WRITING_SYSTEM/RUNTIME/schema_equivalence_test_records.docx,docx,36742,2,5d3c012722306b6a02061021aa0f7e97c4ca312d0a1c08452c291213752dbf65,payload
WRITING_ARCHITECT.zip!WRITING_ARCHITECT/Module writing.zip!Module writing/WRITING_SYSTEM.zip!__MACOSX/WRITING_SYSTEM/RUNTIME/._schema_equivalence_test_records.docx,docx,219,2,183d5f9ccea67024dcb7092db8834c69e7c17eabb356a6f322b8cc5b5563dfc0,packaging
WRITING_ARCHITECT.zip!WRITING_ARCHITECT/Module writing.zip!Module writing/WRITING_SYSTEM.zip!WRITING_SYSTEM/RUNTIME/schema_engine_contracts.docx,docx,37003,2,e7dd85beb39a1249059026b3a0d0073ea5bf41739c7f7dad4f514d9366a7b7a5,payload
WRITING_ARCHITECT.zip!WRITING_ARCHITECT/Module writing.zip!Module writing/WRITING_SYSTEM.zip!__MACOSX/WRITING_SYSTEM/RUNTIME/._schema_engine_contracts.docx,docx,219,2,183d5f9ccea67024dcb7092db8834c69e7c17eabb356a6f322b8cc5b5563dfc0,packaging
WRITING_ARCHITECT.zip!WRITING_ARCHITECT/Module writing.zip!Module writing/WRITING_SYSTEM.zip!WRITING_SYSTEM/RUNTIME/schema_verdicts_and_authority.docx,docx,37097,2,d411bcf968613c4ef29a0b5071e7765294a1a5578b0b3a1485a77da99742a1ef,payload
WRITING_ARCHITECT.zip!WRITING_ARCHITECT/Module writing.zip!Module writing/WRITING_SYSTEM.zip!__MACOSX/WRITING_SYSTEM/RUNTIME/._schema_verdicts_and_authority.docx,docx,219,2,183d5f9ccea67024dcb7092db8834c69e7c17eabb356a6f322b8cc5b5563dfc0,packaging
WRITING_ARCHITECT.zip!WRITING_ARCHITECT/Module writing.zip!Module writing/WRITING_SYSTEM.zip!WRITING_SYSTEM/RUNTIME/runtime_phase7_activation_status.docx,docx,36844,2,52d9243f6d6c9e437b19d0fc675407187c69356f51957a0344cdcd5e50501b56,payload
WRITING_ARCHITECT.zip!WRITING_ARCHITECT/Module writing.zip!Module writing/WRITING_SYSTEM.zip!__MACOSX/WRITING_SYSTEM/RUNTIME/._runtime_phase7_activation_status.docx,docx,219,2,183d5f9ccea67024dcb7092db8834c69e7c17eabb356a6f322b8cc5b5563dfc0,packaging
WRITING_ARCHITECT.zip!WRITING_ARCHITECT/Module writing.zip!Module writing/WRITING_SYSTEM.zip!WRITING_SYSTEM/RUNTIME/runtime_failure_state_map.docx,docx,37971,2,0ab0a50ce8a3ebbfc4a5cea3174dc696ac4b3c5e118a668c60081459248972c2,payload
WRITING_ARCHITECT.zip!WRITING_ARCHITECT/Module writing.zip!Module writing/WRITING_SYSTEM.zip!__MACOSX/WRITING_SYSTEM/RUNTIME/._runtime_failure_state_map.docx,docx,219,2,183d5f9ccea67024dcb7092db8834c69e7c17eabb356a6f322b8cc5b5563dfc0,packaging
WRITING_ARCHITECT.zip!WRITING_ARCHITECT/Module writing.zip!Module writing/WRITING_SYSTEM.zip!WRITING_SYSTEM/RUNTIME/schema_engine_input_output.docx,docx,38924,2,9292652eff91fdc639782edcfd9f036f9745f8e7cf1bb14c5afa1ecc94be849d,payload
WRITING_ARCHITECT.zip!WRITING_ARCHITECT/Module writing.zip!Module writing/WRITING_SYSTEM.zip!__MACOSX/WRITING_SYSTEM/RUNTIME/._schema_engine_input_output.docx,docx,219,2,183d5f9ccea67024dcb7092db8834c69e7c17eabb356a6f322b8cc5b5563dfc0,packaging
WRITING_ARCHITECT.zip!WRITING_ARCHITECT/Module writing.zip!Module writing/WRITING_SYSTEM.zip!WRITING_SYSTEM/RUNTIME/schema_override_control_records.docx,docx,36899,2,cdb4111eef8c37a107363feffb8769c1e4091a53bd9c92f1d57609cc0e481d8e,payload
WRITING_ARCHITECT.zip!WRITING_ARCHITECT/Module writing.zip!Module writing/WRITING_SYSTEM.zip!__MACOSX/WRITING_SYSTEM/RUNTIME/._schema_override_control_records.docx,docx,219,2,183d5f9ccea67024dcb7092db8834c69e7c17eabb356a6f322b8cc5b5563dfc0,packaging
WRITING_ARCHITECT.zip!WRITING_ARCHITECT/Module writing.zip!Module writing/WRITING_SYSTEM.zip!WRITING_SYSTEM/RUNTIME/runtime_overlay_activation_gate.docx,docx,36846,2,7f026696a56f5e78d9864e0fa5d518c1613385814caef88077ad285a7d8e93f0,payload
WRITING_ARCHITECT.zip!WRITING_ARCHITECT/Module writing.zip!Module writing/WRITING_SYSTEM.zip!__MACOSX/WRITING_SYSTEM/RUNTIME/._runtime_overlay_activation_gate.docx,docx,219,2,183d5f9ccea67024dcb7092db8834c69e7c17eabb356a6f322b8cc5b5563dfc0,packaging
WRITING_ARCHITECT.zip!WRITING_ARCHITECT/Module writing.zip!Module writing/WRITING_SYSTEM.zip!WRITING_SYSTEM/RUNTIME/schema_activation_readiness_records.docx,docx,36741,2,55b4fa97c1d77b06142bff9c7198c595c57585b221055ce9aa34974428b33fb7,payload
WRITING_ARCHITECT.zip!WRITING_ARCHITECT/Module writing.zip!Module writing/WRITING_SYSTEM.zip!__MACOSX/WRITING_SYSTEM/RUNTIME/._schema_activation_readiness_records.docx,docx,219,2,183d5f9ccea67024dcb7092db8834c69e7c17eabb356a6f322b8cc5b5563dfc0,packaging
WRITING_ARCHITECT.zip!WRITING_ARCHITECT/Module writing.zip!Module writing/WRITING_SYSTEM.zip!WRITING_SYSTEM/RUNTIME/runtime_go_no_go_rules.docx,docx,37120,2,8486efaad8cb0bce2483664aff0e73aa724b9dd5b736ec393be36fb93cbf453c,payload
WRITING_ARCHITECT.zip!WRITING_ARCHITECT/Module writing.zip!Module writing/WRITING_SYSTEM.zip!__MACOSX/WRITING_SYSTEM/RUNTIME/._runtime_go_no_go_rules.docx,docx,219,2,183d5f9ccea67024dcb7092db8834c69e7c17eabb356a6f322b8cc5b5563dfc0,packaging
WRITING_ARCHITECT.zip!WRITING_ARCHITECT/Module writing.zip!Module writing/WRITING_SYSTEM.zip!WRITING_SYSTEM/RUNTIME/runtime_phase5_parity_map.docx,docx,37469,2,bd37f11b36fddb91224c731f6a7da167dcbd2e4a9f7608fd3885f5524ca0ce15,payload
WRITING_ARCHITECT.zip!WRITING_ARCHITECT/Module writing.zip!Module writing/WRITING_SYSTEM.zip!__MACOSX/WRITING_SYSTEM/RUNTIME/._runtime_phase5_parity_map.docx,docx,219,2,183d5f9ccea67024dcb7092db8834c69e7c17eabb356a6f322b8cc5b5563dfc0,packaging
WRITING_ARCHITECT.zip!WRITING_ARCHITECT/Module writing.zip!Module writing/WRITING_SYSTEM.zip!WRITING_SYSTEM/RUNTIME/runtime_phase6_parity_status.docx,docx,36837,2,fdc5b72872347a1d84c226b3673b8f377bfb9b778dba362221e822f75e85388e,payload
WRITING_ARCHITECT.zip!WRITING_ARCHITECT/Module writing.zip!Module writing/WRITING_SYSTEM.zip!__MACOSX/WRITING_SYSTEM/RUNTIME/._runtime_phase6_parity_status.docx,docx,219,2,183d5f9ccea67024dcb7092db8834c69e7c17eabb356a6f322b8cc5b5563dfc0,packaging
WRITING_ARCHITECT.zip!WRITING_ARCHITECT/Module writing.zip!Module writing/WRITING_SYSTEM.zip!WRITING_SYSTEM/RUNTIME/runtime_activation_readiness_matrix.docx,docx,36908,2,a614efb523447d36f158e9da3181c22a9f85d5c02bb811df21618fe70c467b81,payload
WRITING_ARCHITECT.zip!WRITING_ARCHITECT/Module writing.zip!Module writing/WRITING_SYSTEM.zip!__MACOSX/WRITING_SYSTEM/RUNTIME/._runtime_activation_readiness_matrix.docx,docx,219,2,183d5f9ccea67024dcb7092db8834c69e7c17eabb356a6f322b8cc5b5563dfc0,packaging
WRITING_ARCHITECT.zip!WRITING_ARCHITECT/Module writing.zip!Module writing/WRITING_SYSTEM.zip!WRITING_SYSTEM/RUNTIME/runtime_observability_matrix.docx,docx,37582,2,88fecf536d5f4fd8fa56c3ce53a75bb8a179c3de910552d9bd6770448bf955e2,payload
WRITING_ARCHITECT.zip!WRITING_ARCHITECT/Module writing.zip!Module writing/WRITING_SYSTEM.zip!__MACOSX/WRITING_SYSTEM/RUNTIME/._runtime_observability_matrix.docx,docx,219,2,183d5f9ccea67024dcb7092db8834c69e7c17eabb356a6f322b8cc5b5563dfc0,packaging
WRITING_ARCHITECT.zip!WRITING_ARCHITECT/Module writing.zip!Module writing/WRITING_SYSTEM.zip!WRITING_SYSTEM/RUNTIME/runtime_law_preservation_checklist.docx,docx,36841,2,0d30c076932b8cc44a90f4b796f0de7c56660af3fd54908d87d287b81d852810,payload
WRITING_ARCHITECT.zip!WRITING_ARCHITECT/Module writing.zip!Module writing/WRITING_SYSTEM.zip!__MACOSX/WRITING_SYSTEM/RUNTIME/._runtime_law_preservation_checklist.docx,docx,219,2,183d5f9ccea67024dcb7092db8834c69e7c17eabb356a6f322b8cc5b5563dfc0,packaging
WRITING_ARCHITECT.zip!WRITING_ARCHITECT/Module writing.zip!Module writing/WRITING_SYSTEM.zip!WRITING_SYSTEM/RUNTIME/runtime_engine_registry.docx,docx,37989,2,7bd7b1f662ad00fc591f900023e65eac43c55a382d666bd946d38a165fa03510,payload
WRITING_ARCHITECT.zip!WRITING_ARCHITECT/Module writing.zip!Module writing/WRITING_SYSTEM.zip!__MACOSX/WRITING_SYSTEM/RUNTIME/._runtime_engine_registry.docx,docx,219,2,183d5f9ccea67024dcb7092db8834c69e7c17eabb356a6f322b8cc5b5563dfc0,packaging
WRITING_ARCHITECT.zip!WRITING_ARCHITECT/Module writing.zip!Module writing/WRITING_SYSTEM.zip!WRITING_SYSTEM/RUNTIME/schema_rollback_records.docx,docx,36891,2,706416a8e371d09c880742419f60a93c8c35162514805fb9200aec0461c99b85,payload
WRITING_ARCHITECT.zip!WRITING_ARCHITECT/Module writing.zip!Module writing/WRITING_SYSTEM.zip!__MACOSX/WRITING_SYSTEM/RUNTIME/._schema_rollback_records.docx,docx,219,2,183d5f9ccea67024dcb7092db8834c69e7c17eabb356a6f322b8cc5b5563dfc0,packaging
WRITING_ARCHITECT.zip!WRITING_ARCHITECT/Module writing.zip!Module writing/WRITING_SYSTEM.zip!WRITING_SYSTEM/RUNTIME/schema_overlay_activation_gate_records.docx,docx,36737,2,03c83b1a1cab3d75a5374a47b297dea91714e97f1f28fed55df74972814e34aa,payload
WRITING_ARCHITECT.zip!WRITING_ARCHITECT/Module writing.zip!Module writing/WRITING_SYSTEM.zip!__MACOSX/WRITING_SYSTEM/RUNTIME/._schema_overlay_activation_gate_records.docx,docx,219,2,183d5f9ccea67024dcb7092db8834c69e7c17eabb356a6f322b8cc5b5563dfc0,packaging
WRITING_ARCHITECT.zip!WRITING_ARCHITECT/Module writing.zip!Module writing/WRITING_SYSTEM.zip!WRITING_SYSTEM/RUNTIME/schema_baseline_state_records.docx,docx,36905,2,013635f3a9ac2ac5a9df6c2f9c38b9826b1fa39e208ce989ea46e709a370c31a,payload
WRITING_ARCHITECT.zip!WRITING_ARCHITECT/Module writing.zip!Module writing/WRITING_SYSTEM.zip!__MACOSX/WRITING_SYSTEM/RUNTIME/._schema_baseline_state_records.docx,docx,219,2,183d5f9ccea67024dcb7092db8834c69e7c17eabb356a6f322b8cc5b5563dfc0,packaging
WRITING_ARCHITECT.zip!WRITING_ARCHITECT/Module writing.zip!Module writing/WRITING_SYSTEM.zip!WRITING_SYSTEM/RUNTIME/schema_law_preservation_records.docx,docx,36721,2,cd6a4ae1e9be7feb4706114899959dcd21fe772bed5ea1e64ffeb0687f0c7a1a,payload
WRITING_ARCHITECT.zip!WRITING_ARCHITECT/Module writing.zip!Module writing/WRITING_SYSTEM.zip!__MACOSX/WRITING_SYSTEM/RUNTIME/._schema_law_preservation_records.docx,docx,219,2,183d5f9ccea67024dcb7092db8834c69e7c17eabb356a6f322b8cc5b5563dfc0,packaging
WRITING_ARCHITECT.zip!WRITING_ARCHITECT/Module writing.zip!Module writing/WRITING_SYSTEM.zip!WRITING_SYSTEM/RUNTIME/schema_eval_and_promotion.docx,docx,37150,2,eb3f1ef1eaa2aeb00ecf83d9a283b4682d64fff8a9dc2a12b60147f019d81f1e,payload
WRITING_ARCHITECT.zip!WRITING_ARCHITECT/Module writing.zip!Module writing/WRITING_SYSTEM.zip!__MACOSX/WRITING_SYSTEM/RUNTIME/._schema_eval_and_promotion.docx,docx,219,2,183d5f9ccea67024dcb7092db8834c69e7c17eabb356a6f322b8cc5b5563dfc0,packaging
WRITING_ARCHITECT.zip!WRITING_ARCHITECT/Module writing.zip!Module writing/WRITING_SYSTEM.zip!WRITING_SYSTEM/RUNTIME/runtime_approval_matrix.docx,docx,37880,2,4c5937fc1490ce52a5552678ea82ab68757f72a2952f6aa196e617745b05925a,payload
WRITING_ARCHITECT.zip!WRITING_ARCHITECT/Module writing.zip!Module writing/WRITING_SYSTEM.zip!__MACOSX/WRITING_SYSTEM/RUNTIME/._runtime_approval_matrix.docx,docx,219,2,183d5f9ccea67024dcb7092db8834c69e7c17eabb356a6f322b8cc5b5563dfc0,packaging
WRITING_ARCHITECT.zip!WRITING_ARCHITECT/Module writing.zip!Module writing/WRITING_SYSTEM.zip!WRITING_SYSTEM/RUNTIME/runtime_recovery_routing.docx,docx,37525,2,a176ed8eb35ab4cfe6aecff40213118cc557d7a3de1efecd8d3b36a2d392f3c7,payload
WRITING_ARCHITECT.zip!WRITING_ARCHITECT/Module writing.zip!Module writing/WRITING_SYSTEM.zip!__MACOSX/WRITING_SYSTEM/RUNTIME/._runtime_recovery_routing.docx,docx,219,2,183d5f9ccea67024dcb7092db8834c69e7c17eabb356a6f322b8cc5b5563dfc0,packaging
WRITING_ARCHITECT.zip!WRITING_ARCHITECT/Module writing.zip!Module writing/WRITING_SYSTEM.zip!WRITING_SYSTEM/RUNTIME/runtime_parity_verification_policy.docx,docx,37167,2,f428b03d5e16fb3a68bfea446841fe8612eadc86e24d1d285c25b34c0fc32558,payload
WRITING_ARCHITECT.zip!WRITING_ARCHITECT/Module writing.zip!Module writing/WRITING_SYSTEM.zip!__MACOSX/WRITING_SYSTEM/RUNTIME/._runtime_parity_verification_policy.docx,docx,219,2,183d5f9ccea67024dcb7092db8834c69e7c17eabb356a6f322b8cc5b5563dfc0,packaging
WRITING_ARCHITECT.zip!WRITING_ARCHITECT/Module writing.zip!Module writing/WRITING_SYSTEM.zip!WRITING_SYSTEM/RUNTIME/schema_parity_verification_records.docx,docx,36730,2,c4d80add569dd0fb585256a88618612182aa34c0eb0a974c7e36b622676f0b62,payload
WRITING_ARCHITECT.zip!WRITING_ARCHITECT/Module writing.zip!Module writing/WRITING_SYSTEM.zip!__MACOSX/WRITING_SYSTEM/RUNTIME/._schema_parity_verification_records.docx,docx,219,2,183d5f9ccea67024dcb7092db8834c69e7c17eabb356a6f322b8cc5b5563dfc0,packaging
WRITING_ARCHITECT.zip!WRITING_ARCHITECT/Module writing.zip!Module writing/WRITING_SYSTEM.zip!WRITING_SYSTEM/RUNTIME/runtime_promotion_control_matrix.docx,docx,37795,2,47d932f5d1cba1b3712d2d9e1297af8d1da0486a526a7bc2bb97b653baf20919,payload
WRITING_ARCHITECT.zip!WRITING_ARCHITECT/Module writing.zip!Module writing/WRITING_SYSTEM.zip!__MACOSX/WRITING_SYSTEM/RUNTIME/._runtime_promotion_control_matrix.docx,docx,219,2,183d5f9ccea67024dcb7092db8834c69e7c17eabb356a6f322b8cc5b5563dfc0,packaging
WRITING_ARCHITECT.zip!WRITING_ARCHITECT/Module writing.zip!Module writing/WRITING_SYSTEM.zip!WRITING_SYSTEM/RUNTIME/runtime_failure_injection_map.docx,docx,36956,2,13beea99c648c98dc6353425c2a7c70cdb7071f0218c80f014e1cf9982753f8a,payload
WRITING_ARCHITECT.zip!WRITING_ARCHITECT/Module writing.zip!Module writing/WRITING_SYSTEM.zip!__MACOSX/WRITING_SYSTEM/RUNTIME/._runtime_failure_injection_map.docx,docx,219,2,183d5f9ccea67024dcb7092db8834c69e7c17eabb356a6f322b8cc5b5563dfc0,packaging
WRITING_ARCHITECT.zip!WRITING_ARCHITECT/Module writing.zip!Module writing/WRITING_SYSTEM.zip!WRITING_SYSTEM/RUNTIME/schema_go_no_go_records.docx,docx,36746,2,babf45c62f9156117ac31711eb5f1e9b9576a7970c6f805b14ff939d1521e346,payload
WRITING_ARCHITECT.zip!WRITING_ARCHITECT/Module writing.zip!Module writing/WRITING_SYSTEM.zip!__MACOSX/WRITING_SYSTEM/RUNTIME/._schema_go_no_go_records.docx,docx,219,2,183d5f9ccea67024dcb7092db8834c69e7c17eabb356a6f322b8cc5b5563dfc0,packaging
WRITING_ARCHITECT.zip!WRITING_ARCHITECT/Module writing.zip!Module writing/WRITING_SYSTEM.zip!WRITING_SYSTEM/RUNTIME/NEXT_ACTION_TEMPLATE.txt,txt,37,2,6a1d633f89d7e5f2c18796affc42f441256209f6e25b735e1f785e8676c3cec9,payload
WRITING_ARCHITECT.zip!WRITING_ARCHITECT/Module writing.zip!Module writing/WRITING_SYSTEM.zip!__MACOSX/WRITING_SYSTEM/RUNTIME/._NEXT_ACTION_TEMPLATE.txt,txt,219,2,183d5f9ccea67024dcb7092db8834c69e7c17eabb356a6f322b8cc5b5563dfc0,packaging
WRITING_ARCHITECT.zip!WRITING_ARCHITECT/Module writing.zip!Module writing/WRITING_SYSTEM.zip!WRITING_SYSTEM/RUNTIME/schema_live_test_scenario_records.docx,docx,36749,2,b48b53a39884798ff54a502fa921e4b45ef09743d9cee84075d8320468531506,payload
WRITING_ARCHITECT.zip!WRITING_ARCHITECT/Module writing.zip!Module writing/WRITING_SYSTEM.zip!__MACOSX/WRITING_SYSTEM/RUNTIME/._schema_live_test_scenario_records.docx,docx,219,2,183d5f9ccea67024dcb7092db8834c69e7c17eabb356a6f322b8cc5b5563dfc0,packaging
WRITING_ARCHITECT.zip!WRITING_ARCHITECT/Module writing.zip!Module writing/WRITING_SYSTEM.zip!WRITING_SYSTEM/RUNTIME/runtime_trace_event_map.docx,docx,37789,2,1d659c77da0f64f0783c77721cdf8e3ca76781449bd6708dfa25cf71e3bc9d53,payload
WRITING_ARCHITECT.zip!WRITING_ARCHITECT/Module writing.zip!Module writing/WRITING_SYSTEM.zip!__MACOSX/WRITING_SYSTEM/RUNTIME/._runtime_trace_event_map.docx,docx,219,2,183d5f9ccea67024dcb7092db8834c69e7c17eabb356a6f322b8cc5b5563dfc0,packaging
WRITING_ARCHITECT.zip!WRITING_ARCHITECT/Module writing.zip!Module writing/WRITING_SYSTEM.zip!WRITING_SYSTEM/RUNTIME/schema_engine_equivalence_records.docx,docx,36727,2,cf467d6da8682e35c57ec5213ddb4e271487ba83254025f4638759e72f47de9c,payload
WRITING_ARCHITECT.zip!WRITING_ARCHITECT/Module writing.zip!Module writing/WRITING_SYSTEM.zip!__MACOSX/WRITING_SYSTEM/RUNTIME/._schema_engine_equivalence_records.docx,docx,219,2,183d5f9ccea67024dcb7092db8834c69e7c17eabb356a6f322b8cc5b5563dfc0,packaging
WRITING_ARCHITECT.zip!WRITING_ARCHITECT/Module writing.zip!Module writing/WRITING_SYSTEM.zip!WRITING_SYSTEM/RUNTIME/runtime_rollback_matrix.docx,docx,37564,2,2f4989392bd2cff0c8a5dfdccf1e9ff26e2fb9bf29da4868d81a1711584544c1,payload
WRITING_ARCHITECT.zip!WRITING_ARCHITECT/Module writing.zip!Module writing/WRITING_SYSTEM.zip!__MACOSX/WRITING_SYSTEM/RUNTIME/._runtime_rollback_matrix.docx,docx,219,2,183d5f9ccea67024dcb7092db8834c69e7c17eabb356a6f322b8cc5b5563dfc0,packaging
WRITING_ARCHITECT.zip!WRITING_ARCHITECT/Module writing.zip!Module writing/WRITING_SYSTEM.zip!WRITING_SYSTEM/RUNTIME/schema_shadow_mode_run_records.docx,docx,36923,2,a3ff8bc8aff9f757a4db0beb4de472c392ef239b75febd8fcd4f425c8f225ddb,payload
WRITING_ARCHITECT.zip!WRITING_ARCHITECT/Module writing.zip!Module writing/WRITING_SYSTEM.zip!__MACOSX/WRITING_SYSTEM/RUNTIME/._schema_shadow_mode_run_records.docx,docx,219,2,183d5f9ccea67024dcb7092db8834c69e7c17eabb356a6f322b8cc5b5563dfc0,packaging
WRITING_ARCHITECT.zip!WRITING_ARCHITECT/Module writing.zip!Module writing/WRITING_SYSTEM.zip!WRITING_SYSTEM/RUNTIME/schema_live_validation_run_records.docx,docx,36764,2,1f0ee3803ccb187d20667aa5911283fb18f0f9aff7e58430d3ca18750e47fa2b,payload
WRITING_ARCHITECT.zip!WRITING_ARCHITECT/Module writing.zip!Module writing/WRITING_SYSTEM.zip!__MACOSX/WRITING_SYSTEM/RUNTIME/._schema_live_validation_run_records.docx,docx,219,2,183d5f9ccea67024dcb7092db8834c69e7c17eabb356a6f322b8cc5b5563dfc0,packaging
WRITING_ARCHITECT.zip!WRITING_ARCHITECT/Module writing.zip!Module writing/WRITING_SYSTEM.zip!WRITING_SYSTEM/RUNTIME/schema_runtime_checkpoint_records.docx,docx,36919,2,5ebe1b8458c7418af7e666a324d2947c5bae1e19faa0658c8d05c88577f74e97,payload
WRITING_ARCHITECT.zip!WRITING_ARCHITECT/Module writing.zip!Module writing/WRITING_SYSTEM.zip!__MACOSX/WRITING_SYSTEM/RUNTIME/._schema_runtime_checkpoint_records.docx,docx,219,2,183d5f9ccea67024dcb7092db8834c69e7c17eabb356a6f322b8cc5b5563dfc0,packaging
WRITING_ARCHITECT.zip!WRITING_ARCHITECT/Module writing.zip!Module writing/WRITING_SYSTEM.zip!WRITING_SYSTEM/RUNTIME/runtime_parity_map.docx,docx,37702,2,475cc8d0d79073520877027e66963eed33a7ce65eb324bda0a98ff08473fc7b6,payload
WRITING_ARCHITECT.zip!WRITING_ARCHITECT/Module writing.zip!Module writing/WRITING_SYSTEM.zip!__MACOSX/WRITING_SYSTEM/RUNTIME/._runtime_parity_map.docx,docx,219,2,183d5f9ccea67024dcb7092db8834c69e7c17eabb356a6f322b8cc5b5563dfc0,packaging
WRITING_ARCHITECT.zip!WRITING_ARCHITECT/Module writing.zip!Module writing/WRITING_SYSTEM.zip!WRITING_SYSTEM/RUNTIME/schema_promotion_control_records.docx,docx,36906,2,c6999efa84fbe0eb4429a4613149ecc05a8b807df3da9b5380ff6efd313e8047,payload
WRITING_ARCHITECT.zip!WRITING_ARCHITECT/Module writing.zip!Module writing/WRITING_SYSTEM.zip!__MACOSX/WRITING_SYSTEM/RUNTIME/._schema_promotion_control_records.docx,docx,219,2,183d5f9ccea67024dcb7092db8834c69e7c17eabb356a6f322b8cc5b5563dfc0,packaging
WRITING_ARCHITECT.zip!WRITING_ARCHITECT/Module writing.zip!Module writing/WRITING_SYSTEM.zip!WRITING_SYSTEM/RUNTIME/runtime_approval_trace_map.docx,docx,37514,2,34f1eea9bca67e4d468490c966932c3195766d5d1d3c8f877295b5c0d0d67c68,payload
WRITING_ARCHITECT.zip!WRITING_ARCHITECT/Module writing.zip!Module writing/WRITING_SYSTEM.zip!__MACOSX/WRITING_SYSTEM/RUNTIME/._runtime_approval_trace_map.docx,docx,219,2,183d5f9ccea67024dcb7092db8834c69e7c17eabb356a6f322b8cc5b5563dfc0,packaging
WRITING_ARCHITECT.zip!WRITING_ARCHITECT/Module writing.zip!Module writing/WRITING_SYSTEM.zip!WRITING_SYSTEM/RUNTIME/runtime_checkpoint_policy.docx,docx,37671,2,e9de23594b4e6f87ee93cc185725f8ebd9cad2f82de32bdc1ac09694febc1474,payload
WRITING_ARCHITECT.zip!WRITING_ARCHITECT/Module writing.zip!Module writing/WRITING_SYSTEM.zip!__MACOSX/WRITING_SYSTEM/RUNTIME/._runtime_checkpoint_policy.docx,docx,219,2,183d5f9ccea67024dcb7092db8834c69e7c17eabb356a6f322b8cc5b5563dfc0,packaging
WRITING_ARCHITECT.zip!WRITING_ARCHITECT/Module writing.zip!Module writing/WRITING_SYSTEM.zip!WRITING_SYSTEM/RUNTIME/schema_failure_injection_records.docx,docx,36748,2,7d9ee94c88736a80f83600360acd08f84873c142e511cbd20bf8cc6b85966c29,payload
WRITING_ARCHITECT.zip!WRITING_ARCHITECT/Module writing.zip!Module writing/WRITING_SYSTEM.zip!__MACOSX/WRITING_SYSTEM/RUNTIME/._schema_failure_injection_records.docx,docx,219,2,183d5f9ccea67024dcb7092db8834c69e7c17eabb356a6f322b8cc5b5563dfc0,packaging
WRITING_ARCHITECT.zip!WRITING_ARCHITECT/Module writing.zip!Module writing/WRITING_SYSTEM.zip!WRITING_SYSTEM/RUNTIME/schema_failure_state_records.docx,docx,36906,2,434fc305ffcbf31fa7759884095e80e203c9ad5b77f4aa36208d3e2f52f81a5e,payload
WRITING_ARCHITECT.zip!WRITING_ARCHITECT/Module writing.zip!Module writing/WRITING_SYSTEM.zip!__MACOSX/WRITING_SYSTEM/RUNTIME/._schema_failure_state_records.docx,docx,219,2,183d5f9ccea67024dcb7092db8834c69e7c17eabb356a6f322b8cc5b5563dfc0,packaging
WRITING_ARCHITECT.zip!WRITING_ARCHITECT/Module writing.zip!Module writing/WRITING_SYSTEM.zip!WRITING_SYSTEM/RUNTIME/runtime_handoff_rules.docx,docx,37786,2,ef1695eaff668b5d1d1bc9f54f66a059536c234e1460c234251ba58ed87c6336,payload
WRITING_ARCHITECT.zip!WRITING_ARCHITECT/Module writing.zip!Module writing/WRITING_SYSTEM.zip!__MACOSX/WRITING_SYSTEM/RUNTIME/._runtime_handoff_rules.docx,docx,219,2,183d5f9ccea67024dcb7092db8834c69e7c17eabb356a6f322b8cc5b5563dfc0,packaging
WRITING_ARCHITECT.zip!WRITING_ARCHITECT/Module writing.zip!Module writing/WRITING_SYSTEM.zip!WRITING_SYSTEM/RUNTIME/schema_failure_observation_records.docx,docx,36904,2,1ea2b070ef4db288965389bdac509880f8e938bc3fc6bdb1541a7f808aa6c0cc,payload
WRITING_ARCHITECT.zip!WRITING_ARCHITECT/Module writing.zip!Module writing/WRITING_SYSTEM.zip!__MACOSX/WRITING_SYSTEM/RUNTIME/._schema_failure_observation_records.docx,docx,219,2,183d5f9ccea67024dcb7092db8834c69e7c17eabb356a6f322b8cc5b5563dfc0,packaging
WRITING_ARCHITECT.zip!WRITING_ARCHITECT/Module writing.zip!Module writing/WRITING_SYSTEM.zip!WRITING_SYSTEM/RUNTIME/schema_approval_trace_records.docx,docx,36912,2,505fe3c315c07e4b5951095ff2a648625d098b8389625654727a631a1f43186b,payload
WRITING_ARCHITECT.zip!WRITING_ARCHITECT/Module writing.zip!Module writing/WRITING_SYSTEM.zip!__MACOSX/WRITING_SYSTEM/RUNTIME/._schema_approval_trace_records.docx,docx,219,2,183d5f9ccea67024dcb7092db8834c69e7c17eabb356a6f322b8cc5b5563dfc0,packaging
WRITING_ARCHITECT.zip!WRITING_ARCHITECT/Module writing.zip!Module writing/WRITING_SYSTEM.zip!WRITING_SYSTEM/RELIABILITY_LAYER/RUNTIME_RELIABILITY_INTEGRATION_RULES.docx,docx,37759,2,1c4b7bd0235561baeb3f313eeaf22cda4da1bc939ef9a625205e432b1e9ca5dd,payload
WRITING_ARCHITECT.zip!WRITING_ARCHITECT/Module writing.zip!Module writing/WRITING_SYSTEM.zip!__MACOSX/WRITING_SYSTEM/RELIABILITY_LAYER/._RUNTIME_RELIABILITY_INTEGRATION_RULES.docx,docx,219,2,183d5f9ccea67024dcb7092db8834c69e7c17eabb356a6f322b8cc5b5563dfc0,packaging
WRITING_ARCHITECT.zip!WRITING_ARCHITECT/Module writing.zip!Module writing/WRITING_SYSTEM.zip!WRITING_SYSTEM/RELIABILITY_LAYER/ARTIFACT_FINGERPRINT_LAYER.docx,docx,37278,2,fbd980800938db019b4b53354247ef121c66717503fdb6680af9a084d3d8beab,payload
WRITING_ARCHITECT.zip!WRITING_ARCHITECT/Module writing.zip!Module writing/WRITING_SYSTEM.zip!__MACOSX/WRITING_SYSTEM/RELIABILITY_LAYER/._ARTIFACT_FINGERPRINT_LAYER.docx,docx,219,2,183d5f9ccea67024dcb7092db8834c69e7c17eabb356a6f322b8cc5b5563dfc0,packaging
WRITING_ARCHITECT.zip!WRITING_ARCHITECT/Module writing.zip!Module writing/WRITING_SYSTEM.zip!WRITING_SYSTEM/RELIABILITY_LAYER/BAND_POST_MERGE_VALIDATION.docx,docx,37352,2,af9ffce04b731a8e961a13bd5031e06caff751682b3127ab74e903e926c491d0,payload
WRITING_ARCHITECT.zip!WRITING_ARCHITECT/Module writing.zip!Module writing/WRITING_SYSTEM.zip!__MACOSX/WRITING_SYSTEM/RELIABILITY_LAYER/._BAND_POST_MERGE_VALIDATION.docx,docx,219,2,183d5f9ccea67024dcb7092db8834c69e7c17eabb356a6f322b8cc5b5563dfc0,packaging
WRITING_ARCHITECT.zip!WRITING_ARCHITECT/Module writing.zip!Module writing/WRITING_SYSTEM.zip!WRITING_SYSTEM/RELIABILITY_LAYER/BAND_EDIT_PACKET_SCHEMA.docx,docx,37620,2,1cfcd1af43f90b24321ac1c30d927ed63356f3cd1c2c2cda38d9cd03204c274d,payload
WRITING_ARCHITECT.zip!WRITING_ARCHITECT/Module writing.zip!Module writing/WRITING_SYSTEM.zip!__MACOSX/WRITING_SYSTEM/RELIABILITY_LAYER/._BAND_EDIT_PACKET_SCHEMA.docx,docx,219,2,183d5f9ccea67024dcb7092db8834c69e7c17eabb356a6f322b8cc5b5563dfc0,packaging
WRITING_ARCHITECT.zip!WRITING_ARCHITECT/Module writing.zip!Module writing/WRITING_SYSTEM.zip!WRITING_SYSTEM/RELIABILITY_LAYER/TYPED_RUNTIME_STATE_SCHEMA.docx,docx,37736,2,e342b974f7c4e36e85ea0c64da9f125a8c248ceff51652077b3a382b6c774690,payload
WRITING_ARCHITECT.zip!WRITING_ARCHITECT/Module writing.zip!Module writing/WRITING_SYSTEM.zip!__MACOSX/WRITING_SYSTEM/RELIABILITY_LAYER/._TYPED_RUNTIME_STATE_SCHEMA.docx,docx,219,2,183d5f9ccea67024dcb7092db8834c69e7c17eabb356a6f322b8cc5b5563dfc0,packaging
WRITING_ARCHITECT.zip!WRITING_ARCHITECT/Module writing.zip!Module writing/WRITING_SYSTEM.zip!WRITING_SYSTEM/RELIABILITY_LAYER/CONTEXT_BUDGET_CONTROLLER.docx,docx,37314,2,a51201ed54db877ada507e7ef58a6509eae07ff34356ebd4603f1dcace1370f2,payload
WRITING_ARCHITECT.zip!WRITING_ARCHITECT/Module writing.zip!Module writing/WRITING_SYSTEM.zip!__MACOSX/WRITING_SYSTEM/RELIABILITY_LAYER/._CONTEXT_BUDGET_CONTROLLER.docx,docx,219,2,183d5f9ccea67024dcb7092db8834c69e7c17eabb356a6f322b8cc5b5563dfc0,packaging
WRITING_ARCHITECT.zip!WRITING_ARCHITECT/Module writing.zip!Module writing/WRITING_SYSTEM.zip!WRITING_SYSTEM/RELIABILITY_LAYER/REGRESSION_TEST_PACKS.docx,docx,37333,2,b399dcfcbeb40128d7928258d385b20f8026ef0a19199aee36b52ffa5bfa96ab,payload
WRITING_ARCHITECT.zip!WRITING_ARCHITECT/Module writing.zip!Module writing/WRITING_SYSTEM.zip!__MACOSX/WRITING_SYSTEM/RELIABILITY_LAYER/._REGRESSION_TEST_PACKS.docx,docx,219,2,183d5f9ccea67024dcb7092db8834c69e7c17eabb356a6f322b8cc5b5563dfc0,packaging
WRITING_ARCHITECT.zip!WRITING_ARCHITECT/Module writing.zip!Module writing/WRITING_SYSTEM.zip!WRITING_SYSTEM/RELIABILITY_LAYER/CHECKPOINT_REGISTRY_LAYER.docx,docx,37572,2,3ab17cc04c0e2c42f2a98651f0354fb64dfb05ae0c8be31cfce8558d9d112411,payload
WRITING_ARCHITECT.zip!WRITING_ARCHITECT/Module writing.zip!Module writing/WRITING_SYSTEM.zip!__MACOSX/WRITING_SYSTEM/RELIABILITY_LAYER/._CHECKPOINT_REGISTRY_LAYER.docx,docx,219,2,183d5f9ccea67024dcb7092db8834c69e7c17eabb356a6f322b8cc5b5563dfc0,packaging
WRITING_ARCHITECT.zip!WRITING_ARCHITECT/Module writing.zip!Module writing/WRITING_SYSTEM.zip!WRITING_SYSTEM/RELIABILITY_LAYER/EVALUATION_GATE_LAYER.docx,docx,37087,2,f7506f3875b3d839b375bfe5e3012f09eec13dd83eb17609b65202f6f963144f,payload
WRITING_ARCHITECT.zip!WRITING_ARCHITECT/Module writing.zip!Module writing/WRITING_SYSTEM.zip!__MACOSX/WRITING_SYSTEM/RELIABILITY_LAYER/._EVALUATION_GATE_LAYER.docx,docx,219,2,183d5f9ccea67024dcb7092db8834c69e7c17eabb356a6f322b8cc5b5563dfc0,packaging
WRITING_ARCHITECT.zip!WRITING_ARCHITECT/Module writing.zip!Module writing/WRITING_SYSTEM.zip!WRITING_SYSTEM/RELIABILITY_LAYER/BAND_EXTRACTION_CONTROL_LAYER.docx,docx,37494,2,13d7aa5cda076c4ef445451b0cd505d3b53630e988a7dadd6a1605eb0b937568,payload
WRITING_ARCHITECT.zip!WRITING_ARCHITECT/Module writing.zip!Module writing/WRITING_SYSTEM.zip!__MACOSX/WRITING_SYSTEM/RELIABILITY_LAYER/._BAND_EXTRACTION_CONTROL_LAYER.docx,docx,219,2,183d5f9ccea67024dcb7092db8834c69e7c17eabb356a6f322b8cc5b5563dfc0,packaging
WRITING_ARCHITECT.zip!WRITING_ARCHITECT/Module writing.zip!Module writing/WRITING_SYSTEM.zip!WRITING_SYSTEM/RELIABILITY_LAYER/PROMOTION_GATE_HARDENING_LAYER.docx,docx,37479,2,11d20521a3b77bca3289605cd408534172d2e1422a8edfada6be78a1bb1aab61,payload
WRITING_ARCHITECT.zip!WRITING_ARCHITECT/Module writing.zip!Module writing/WRITING_SYSTEM.zip!__MACOSX/WRITING_SYSTEM/RELIABILITY_LAYER/._PROMOTION_GATE_HARDENING_LAYER.docx,docx,219,2,183d5f9ccea67024dcb7092db8834c69e7c17eabb356a6f322b8cc5b5563dfc0,packaging
WRITING_ARCHITECT.zip!WRITING_ARCHITECT/Module writing.zip!Module writing/WRITING_SYSTEM.zip!WRITING_SYSTEM/RELIABILITY_LAYER/ARTIFACT_LINEAGE_LAYER.docx,docx,37528,2,ab9269cb285d369c9b2bf7a5adcb04eb33a31cc53bb73d971ce6b0aabe34235b,payload
WRITING_ARCHITECT.zip!WRITING_ARCHITECT/Module writing.zip!Module writing/WRITING_SYSTEM.zip!__MACOSX/WRITING_SYSTEM/RELIABILITY_LAYER/._ARTIFACT_LINEAGE_LAYER.docx,docx,219,2,183d5f9ccea67024dcb7092db8834c69e7c17eabb356a6f322b8cc5b5563dfc0,packaging
WRITING_ARCHITECT.zip!WRITING_ARCHITECT/Module writing.zip!Module writing/WRITING_SYSTEM.zip!WRITING_SYSTEM/RELIABILITY_LAYER/DISPLAY_ROUTING_LAYER.docx,docx,37440,2,9326769972d16d2107a3dc00e05bde5a50d0c72a96fb964247aad2714c2ad201,payload
WRITING_ARCHITECT.zip!WRITING_ARCHITECT/Module writing.zip!Module writing/WRITING_SYSTEM.zip!__MACOSX/WRITING_SYSTEM/RELIABILITY_LAYER/._DISPLAY_ROUTING_LAYER.docx,docx,219,2,183d5f9ccea67024dcb7092db8834c69e7c17eabb356a6f322b8cc5b5563dfc0,packaging
WRITING_ARCHITECT.zip!WRITING_ARCHITECT/Module writing.zip!Module writing/WRITING_SYSTEM.zip!WRITING_SYSTEM/RELIABILITY_LAYER/BAND_REINTEGRATION_RULES.docx,docx,37451,2,a1823de52b64f92a3994ae32d4422cf4ec5695d6066070b24cf4d483eaaf7524,payload
WRITING_ARCHITECT.zip!WRITING_ARCHITECT/Module writing.zip!Module writing/WRITING_SYSTEM.zip!__MACOSX/WRITING_SYSTEM/RELIABILITY_LAYER/._BAND_REINTEGRATION_RULES.docx,docx,219,2,183d5f9ccea67024dcb7092db8834c69e7c17eabb356a6f322b8cc5b5563dfc0,packaging
WRITING_ARCHITECT.zip!WRITING_ARCHITECT/Module writing.zip!Module writing/WRITING_SYSTEM.zip!WRITING_SYSTEM/STORY_SYSTEM/STORY_BIBLE_ACTIVE.docx,docx,36640,2,fcf699e5dc4a3e7cec1272a6f230a7adb9d779ca9cab5b893b221e1df27cd3bb,payload
WRITING_ARCHITECT.zip!WRITING_ARCHITECT/Module writing.zip!Module writing/WRITING_SYSTEM.zip!__MACOSX/WRITING_SYSTEM/STORY_SYSTEM/._STORY_BIBLE_ACTIVE.docx,docx,219,2,183d5f9ccea67024dcb7092db8834c69e7c17eabb356a6f322b8cc5b5563dfc0,packaging
WRITING_ARCHITECT.zip!WRITING_ARCHITECT/Module writing.zip!Module writing/WRITING_SYSTEM.zip!WRITING_SYSTEM/STORY_SYSTEM/STORY_BIBLE_MASTER__1.docx,docx,37840,2,bd44c618a21e2fa14bce67780473c9b9ca6e3672baf60ba0740652532dabe040,payload
WRITING_ARCHITECT.zip!WRITING_ARCHITECT/Module writing.zip!Module writing/WRITING_SYSTEM.zip!__MACOSX/WRITING_SYSTEM/STORY_SYSTEM/._STORY_BIBLE_MASTER__1.docx,docx,219,2,183d5f9ccea67024dcb7092db8834c69e7c17eabb356a6f322b8cc5b5563dfc0,packaging
WRITING_ARCHITECT.zip!WRITING_ARCHITECT/Module writing.zip!Module writing/WRITING_SYSTEM.zip!WRITING_SYSTEM/STORY_SYSTEM/STORY_BIBLE_VALIDATION_RULES.docx,docx,36649,2,144fe58f28048eaaff01f039ba69624fea571bb218c70576f2033f0340bbc7fd,payload
WRITING_ARCHITECT.zip!WRITING_ARCHITECT/Module writing.zip!Module writing/WRITING_SYSTEM.zip!__MACOSX/WRITING_SYSTEM/STORY_SYSTEM/._STORY_BIBLE_VALIDATION_RULES.docx,docx,219,2,183d5f9ccea67024dcb7092db8834c69e7c17eabb356a6f322b8cc5b5563dfc0,packaging
WRITING_ARCHITECT.zip!WRITING_ARCHITECT/Module writing.zip!Module writing/WRITING_SYSTEM.zip!WRITING_SYSTEM/STORY_SYSTEM/CHAPTER_BLUEPRINT_SCHEMA.docx,docx,36645,2,4005634d35030334c78221100084c516703ccea28c373481f99191ec55f76398,payload
WRITING_ARCHITECT.zip!WRITING_ARCHITECT/Module writing.zip!Module writing/WRITING_SYSTEM.zip!__MACOSX/WRITING_SYSTEM/STORY_SYSTEM/._CHAPTER_BLUEPRINT_SCHEMA.docx,docx,219,2,183d5f9ccea67024dcb7092db8834c69e7c17eabb356a6f322b8cc5b5563dfc0,packaging
WRITING_ARCHITECT.zip!WRITING_ARCHITECT/Module writing.zip!Module writing/WRITING_SYSTEM.zip!WRITING_SYSTEM/STORY_SYSTEM/HARD_ENFORCEMENT_LAYER.docx,docx,36949,2,a9bcbd03b2cf5c3e2a428faa647a9c4c83e6ad66799d5fe6f0ae870445585c30,payload
WRITING_ARCHITECT.zip!WRITING_ARCHITECT/Module writing.zip!Module writing/WRITING_SYSTEM.zip!__MACOSX/WRITING_SYSTEM/STORY_SYSTEM/._HARD_ENFORCEMENT_LAYER.docx,docx,219,2,183d5f9ccea67024dcb7092db8834c69e7c17eabb356a6f322b8cc5b5563dfc0,packaging
WRITING_ARCHITECT.zip!WRITING_ARCHITECT/Module writing.zip!Module writing/WRITING_SYSTEM.zip!WRITING_SYSTEM/STORY_SYSTEM/POV_INTERPRETATION_LOCK.docx,docx,36768,2,7e35c9ac76b39ad95d09b9704dd4daaa72765dda98b646051198eb2cc6690cbb,payload
WRITING_ARCHITECT.zip!WRITING_ARCHITECT/Module writing.zip!Module writing/WRITING_SYSTEM.zip!__MACOSX/WRITING_SYSTEM/STORY_SYSTEM/._POV_INTERPRETATION_LOCK.docx,docx,219,2,183d5f9ccea67024dcb7092db8834c69e7c17eabb356a6f322b8cc5b5563dfc0,packaging
WRITING_ARCHITECT.zip!WRITING_ARCHITECT/Module writing.zip!Module writing/WRITING_SYSTEM.zip!WRITING_SYSTEM/STORY_SYSTEM/ENFORCEMENT_INTEGRATION_RULES.docx,docx,36820,2,e9f1e4c876d03da239fa59b0707b8563a06c44b5ebc2948fc68be871cf86804b,payload
WRITING_ARCHITECT.zip!WRITING_ARCHITECT/Module writing.zip!Module writing/WRITING_SYSTEM.zip!__MACOSX/WRITING_SYSTEM/STORY_SYSTEM/._ENFORCEMENT_INTEGRATION_RULES.docx,docx,219,2,183d5f9ccea67024dcb7092db8834c69e7c17eabb356a6f322b8cc5b5563dfc0,packaging
WRITING_ARCHITECT.zip!WRITING_ARCHITECT/Module writing.zip!Module writing/WRITING_SYSTEM.zip!WRITING_SYSTEM/STORY_SYSTEM/CHAPTER_CONTINUITY_LINK_MAP__1.docx,docx,37238,2,11b87d4c6f6299a1228f7749f9dbfdf23703eddfa05ff3ccba2e8c7f3c4e8ca9,payload
WRITING_ARCHITECT.zip!WRITING_ARCHITECT/Module writing.zip!Module writing/WRITING_SYSTEM.zip!__MACOSX/WRITING_SYSTEM/STORY_SYSTEM/._CHAPTER_CONTINUITY_LINK_MAP__1.docx,docx,219,2,183d5f9ccea67024dcb7092db8834c69e7c17eabb356a6f322b8cc5b5563dfc0,packaging
WRITING_ARCHITECT.zip!WRITING_ARCHITECT/Module writing.zip!Module writing/WRITING_SYSTEM.zip!WRITING_SYSTEM/STORY_SYSTEM/STORY_BIBLE_UPDATE_POLICY.docx,docx,36646,2,b351c6837776ae8d43d90a606b2f93a62d2547a6e24e785b09bf2cf8dcabd0a4,payload
WRITING_ARCHITECT.zip!WRITING_ARCHITECT/Module writing.zip!Module writing/WRITING_SYSTEM.zip!__MACOSX/WRITING_SYSTEM/STORY_SYSTEM/._STORY_BIBLE_UPDATE_POLICY.docx,docx,219,2,183d5f9ccea67024dcb7092db8834c69e7c17eabb356a6f322b8cc5b5563dfc0,packaging
WRITING_ARCHITECT.zip!WRITING_ARCHITECT/Module writing.zip!Module writing/WRITING_SYSTEM.zip!WRITING_SYSTEM/STORY_SYSTEM/MIDPOINT_PIVOT_RULE.docx,docx,36766,2,94fdc10dcd90336d6412ac59bacde021ee9afd33f1814a8588fd85ecc5967ec5,payload
WRITING_ARCHITECT.zip!WRITING_ARCHITECT/Module writing.zip!Module writing/WRITING_SYSTEM.zip!__MACOSX/WRITING_SYSTEM/STORY_SYSTEM/._MIDPOINT_PIVOT_RULE.docx,docx,219,2,183d5f9ccea67024dcb7092db8834c69e7c17eabb356a6f322b8cc5b5563dfc0,packaging
WRITING_ARCHITECT.zip!WRITING_ARCHITECT/Module writing.zip!Module writing/WRITING_SYSTEM.zip!WRITING_SYSTEM/STORY_SYSTEM/VERIFIED_EXTRACTION_LAYER.docx,docx,37406,2,7fd3c5546000d429f60cbcc804031cb69e4d0eb7f5bafe6838cff37b7d6f951f,payload
WRITING_ARCHITECT.zip!WRITING_ARCHITECT/Module writing.zip!Module writing/WRITING_SYSTEM.zip!__MACOSX/WRITING_SYSTEM/STORY_SYSTEM/._VERIFIED_EXTRACTION_LAYER.docx,docx,219,2,183d5f9ccea67024dcb7092db8834c69e7c17eabb356a6f322b8cc5b5563dfc0,packaging
WRITING_ARCHITECT.zip!WRITING_ARCHITECT/Module writing.zip!Module writing/WRITING_SYSTEM.zip!WRITING_SYSTEM/STORY_SYSTEM/STORY_BIBLE_SCHEMA__1.docx,docx,37616,2,2099088bb220cbc5e5a779e81c6d353e2e814af9cb7b743b61e5e10a4d01118e,payload
WRITING_ARCHITECT.zip!WRITING_ARCHITECT/Module writing.zip!Module writing/WRITING_SYSTEM.zip!__MACOSX/WRITING_SYSTEM/STORY_SYSTEM/._STORY_BIBLE_SCHEMA__1.docx,docx,219,2,183d5f9ccea67024dcb7092db8834c69e7c17eabb356a6f322b8cc5b5563dfc0,packaging
WRITING_ARCHITECT.zip!WRITING_ARCHITECT/Module writing.zip!Module writing/WRITING_SYSTEM.zip!WRITING_SYSTEM/STORY_SYSTEM/PATCH_SOURCE_LOCK_RULES.docx,docx,37234,2,94f73daf99739bc0d22d3971dfe3d21af45988fdba677be5ece9876e1bff7bda,payload
WRITING_ARCHITECT.zip!WRITING_ARCHITECT/Module writing.zip!Module writing/WRITING_SYSTEM.zip!__MACOSX/WRITING_SYSTEM/STORY_SYSTEM/._PATCH_SOURCE_LOCK_RULES.docx,docx,219,2,183d5f9ccea67024dcb7092db8834c69e7c17eabb356a6f322b8cc5b5563dfc0,packaging
WRITING_ARCHITECT.zip!WRITING_ARCHITECT/Module writing.zip!Module writing/WRITING_SYSTEM.zip!WRITING_SYSTEM/STORY_SYSTEM/CHAPTER_BLUEPRINT_SCHEMA__1.docx,docx,37229,2,ce3532400b08270cf1e60204f5c6701b6858481d3461507e77133dd2778ee103,payload
WRITING_ARCHITECT.zip!WRITING_ARCHITECT/Module writing.zip!Module writing/WRITING_SYSTEM.zip!__MACOSX/WRITING_SYSTEM/STORY_SYSTEM/._CHAPTER_BLUEPRINT_SCHEMA__1.docx,docx,219,2,183d5f9ccea67024dcb7092db8834c69e7c17eabb356a6f322b8cc5b5563dfc0,packaging
WRITING_ARCHITECT.zip!WRITING_ARCHITECT/Module writing.zip!Module writing/WRITING_SYSTEM.zip!WRITING_SYSTEM/STORY_SYSTEM/STORY_BIBLE_MASTER.docx,docx,36639,2,65bbb1f4f3b20f5dd709d2ee49a1f3f8555a3f49b5f1c70c03eedb1637a85b1d,payload
WRITING_ARCHITECT.zip!WRITING_ARCHITECT/Module writing.zip!Module writing/WRITING_SYSTEM.zip!__MACOSX/WRITING_SYSTEM/STORY_SYSTEM/._STORY_BIBLE_MASTER.docx,docx,219,2,183d5f9ccea67024dcb7092db8834c69e7c17eabb356a6f322b8cc5b5563dfc0,packaging
WRITING_ARCHITECT.zip!WRITING_ARCHITECT/Module writing.zip!Module writing/WRITING_SYSTEM.zip!WRITING_SYSTEM/STORY_SYSTEM/CHAPTER_BLUEPRINT_TEMPLATE.docx,docx,36645,2,d411064c51873770f5d4b9689ff084266af57a737f65897beb49da8a2e9b68aa,payload
WRITING_ARCHITECT.zip!WRITING_ARCHITECT/Module writing.zip!Module writing/WRITING_SYSTEM.zip!__MACOSX/WRITING_SYSTEM/STORY_SYSTEM/._CHAPTER_BLUEPRINT_TEMPLATE.docx,docx,219,2,183d5f9ccea67024dcb7092db8834c69e7c17eabb356a6f322b8cc5b5563dfc0,packaging
WRITING_ARCHITECT.zip!WRITING_ARCHITECT/Module writing.zip!Module writing/WRITING_SYSTEM.zip!WRITING_SYSTEM/STORY_SYSTEM/META_INTRUSION_REWRITE_RULES.docx,docx,37338,2,33d455b839eb4eb41e36f7f128b9ea879d10b789d20b0537f648ead39cc64bbf,payload
WRITING_ARCHITECT.zip!WRITING_ARCHITECT/Module writing.zip!Module writing/WRITING_SYSTEM.zip!__MACOSX/WRITING_SYSTEM/STORY_SYSTEM/._META_INTRUSION_REWRITE_RULES.docx,docx,219,2,183d5f9ccea67024dcb7092db8834c69e7c17eabb356a6f322b8cc5b5563dfc0,packaging
WRITING_ARCHITECT.zip!WRITING_ARCHITECT/Module writing.zip!Module writing/WRITING_SYSTEM.zip!WRITING_SYSTEM/STORY_SYSTEM/STORY_BIBLE_UPDATE_POLICY__1.docx,docx,37429,2,1112302b8ba079d32fc4cb206568bcef93dc8fd420de513e1dcf53ba7d7bbc01,payload
WRITING_ARCHITECT.zip!WRITING_ARCHITECT/Module writing.zip!Module writing/WRITING_SYSTEM.zip!__MACOSX/WRITING_SYSTEM/STORY_SYSTEM/._STORY_BIBLE_UPDATE_POLICY__1.docx,docx,219,2,183d5f9ccea67024dcb7092db8834c69e7c17eabb356a6f322b8cc5b5563dfc0,packaging
WRITING_ARCHITECT.zip!WRITING_ARCHITECT/Module writing.zip!Module writing/WRITING_SYSTEM.zip!WRITING_SYSTEM/STORY_SYSTEM/CHAPTER_CONTINUITY_LINK_MAP.docx,docx,36650,2,99c26850bb5d4cd4945e85a6eb7746a04c1cadc05d94421d14e76d1486bbd509,payload
WRITING_ARCHITECT.zip!WRITING_ARCHITECT/Module writing.zip!Module writing/WRITING_SYSTEM.zip!__MACOSX/WRITING_SYSTEM/STORY_SYSTEM/._CHAPTER_CONTINUITY_LINK_MAP.docx,docx,219,2,183d5f9ccea67024dcb7092db8834c69e7c17eabb356a6f322b8cc5b5563dfc0,packaging
WRITING_ARCHITECT.zip!WRITING_ARCHITECT/Module writing.zip!Module writing/WRITING_SYSTEM.zip!WRITING_SYSTEM/STORY_SYSTEM/STORY_SYSTEM_OPERATION_FLOW.docx,docx,36648,2,5607d35a41633ed650684e5741510f1f94f55d00a2bdd4c649fc0dbfafdc0941,payload
WRITING_ARCHITECT.zip!WRITING_ARCHITECT/Module writing.zip!Module writing/WRITING_SYSTEM.zip!__MACOSX/WRITING_SYSTEM/STORY_SYSTEM/._STORY_SYSTEM_OPERATION_FLOW.docx,docx,219,2,183d5f9ccea67024dcb7092db8834c69e7c17eabb356a6f322b8cc5b5563dfc0,packaging
WRITING_ARCHITECT.zip!WRITING_ARCHITECT/Module writing.zip!Module writing/WRITING_SYSTEM.zip!WRITING_SYSTEM/STORY_SYSTEM/CHAPTER_BLUEPRINT_TEMPLATE__1.docx,docx,37385,2,8a199e898d5932cb2efed6dfcbc9f11d75a3e05ac8c59ece53cd03fccaf252a5,payload
WRITING_ARCHITECT.zip!WRITING_ARCHITECT/Module writing.zip!Module writing/WRITING_SYSTEM.zip!__MACOSX/WRITING_SYSTEM/STORY_SYSTEM/._CHAPTER_BLUEPRINT_TEMPLATE__1.docx,docx,219,2,183d5f9ccea67024dcb7092db8834c69e7c17eabb356a6f322b8cc5b5563dfc0,packaging
WRITING_ARCHITECT.zip!WRITING_ARCHITECT/Module writing.zip!Module writing/WRITING_SYSTEM.zip!WRITING_SYSTEM/STORY_SYSTEM/META_INTEGRITY_CONTROL_LAYER.docx,docx,37197,2,6d59a60701a1047969013bc390c53e30554e95395f2bf21ea7b1ea6bb5396538,payload
WRITING_ARCHITECT.zip!WRITING_ARCHITECT/Module writing.zip!Module writing/WRITING_SYSTEM.zip!__MACOSX/WRITING_SYSTEM/STORY_SYSTEM/._META_INTEGRITY_CONTROL_LAYER.docx,docx,219,2,183d5f9ccea67024dcb7092db8834c69e7c17eabb356a6f322b8cc5b5563dfc0,packaging
WRITING_ARCHITECT.zip!WRITING_ARCHITECT/Module writing.zip!Module writing/WRITING_SYSTEM.zip!WRITING_SYSTEM/STORY_SYSTEM/STORY_BIBLE_VALIDATION_RULES__1.docx,docx,37142,2,9f2b86d927848f65082a0b12a22b7dae90090def37266e3200ffa753655b089b,payload
WRITING_ARCHITECT.zip!WRITING_ARCHITECT/Module writing.zip!Module writing/WRITING_SYSTEM.zip!__MACOSX/WRITING_SYSTEM/STORY_SYSTEM/._STORY_BIBLE_VALIDATION_RULES__1.docx,docx,219,2,183d5f9ccea67024dcb7092db8834c69e7c17eabb356a6f322b8cc5b5563dfc0,packaging
WRITING_ARCHITECT.zip!WRITING_ARCHITECT/Module writing.zip!Module writing/WRITING_SYSTEM.zip!WRITING_SYSTEM/STORY_SYSTEM/CHAPTER_BLUEPRINT_VALIDATION.docx,docx,36650,2,2b55c6b5605996ba2c332b4284464e716b49aa39c97c52423bd3eb241076cd1b,payload
WRITING_ARCHITECT.zip!WRITING_ARCHITECT/Module writing.zip!Module writing/WRITING_SYSTEM.zip!__MACOSX/WRITING_SYSTEM/STORY_SYSTEM/._CHAPTER_BLUEPRINT_VALIDATION.docx,docx,219,2,183d5f9ccea67024dcb7092db8834c69e7c17eabb356a6f322b8cc5b5563dfc0,packaging
WRITING_ARCHITECT.zip!WRITING_ARCHITECT/Module writing.zip!Module writing/WRITING_SYSTEM.zip!WRITING_SYSTEM/STORY_SYSTEM/STORY_BIBLE_SCHEMA.docx,docx,36641,2,37a0de63beae4c211331dd8c555881db02c76a2faa6b64254705527584bd9cf7,payload
WRITING_ARCHITECT.zip!WRITING_ARCHITECT/Module writing.zip!Module writing/WRITING_SYSTEM.zip!__MACOSX/WRITING_SYSTEM/STORY_SYSTEM/._STORY_BIBLE_SCHEMA.docx,docx,219,2,183d5f9ccea67024dcb7092db8834c69e7c17eabb356a6f322b8cc5b5563dfc0,packaging
WRITING_ARCHITECT.zip!WRITING_ARCHITECT/Module writing.zip!Module writing/WRITING_SYSTEM.zip!WRITING_SYSTEM/STORY_SYSTEM/INTEGRITY_LAYER_INTEGRATION_RULES.docx,docx,37175,2,8772573f9cb3fb192b6d2917f2d3e83112c43b5dd4bdb9093374cf35b13eb726,payload
WRITING_ARCHITECT.zip!WRITING_ARCHITECT/Module writing.zip!Module writing/WRITING_SYSTEM.zip!__MACOSX/WRITING_SYSTEM/STORY_SYSTEM/._INTEGRITY_LAYER_INTEGRATION_RULES.docx,docx,219,2,183d5f9ccea67024dcb7092db8834c69e7c17eabb356a6f322b8cc5b5563dfc0,packaging
WRITING_ARCHITECT.zip!WRITING_ARCHITECT/Module writing.zip!Module writing/WRITING_SYSTEM.zip!WRITING_SYSTEM/STORY_SYSTEM/PRESSURE_DENSITY_LOCK.docx,docx,36827,2,d147f820de24d61bf5e6b6ea1c49da6f54995a501d4da239c39ea2038fb690da,payload
WRITING_ARCHITECT.zip!WRITING_ARCHITECT/Module writing.zip!Module writing/WRITING_SYSTEM.zip!__MACOSX/WRITING_SYSTEM/STORY_SYSTEM/._PRESSURE_DENSITY_LOCK.docx,docx,219,2,183d5f9ccea67024dcb7092db8834c69e7c17eabb356a6f322b8cc5b5563dfc0,packaging
WRITING_ARCHITECT.zip!WRITING_ARCHITECT/Module writing.zip!Module writing/WRITING_SYSTEM.zip!WRITING_SYSTEM/STORY_SYSTEM/STORY_SYSTEM_OPERATION_FLOW__1.docx,docx,37599,2,98c64adf9766bdde020b412baced51ae5a7f680ad9c3f5f7ffe1b72b3bad750b,payload
WRITING_ARCHITECT.zip!WRITING_ARCHITECT/Module writing.zip!Module writing/WRITING_SYSTEM.zip!__MACOSX/WRITING_SYSTEM/STORY_SYSTEM/._STORY_SYSTEM_OPERATION_FLOW__1.docx,docx,219,2,183d5f9ccea67024dcb7092db8834c69e7c17eabb356a6f322b8cc5b5563dfc0,packaging
WRITING_ARCHITECT.zip!WRITING_ARCHITECT/Module writing.zip!Module writing/WRITING_SYSTEM.zip!WRITING_SYSTEM/STORY_SYSTEM/CHAPTER_BLUEPRINT_VALIDATION__1.docx,docx,37326,2,9ba9eefe08f2280673c61089a0362a2b38b8767cf4d9c3536773b1955e434b11,payload
WRITING_ARCHITECT.zip!WRITING_ARCHITECT/Module writing.zip!Module writing/WRITING_SYSTEM.zip!__MACOSX/WRITING_SYSTEM/STORY_SYSTEM/._CHAPTER_BLUEPRINT_VALIDATION__1.docx,docx,219,2,183d5f9ccea67024dcb7092db8834c69e7c17eabb356a6f322b8cc5b5563dfc0,packaging
WRITING_ARCHITECT.zip!WRITING_ARCHITECT/Module writing.zip!Module writing/WRITING_SYSTEM.zip!WRITING_SYSTEM/ENGINE/02_OPERATION_MAP__1.docx,docx,38124,2,900a5db3708d77e7e6d0caf2963695f475719f270e278539de65786c2b5c3380,payload
WRITING_ARCHITECT.zip!WRITING_ARCHITECT/Module writing.zip!Module writing/WRITING_SYSTEM.zip!__MACOSX/WRITING_SYSTEM/ENGINE/._02_OPERATION_MAP__1.docx,docx,219,2,183d5f9ccea67024dcb7092db8834c69e7c17eabb356a6f322b8cc5b5563dfc0,packaging
WRITING_ARCHITECT.zip!WRITING_ARCHITECT/Module writing.zip!Module writing/WRITING_SYSTEM.zip!WRITING_SYSTEM/ENGINE/ENGINE_04_WORLD_DRIFT_DETECTION.docx,docx,38236,2,08f9f6e7cb7ec7c5d670aa43b3d0d7e66e460ddbe5245e045c9688d05dd651df,payload
WRITING_ARCHITECT.zip!WRITING_ARCHITECT/Module writing.zip!Module writing/WRITING_SYSTEM.zip!__MACOSX/WRITING_SYSTEM/ENGINE/._ENGINE_04_WORLD_DRIFT_DETECTION.docx,docx,219,2,183d5f9ccea67024dcb7092db8834c69e7c17eabb356a6f322b8cc5b5563dfc0,packaging
WRITING_ARCHITECT.zip!WRITING_ARCHITECT/Module writing.zip!Module writing/WRITING_SYSTEM.zip!WRITING_SYSTEM/ENGINE/ENGINE_17_THEME_INTEGRITY.docx,docx,38760,2,53119d0eae4e777a00cc79753d65c9e931d4c443f9ce83ba474491f22f4f4933,payload
WRITING_ARCHITECT.zip!WRITING_ARCHITECT/Module writing.zip!Module writing/WRITING_SYSTEM.zip!__MACOSX/WRITING_SYSTEM/ENGINE/._ENGINE_17_THEME_INTEGRITY.docx,docx,219,2,183d5f9ccea67024dcb7092db8834c69e7c17eabb356a6f322b8cc5b5563dfc0,packaging
WRITING_ARCHITECT.zip!WRITING_ARCHITECT/Module writing.zip!Module writing/WRITING_SYSTEM.zip!WRITING_SYSTEM/ENGINE/ENGINE_08_WORLD_BUILD.docx,docx,38455,2,27b5866f50c5b008df91ab5a547fd407898a59d16475e6c1e82a47fa267f75c1,payload
WRITING_ARCHITECT.zip!WRITING_ARCHITECT/Module writing.zip!Module writing/WRITING_SYSTEM.zip!__MACOSX/WRITING_SYSTEM/ENGINE/._ENGINE_08_WORLD_BUILD.docx,docx,219,2,183d5f9ccea67024dcb7092db8834c69e7c17eabb356a6f322b8cc5b5563dfc0,packaging
WRITING_ARCHITECT.zip!WRITING_ARCHITECT/Module writing.zip!Module writing/WRITING_SYSTEM.zip!WRITING_SYSTEM/ENGINE/NARRATIVEOS_EXECUTION_ENGINE_HARDENED_NEXT3.docx,docx,43972,2,6e424f163bbb3867623f4e6056b21a9a8724e2ea2a5a5768b6c5b77406f122e2,payload
WRITING_ARCHITECT.zip!WRITING_ARCHITECT/Module writing.zip!Module writing/WRITING_SYSTEM.zip!__MACOSX/WRITING_SYSTEM/ENGINE/._NARRATIVEOS_EXECUTION_ENGINE_HARDENED_NEXT3.docx,docx,219,2,183d5f9ccea67024dcb7092db8834c69e7c17eabb356a6f322b8cc5b5563dfc0,packaging
WRITING_ARCHITECT.zip!WRITING_ARCHITECT/Module writing.zip!Module writing/WRITING_SYSTEM.zip!WRITING_SYSTEM/ENGINE/ENGINE_03_LORE_DELIVERY.docx,docx,38182,2,b0e8a4f9e4137d3f7e89e07048552deecc7bfeb227610f129aa6e30a5472be09,payload
WRITING_ARCHITECT.zip!WRITING_ARCHITECT/Module writing.zip!Module writing/WRITING_SYSTEM.zip!__MACOSX/WRITING_SYSTEM/ENGINE/._ENGINE_03_LORE_DELIVERY.docx,docx,219,2,183d5f9ccea67024dcb7092db8834c69e7c17eabb356a6f322b8cc5b5563dfc0,packaging
WRITING_ARCHITECT.zip!WRITING_ARCHITECT/Module writing.zip!Module writing/WRITING_SYSTEM.zip!WRITING_SYSTEM/ENGINE/ENGINE_13_PRESSURE_CURVE__1.docx,docx,36878,2,c65c534a3413a51e942bc68739b349f8742136b4b6fd9df5702f7a75e3fc3f32,payload
WRITING_ARCHITECT.zip!WRITING_ARCHITECT/Module writing.zip!Module writing/WRITING_SYSTEM.zip!__MACOSX/WRITING_SYSTEM/ENGINE/._ENGINE_13_PRESSURE_CURVE__1.docx,docx,219,2,183d5f9ccea67024dcb7092db8834c69e7c17eabb356a6f322b8cc5b5563dfc0,packaging
WRITING_ARCHITECT.zip!WRITING_ARCHITECT/Module writing.zip!Module writing/WRITING_SYSTEM.zip!WRITING_SYSTEM/ENGINE/00_MASTER_KERNEL.docx,docx,38584,2,48684f708b077dfde4139a4fcbdf37133b6f8708376f42b33b69789b8be3f2f8,payload
WRITING_ARCHITECT.zip!WRITING_ARCHITECT/Module writing.zip!Module writing/WRITING_SYSTEM.zip!__MACOSX/WRITING_SYSTEM/ENGINE/._00_MASTER_KERNEL.docx,docx,219,2,183d5f9ccea67024dcb7092db8834c69e7c17eabb356a6f322b8cc5b5563dfc0,packaging
WRITING_ARCHITECT.zip!WRITING_ARCHITECT/Module writing.zip!Module writing/WRITING_SYSTEM.zip!WRITING_SYSTEM/ENGINE/ENGINE_11_STRUCTURAL_ENFORCEMENT__1.docx,docx,36935,2,1c40558240bf8697f587ea4224bb8637b7b570f90a6bcb134ae56b6009840412,payload
WRITING_ARCHITECT.zip!WRITING_ARCHITECT/Module writing.zip!Module writing/WRITING_SYSTEM.zip!__MACOSX/WRITING_SYSTEM/ENGINE/._ENGINE_11_STRUCTURAL_ENFORCEMENT__1.docx,docx,219,2,183d5f9ccea67024dcb7092db8834c69e7c17eabb356a6f322b8cc5b5563dfc0,packaging
WRITING_ARCHITECT.zip!WRITING_ARCHITECT/Module writing.zip!Module writing/WRITING_SYSTEM.zip!WRITING_SYSTEM/ENGINE/STRESS_TEST_LIBRARY.docx,docx,38041,2,47778e06de18a566fd8a030ad06bee447ffb26368ca98a10b7dc8d7ce703dfce,payload
WRITING_ARCHITECT.zip!WRITING_ARCHITECT/Module writing.zip!Module writing/WRITING_SYSTEM.zip!__MACOSX/WRITING_SYSTEM/ENGINE/._STRESS_TEST_LIBRARY.docx,docx,219,2,183d5f9ccea67024dcb7092db8834c69e7c17eabb356a6f322b8cc5b5563dfc0,packaging
WRITING_ARCHITECT.zip!WRITING_ARCHITECT/Module writing.zip!Module writing/WRITING_SYSTEM.zip!WRITING_SYSTEM/ENGINE/EXAMPLE_RUNS.docx,docx,37483,2,5cd44c6fceea7adc1ba15e43bfa7ad797bcd167f860927434148170500834b1b,payload
WRITING_ARCHITECT.zip!WRITING_ARCHITECT/Module writing.zip!Module writing/WRITING_SYSTEM.zip!__MACOSX/WRITING_SYSTEM/ENGINE/._EXAMPLE_RUNS.docx,docx,219,2,183d5f9ccea67024dcb7092db8834c69e7c17eabb356a6f322b8cc5b5563dfc0,packaging
WRITING_ARCHITECT.zip!WRITING_ARCHITECT/Module writing.zip!Module writing/WRITING_SYSTEM.zip!WRITING_SYSTEM/ENGINE/02_OPERATION_MAP.docx,docx,38676,2,93b54f072e10f95788f5d1cecd9c9e855308558f3faffccedc1fdba0d7d1c744,payload
WRITING_ARCHITECT.zip!WRITING_ARCHITECT/Module writing.zip!Module writing/WRITING_SYSTEM.zip!__MACOSX/WRITING_SYSTEM/ENGINE/._02_OPERATION_MAP.docx,docx,219,2,183d5f9ccea67024dcb7092db8834c69e7c17eabb356a6f322b8cc5b5563dfc0,packaging
WRITING_ARCHITECT.zip!WRITING_ARCHITECT/Module writing.zip!Module writing/WRITING_SYSTEM.zip!WRITING_SYSTEM/ENGINE/ENGINE_11_STRUCTURAL_ENFORCEMENT.docx,docx,38772,2,e66a17d378ea67964f5737b12f462b3bfcf8579ad520103644286031c5ec9feb,payload
WRITING_ARCHITECT.zip!WRITING_ARCHITECT/Module writing.zip!Module writing/WRITING_SYSTEM.zip!__MACOSX/WRITING_SYSTEM/ENGINE/._ENGINE_11_STRUCTURAL_ENFORCEMENT.docx,docx,219,2,183d5f9ccea67024dcb7092db8834c69e7c17eabb356a6f322b8cc5b5563dfc0,packaging
WRITING_ARCHITECT.zip!WRITING_ARCHITECT/Module writing.zip!Module writing/WRITING_SYSTEM.zip!WRITING_SYSTEM/ENGINE/NARRATIVEOS_EXECUTION_ENGINE_HARDENED_TOP3.docx,docx,43771,2,fab018b4caf39033724a99b760360a06db7915063e443c562d97052be2742a3b,payload
WRITING_ARCHITECT.zip!WRITING_ARCHITECT/Module writing.zip!Module writing/WRITING_SYSTEM.zip!__MACOSX/WRITING_SYSTEM/ENGINE/._NARRATIVEOS_EXECUTION_ENGINE_HARDENED_TOP3.docx,docx,219,2,183d5f9ccea67024dcb7092db8834c69e7c17eabb356a6f322b8cc5b5563dfc0,packaging
WRITING_ARCHITECT.zip!WRITING_ARCHITECT/Module writing.zip!Module writing/WRITING_SYSTEM.zip!WRITING_SYSTEM/ENGINE/ENGINE_INDEX__2.docx,docx,36728,2,ced16ded046d4f987b26a2770f1c692d9cb0f1f1475b6fdc90ccdc054d0461b5,payload
WRITING_ARCHITECT.zip!WRITING_ARCHITECT/Module writing.zip!Module writing/WRITING_SYSTEM.zip!__MACOSX/WRITING_SYSTEM/ENGINE/._ENGINE_INDEX__2.docx,docx,219,2,183d5f9ccea67024dcb7092db8834c69e7c17eabb356a6f322b8cc5b5563dfc0,packaging
WRITING_ARCHITECT.zip!WRITING_ARCHITECT/Module writing.zip!Module writing/WRITING_SYSTEM.zip!WRITING_SYSTEM/ENGINE/01_SHARED_SCHEMAS.docx,docx,37370,2,807704a74489a9a4b2b005f6bfdf66a9feeea2292303f7358943595e69513c1f,payload
WRITING_ARCHITECT.zip!WRITING_ARCHITECT/Module writing.zip!Module writing/WRITING_SYSTEM.zip!__MACOSX/WRITING_SYSTEM/ENGINE/._01_SHARED_SCHEMAS.docx,docx,219,2,183d5f9ccea67024dcb7092db8834c69e7c17eabb356a6f322b8cc5b5563dfc0,packaging
WRITING_ARCHITECT.zip!WRITING_ARCHITECT/Module writing.zip!Module writing/WRITING_SYSTEM.zip!WRITING_SYSTEM/ENGINE/03_EVAL_AND_TRACE_RULES.docx,docx,38021,2,5e5daea1944ac2d4c5c1cf778acc09acc67cec293cc65412b28661d309b3eb11,payload
WRITING_ARCHITECT.zip!WRITING_ARCHITECT/Module writing.zip!Module writing/WRITING_SYSTEM.zip!__MACOSX/WRITING_SYSTEM/ENGINE/._03_EVAL_AND_TRACE_RULES.docx,docx,219,2,183d5f9ccea67024dcb7092db8834c69e7c17eabb356a6f322b8cc5b5563dfc0,packaging
WRITING_ARCHITECT.zip!WRITING_ARCHITECT/Module writing.zip!Module writing/WRITING_SYSTEM.zip!WRITING_SYSTEM/ENGINE/ENGINE_INDEX__1.docx,docx,37878,2,2767baccaf7ae03fafbc8bad2a300bd24d4d4eb4b5f841d4a4721cc6618ade58,payload
WRITING_ARCHITECT.zip!WRITING_ARCHITECT/Module writing.zip!Module writing/WRITING_SYSTEM.zip!__MACOSX/WRITING_SYSTEM/ENGINE/._ENGINE_INDEX__1.docx,docx,219,2,183d5f9ccea67024dcb7092db8834c69e7c17eabb356a6f322b8cc5b5563dfc0,packaging
WRITING_ARCHITECT.zip!WRITING_ARCHITECT/Module writing.zip!Module writing/WRITING_SYSTEM.zip!WRITING_SYSTEM/ENGINE/ENGINE_16_STORY_MOMENTUM.docx,docx,38755,2,da09a85fb4f0c29be625cac0dd33fd97b41ddaa867fd7fa5c284057649ceadb2,payload
WRITING_ARCHITECT.zip!WRITING_ARCHITECT/Module writing.zip!Module writing/WRITING_SYSTEM.zip!__MACOSX/WRITING_SYSTEM/ENGINE/._ENGINE_16_STORY_MOMENTUM.docx,docx,219,2,183d5f9ccea67024dcb7092db8834c69e7c17eabb356a6f322b8cc5b5563dfc0,packaging
WRITING_ARCHITECT.zip!WRITING_ARCHITECT/Module writing.zip!Module writing/WRITING_SYSTEM.zip!WRITING_SYSTEM/ENGINE/ENGINE_06_CHARACTER_SOCIETY_SYNC.docx,docx,38194,2,8c6e7bfe26061740123f8aabe5655ae5bfb9b4af366f898d81671b379ef47cf1,payload
WRITING_ARCHITECT.zip!WRITING_ARCHITECT/Module writing.zip!Module writing/WRITING_SYSTEM.zip!__MACOSX/WRITING_SYSTEM/ENGINE/._ENGINE_06_CHARACTER_SOCIETY_SYNC.docx,docx,219,2,183d5f9ccea67024dcb7092db8834c69e7c17eabb356a6f322b8cc5b5563dfc0,packaging
WRITING_ARCHITECT.zip!WRITING_ARCHITECT/Module writing.zip!Module writing/WRITING_SYSTEM.zip!WRITING_SYSTEM/ENGINE/ENGINE_12_NARRATIVE_PHYSICS.docx,docx,38761,2,d6ebdb6f07861ef536f8f98637364fe7c0920a6af83e09f6aa5f3255881ea924,payload
WRITING_ARCHITECT.zip!WRITING_ARCHITECT/Module writing.zip!Module writing/WRITING_SYSTEM.zip!__MACOSX/WRITING_SYSTEM/ENGINE/._ENGINE_12_NARRATIVE_PHYSICS.docx,docx,219,2,183d5f9ccea67024dcb7092db8834c69e7c17eabb356a6f322b8cc5b5563dfc0,packaging
WRITING_ARCHITECT.zip!WRITING_ARCHITECT/Module writing.zip!Module writing/WRITING_SYSTEM.zip!WRITING_SYSTEM/ENGINE/ENGINE_14_CONFLICT_ESCALATION.docx,docx,38721,2,17ee2c4d3cb5d9174d3de94f17b15064fee1ecf93e1f4787ec9070e18326445b,payload
WRITING_ARCHITECT.zip!WRITING_ARCHITECT/Module writing.zip!Module writing/WRITING_SYSTEM.zip!__MACOSX/WRITING_SYSTEM/ENGINE/._ENGINE_14_CONFLICT_ESCALATION.docx,docx,219,2,183d5f9ccea67024dcb7092db8834c69e7c17eabb356a6f322b8cc5b5563dfc0,packaging
WRITING_ARCHITECT.zip!WRITING_ARCHITECT/Module writing.zip!Module writing/WRITING_SYSTEM.zip!WRITING_SYSTEM/ENGINE/ENGINE_17_THEME_INTEGRITY__1.docx,docx,36932,2,b83449cdd17e5ccf7431197a5d7a073c0b33cac0d3428acf10855a5344ecb1d5,payload
WRITING_ARCHITECT.zip!WRITING_ARCHITECT/Module writing.zip!Module writing/WRITING_SYSTEM.zip!__MACOSX/WRITING_SYSTEM/ENGINE/._ENGINE_17_THEME_INTEGRITY__1.docx,docx,219,2,183d5f9ccea67024dcb7092db8834c69e7c17eabb356a6f322b8cc5b5563dfc0,packaging
WRITING_ARCHITECT.zip!WRITING_ARCHITECT/Module writing.zip!Module writing/WRITING_SYSTEM.zip!WRITING_SYSTEM/ENGINE/ENGINE_15_SCENE_PURPOSE.docx,docx,38750,2,ddf55d3df7a4edbdee1ac78b29968217bc6ed8b5f17d741edc9a8cb07659439b,payload
WRITING_ARCHITECT.zip!WRITING_ARCHITECT/Module writing.zip!Module writing/WRITING_SYSTEM.zip!__MACOSX/WRITING_SYSTEM/ENGINE/._ENGINE_15_SCENE_PURPOSE.docx,docx,219,2,183d5f9ccea67024dcb7092db8834c69e7c17eabb356a6f322b8cc5b5563dfc0,packaging
WRITING_ARCHITECT.zip!WRITING_ARCHITECT/Module writing.zip!Module writing/WRITING_SYSTEM.zip!WRITING_SYSTEM/ENGINE/ENGINE_02_AUTHORITY_ARBITRATION.docx,docx,38134,2,ba67c9ef409227f4536898dd88bee23096d67a27292f533c76b32bb9768dfd3d,payload
WRITING_ARCHITECT.zip!WRITING_ARCHITECT/Module writing.zip!Module writing/WRITING_SYSTEM.zip!__MACOSX/WRITING_SYSTEM/ENGINE/._ENGINE_02_AUTHORITY_ARBITRATION.docx,docx,219,2,183d5f9ccea67024dcb7092db8834c69e7c17eabb356a6f322b8cc5b5563dfc0,packaging
WRITING_ARCHITECT.zip!WRITING_ARCHITECT/Module writing.zip!Module writing/WRITING_SYSTEM.zip!WRITING_SYSTEM/ENGINE/ENGINE_07_LORE_AUDIT.docx,docx,38769,2,f90538071ce3af3577dd5138769a5dd2244fce0256b64444ba092d79cd0ac362,payload
WRITING_ARCHITECT.zip!WRITING_ARCHITECT/Module writing.zip!Module writing/WRITING_SYSTEM.zip!__MACOSX/WRITING_SYSTEM/ENGINE/._ENGINE_07_LORE_AUDIT.docx,docx,219,2,183d5f9ccea67024dcb7092db8834c69e7c17eabb356a6f322b8cc5b5563dfc0,packaging
WRITING_ARCHITECT.zip!WRITING_ARCHITECT/Module writing.zip!Module writing/WRITING_SYSTEM.zip!WRITING_SYSTEM/ENGINE/ENGINE_16_STORY_MOMENTUM__1.docx,docx,36870,2,2ed290adcab6f41e5ef19d0cac731568e979a781f2369d690b02a77bd1aa19c6,payload
WRITING_ARCHITECT.zip!WRITING_ARCHITECT/Module writing.zip!Module writing/WRITING_SYSTEM.zip!__MACOSX/WRITING_SYSTEM/ENGINE/._ENGINE_16_STORY_MOMENTUM__1.docx,docx,219,2,183d5f9ccea67024dcb7092db8834c69e7c17eabb356a6f322b8cc5b5563dfc0,packaging
WRITING_ARCHITECT.zip!WRITING_ARCHITECT/Module writing.zip!Module writing/WRITING_SYSTEM.zip!WRITING_SYSTEM/ENGINE/ENGINE_01_DOCX_MERGE.docx,docx,38234,2,3634352d40ec375673c197101009ee3f0298802f00618d44c5a505d41b2d74d6,payload
WRITING_ARCHITECT.zip!WRITING_ARCHITECT/Module writing.zip!Module writing/WRITING_SYSTEM.zip!__MACOSX/WRITING_SYSTEM/ENGINE/._ENGINE_01_DOCX_MERGE.docx,docx,219,2,183d5f9ccea67024dcb7092db8834c69e7c17eabb356a6f322b8cc5b5563dfc0,packaging
WRITING_ARCHITECT.zip!WRITING_ARCHITECT/Module writing.zip!Module writing/WRITING_SYSTEM.zip!WRITING_SYSTEM/ENGINE/ENGINE_13_PRESSURE_CURVE.docx,docx,38705,2,ec1b8bfb2b59ca9926a9044e44fdc4fa2091b2e7301b427c845c6e0659198abf,payload
WRITING_ARCHITECT.zip!WRITING_ARCHITECT/Module writing.zip!Module writing/WRITING_SYSTEM.zip!__MACOSX/WRITING_SYSTEM/ENGINE/._ENGINE_13_PRESSURE_CURVE.docx,docx,219,2,183d5f9ccea67024dcb7092db8834c69e7c17eabb356a6f322b8cc5b5563dfc0,packaging
WRITING_ARCHITECT.zip!WRITING_ARCHITECT/Module writing.zip!Module writing/WRITING_SYSTEM.zip!WRITING_SYSTEM/ENGINE/ENGINE_05_RIPPLE_SIMULATION.docx,docx,38181,2,167be81432e4be74caa66d2ee67b927a46db29d2ca5579815d42424c693ed96c,payload
WRITING_ARCHITECT.zip!WRITING_ARCHITECT/Module writing.zip!Module writing/WRITING_SYSTEM.zip!__MACOSX/WRITING_SYSTEM/ENGINE/._ENGINE_05_RIPPLE_SIMULATION.docx,docx,219,2,183d5f9ccea67024dcb7092db8834c69e7c17eabb356a6f322b8cc5b5563dfc0,packaging
WRITING_ARCHITECT.zip!WRITING_ARCHITECT/Module writing.zip!Module writing/WRITING_SYSTEM.zip!WRITING_SYSTEM/ENGINE/ENGINE_INDEX.docx,docx,38216,2,0831c3d4a6d690d491b125916dfaa3e9e437bc4d75877c293aece3180783894e,payload
WRITING_ARCHITECT.zip!WRITING_ARCHITECT/Module writing.zip!Module writing/WRITING_SYSTEM.zip!__MACOSX/WRITING_SYSTEM/ENGINE/._ENGINE_INDEX.docx,docx,219,2,183d5f9ccea67024dcb7092db8834c69e7c17eabb356a6f322b8cc5b5563dfc0,packaging
WRITING_ARCHITECT.zip!WRITING_ARCHITECT/Module writing.zip!Module writing/WRITING_SYSTEM.zip!WRITING_SYSTEM/ENGINE/ENGINE_15_SCENE_PURPOSE__1.docx,docx,36900,2,e22ace4706fb90ad95813222660dabc203cdb5fe66c95f1eb9f478817828539e,payload
WRITING_ARCHITECT.zip!WRITING_ARCHITECT/Module writing.zip!Module writing/WRITING_SYSTEM.zip!__MACOSX/WRITING_SYSTEM/ENGINE/._ENGINE_15_SCENE_PURPOSE__1.docx,docx,219,2,183d5f9ccea67024dcb7092db8834c69e7c17eabb356a6f322b8cc5b5563dfc0,packaging
WRITING_ARCHITECT.zip!WRITING_ARCHITECT/Module writing.zip!Module writing/WRITING_SYSTEM.zip!WRITING_SYSTEM/ENGINE/ENGINE_09_SOCIETY_BUILD.docx,docx,38482,2,1a1c4eb0102eedc3cbd8e0ed89e79b11a5551c99b5fa1bdcca7b2086941192ef,payload
WRITING_ARCHITECT.zip!WRITING_ARCHITECT/Module writing.zip!Module writing/WRITING_SYSTEM.zip!__MACOSX/WRITING_SYSTEM/ENGINE/._ENGINE_09_SOCIETY_BUILD.docx,docx,219,2,183d5f9ccea67024dcb7092db8834c69e7c17eabb356a6f322b8cc5b5563dfc0,packaging
WRITING_ARCHITECT.zip!WRITING_ARCHITECT/Module writing.zip!Module writing/WRITING_SYSTEM.zip!WRITING_SYSTEM/ENGINE/ENGINE_10_RECOVERY_ENGINE.docx,docx,38359,2,13b89cf8e460c8e56823769be3466af68ad3e4de31188a074c4135f95c9ad5b5,payload
WRITING_ARCHITECT.zip!WRITING_ARCHITECT/Module writing.zip!Module writing/WRITING_SYSTEM.zip!__MACOSX/WRITING_SYSTEM/ENGINE/._ENGINE_10_RECOVERY_ENGINE.docx,docx,219,2,183d5f9ccea67024dcb7092db8834c69e7c17eabb356a6f322b8cc5b5563dfc0,packaging
WRITING_ARCHITECT.zip!WRITING_ARCHITECT/Module writing.zip!Module writing/WRITING_SYSTEM.zip!WRITING_SYSTEM/BIBLE_DATA/08_-_Templater_Setup_and_Templates.md,md,7736,2,7a256329f4d7a701a5618de910ec61113ade13099cfe0880696920c9dca36ea5,payload
WRITING_ARCHITECT.zip!WRITING_ARCHITECT/Module writing.zip!Module writing/WRITING_SYSTEM.zip!__MACOSX/WRITING_SYSTEM/BIBLE_DATA/._08_-_Templater_Setup_and_Templates.md,md,219,2,183d5f9ccea67024dcb7092db8834c69e7c17eabb356a6f322b8cc5b5563dfc0,packaging
WRITING_ARCHITECT.zip!WRITING_ARCHITECT/Module writing.zip!Module writing/WRITING_SYSTEM.zip!WRITING_SYSTEM/BIBLE_DATA/Hebrew_Name_Etymology_Bank.md,md,15882,2,c5d10ed6c4e2081cb4f93e94cc458ce7fd63d89df7247cec2f77a9adea0adb44,payload
WRITING_ARCHITECT.zip!WRITING_ARCHITECT/Module writing.zip!Module writing/WRITING_SYSTEM.zip!__MACOSX/WRITING_SYSTEM/BIBLE_DATA/._Hebrew_Name_Etymology_Bank.md,md,219,2,183d5f9ccea67024dcb7092db8834c69e7c17eabb356a6f322b8cc5b5563dfc0,packaging
WRITING_ARCHITECT.zip!WRITING_ARCHITECT/Module writing.zip!Module writing/WRITING_SYSTEM.zip!WRITING_SYSTEM/BIBLE_DATA/00_-_Master_Command_Center_UPDATED.md,md,7077,2,8f62e8d43d4ec16e56c724d9aa9433279c8196d2c350e0c20bc68b89f5987b00,payload
WRITING_ARCHITECT.zip!WRITING_ARCHITECT/Module writing.zip!Module writing/WRITING_SYSTEM.zip!__MACOSX/WRITING_SYSTEM/BIBLE_DATA/._00_-_Master_Command_Center_UPDATED.md,md,219,2,183d5f9ccea67024dcb7092db8834c69e7c17eabb356a6f322b8cc5b5563dfc0,packaging
WRITING_ARCHITECT.zip!WRITING_ARCHITECT/Module writing.zip!Module writing/WRITING_SYSTEM.zip!WRITING_SYSTEM/BIBLE_DATA/06_-_Scene_Pressure_Matrix.md,md,19911,2,ac0b8a24a39075fcc58dd30e31c13f3c6a0016139b514ba734be779ae8fafb57,payload
WRITING_ARCHITECT.zip!WRITING_ARCHITECT/Module writing.zip!Module writing/WRITING_SYSTEM.zip!__MACOSX/WRITING_SYSTEM/BIBLE_DATA/._06_-_Scene_Pressure_Matrix.md,md,219,2,183d5f9ccea67024dcb7092db8834c69e7c17eabb356a6f322b8cc5b5563dfc0,packaging
WRITING_ARCHITECT.zip!WRITING_ARCHITECT/Module writing.zip!Module writing/WRITING_SYSTEM.zip!WRITING_SYSTEM/BIBLE_DATA/Iron_Age_Material_Culture.md,md,14048,2,be77eac929a5be9eb82c8f73a20fd1631ffc7a657078d5718861cc816b1c5187,payload
WRITING_ARCHITECT.zip!WRITING_ARCHITECT/Module writing.zip!Module writing/WRITING_SYSTEM.zip!__MACOSX/WRITING_SYSTEM/BIBLE_DATA/._Iron_Age_Material_Culture.md,md,219,2,183d5f9ccea67024dcb7092db8834c69e7c17eabb356a6f322b8cc5b5563dfc0,packaging
WRITING_ARCHITECT.zip!WRITING_ARCHITECT/Module writing.zip!Module writing/WRITING_SYSTEM.zip!WRITING_SYSTEM/BIBLE_DATA/07_-_Dataview_Query_Library.md,md,8457,2,5f4fa2c4a0def7a636cf84ea6e8389d89df50e55d85b3de40195b33401de3353,payload
WRITING_ARCHITECT.zip!WRITING_ARCHITECT/Module writing.zip!Module writing/WRITING_SYSTEM.zip!__MACOSX/WRITING_SYSTEM/BIBLE_DATA/._07_-_Dataview_Query_Library.md,md,219,2,183d5f9ccea67024dcb7092db8834c69e7c17eabb356a6f322b8cc5b5563dfc0,packaging
WRITING_ARCHITECT.zip!WRITING_ARCHITECT/Module writing.zip!Module writing/WRITING_SYSTEM.zip!WRITING_SYSTEM/BIBLE_DATA/God_as_Character_UPDATED.md,md,7520,2,b7f80aad52f74db34a909ac4c1c1523fef7f3a5a2da9fb887aaf09eb3ed59746,payload
WRITING_ARCHITECT.zip!WRITING_ARCHITECT/Module writing.zip!Module writing/WRITING_SYSTEM.zip!__MACOSX/WRITING_SYSTEM/BIBLE_DATA/._God_as_Character_UPDATED.md,md,219,2,183d5f9ccea67024dcb7092db8834c69e7c17eabb356a6f322b8cc5b5563dfc0,packaging
WRITING_ARCHITECT.zip!WRITING_ARCHITECT/Module writing.zip!Module writing/WRITING_SYSTEM.zip!WRITING_SYSTEM/BIBLE_DATA/Index_-_Motifs_-_Volume_II.md,md,7431,2,dede98c15aefadc2109af9b6ef1fc44eb6a902a69477c13ec2542e3aa3c9313d,payload
WRITING_ARCHITECT.zip!WRITING_ARCHITECT/Module writing.zip!Module writing/WRITING_SYSTEM.zip!__MACOSX/WRITING_SYSTEM/BIBLE_DATA/._Index_-_Motifs_-_Volume_II.md,md,219,2,183d5f9ccea67024dcb7092db8834c69e7c17eabb356a6f322b8cc5b5563dfc0,packaging
WRITING_ARCHITECT.zip!WRITING_ARCHITECT/Module writing.zip!Module writing/WRITING_SYSTEM.zip!WRITING_SYSTEM/BIBLE_DATA/Kingship_Ideology.md,md,10221,2,640b423b481a1e09ac18b6c1ededc3724cdbd49bd2654af3fb76462b0b7d4ff3,payload
WRITING_ARCHITECT.zip!WRITING_ARCHITECT/Module writing.zip!Module writing/WRITING_SYSTEM.zip!__MACOSX/WRITING_SYSTEM/BIBLE_DATA/._Kingship_Ideology.md,md,219,2,183d5f9ccea67024dcb7092db8834c69e7c17eabb356a6f322b8cc5b5563dfc0,packaging
WRITING_ARCHITECT.zip!WRITING_ARCHITECT/Module writing.zip!Module writing/WRITING_SYSTEM.zip!WRITING_SYSTEM/BIBLE_DATA/09_-_Graph_View_Configuration.md,md,5631,2,a378e786b70a166cd4bf048668b3e386759dea30563b6a74af750d3f0f05717a,payload
WRITING_ARCHITECT.zip!WRITING_ARCHITECT/Module writing.zip!Module writing/WRITING_SYSTEM.zip!__MACOSX/WRITING_SYSTEM/BIBLE_DATA/._09_-_Graph_View_Configuration.md,md,219,2,183d5f9ccea67024dcb7092db8834c69e7c17eabb356a6f322b8cc5b5563dfc0,packaging
WRITING_ARCHITECT.zip!WRITING_ARCHITECT/Module writing.zip!Module writing/WRITING_SYSTEM.zip!WRITING_SYSTEM/BIBLE_DATA/01_-_Prose_Style_Reference.md,md,13632,2,558f6ecaae233401bf8fbe690c6b59e707625f4f4ca5197bd7c92796ca211123,payload
WRITING_ARCHITECT.zip!WRITING_ARCHITECT/Module writing.zip!Module writing/WRITING_SYSTEM.zip!__MACOSX/WRITING_SYSTEM/BIBLE_DATA/._01_-_Prose_Style_Reference.md,md,219,2,183d5f9ccea67024dcb7092db8834c69e7c17eabb356a6f322b8cc5b5563dfc0,packaging
WRITING_ARCHITECT.zip!WRITING_ARCHITECT/Module writing.zip!Module writing/SOVEREIGN_PROGRAM_REPOSITORY_v1.2.0-RC2.zip,zip,285546,1,3ebc76b821d9fb952ac5ed977ece1619de03e7e941713be0d74229056b8455cd,payload
WRITING_ARCHITECT.zip!WRITING_ARCHITECT/Module writing.zip!Module writing/SOVEREIGN_PROGRAM_REPOSITORY_v1.2.0-RC2.zip!SOV_v1.2.0/CURRENT_STATE.md,md,1177,2,11ac8232d6c4d7c05ba741ebba54dcfbdc77d4a395580a50c364ca90bcc62bcf,payload
WRITING_ARCHITECT.zip!WRITING_ARCHITECT/Module writing.zip!Module writing/SOVEREIGN_PROGRAM_REPOSITORY_v1.2.0-RC2.zip!SOV_v1.2.0/RELEASE_NOTES.md,md,973,2,78e0d2dd837f7010c468a4ca29f2b14d4e33f56d227d08051c5bc0c074863707,payload
WRITING_ARCHITECT.zip!WRITING_ARCHITECT/Module writing.zip!Module writing/SOVEREIGN_PROGRAM_REPOSITORY_v1.2.0-RC2.zip!SOV_v1.2.0/BOOTSTRAP.md,md,4938,2,3e6e7ce222ea7f97fd7b1a94c9afce2fcd79ca91b8577450df60e1e3579b6dce,payload
WRITING_ARCHITECT.zip!WRITING_ARCHITECT/Module writing.zip!Module writing/SOVEREIGN_PROGRAM_REPOSITORY_v1.2.0-RC2.zip!SOV_v1.2.0/NEXT_ACTION.md,md,843,2,2226fd093db1ffe1463273dfdb4996eb65012ed23fdab22117c30b491e1a8186,payload
WRITING_ARCHITECT.zip!WRITING_ARCHITECT/Module writing.zip!Module writing/SOVEREIGN_PROGRAM_REPOSITORY_v1.2.0-RC2.zip!SOV_v1.2.0/README.md,md,828,2,36ff7a9d00cb6495c9ba64baf7ec3a405f967716f7af6525bf90ca963a092df6,payload
WRITING_ARCHITECT.zip!WRITING_ARCHITECT/Module writing.zip!Module writing/SOVEREIGN_PROGRAM_REPOSITORY_v1.2.0-RC2.zip!SOV_v1.2.0/RELEASE_MANIFEST.json,json,6240,2,12f74f436075b8225d9e054d007c289f09c72e3416da46f8bdac683d1751e4ff,payload
WRITING_ARCHITECT.zip!WRITING_ARCHITECT/Module writing.zip!Module writing/SOVEREIGN_PROGRAM_REPOSITORY_v1.2.0-RC2.zip!SOV_v1.2.0/ASSET_REGISTRY.json,json,20676,2,31aae58d2b9d6d666349d55ad8c7946ef5d1a8ac9b9502117385d1b4b6d897ed,payload
WRITING_ARCHITECT.zip!WRITING_ARCHITECT/Module writing.zip!Module writing/SOVEREIGN_PROGRAM_REPOSITORY_v1.2.0-RC2.zip!SOV_v1.2.0/AGENTS.md,md,932,2,da3a4cf6210d3079b5220634dcd7d0e9c27327ad700114cf659a223cf95d4332,payload
WRITING_ARCHITECT.zip!WRITING_ARCHITECT/Module writing.zip!Module writing/SOVEREIGN_PROGRAM_REPOSITORY_v1.2.0-RC2.zip!SOV_v1.2.0/CHECKSUMS.sha256,sha256,10682,2,696e6e0396cba78313a0627ec6101747fda311b13ea09bb00468dbda34a3d8fc,payload
WRITING_ARCHITECT.zip!WRITING_ARCHITECT/Module writing.zip!Module writing/SOVEREIGN_PROGRAM_REPOSITORY_v1.2.0-RC2.zip!SOV_v1.2.0/START_HERE.md,md,1085,2,bac3ba15ce4db9b6ef7b325498d38c8a364d007dcde919cb42e23b91e64bec98,payload
WRITING_ARCHITECT.zip!WRITING_ARCHITECT/Module writing.zip!Module writing/SOVEREIGN_PROGRAM_REPOSITORY_v1.2.0-RC2.zip!SOV_v1.2.0/VERSION.md,md,424,2,f6b59a142d807f763c2f5c1acd00e02a928cddb563da19171e1996efb225db58,payload
WRITING_ARCHITECT.zip!WRITING_ARCHITECT/Module writing.zip!Module writing/SOVEREIGN_PROGRAM_REPOSITORY_v1.2.0-RC2.zip!SOV_v1.2.0/05_ACADEMY/LEARNING_PATH_HOME_AI.md,md,541,2,851347d6b15685c0056b0e9eec7f3c45b37e11f576625da78b7d8745dd765010,payload
WRITING_ARCHITECT.zip!WRITING_ARCHITECT/Module writing.zip!Module writing/SOVEREIGN_PROGRAM_REPOSITORY_v1.2.0-RC2.zip!SOV_v1.2.0/05_ACADEMY/ACADEMY_FRAMEWORK.md,md,540,2,d989aa1f3b19f3857ec5e68258edccc72c446dafd94cb8ba0d0493522f9c81eb,payload
WRITING_ARCHITECT.zip!WRITING_ARCHITECT/Module writing.zip!Module writing/SOVEREIGN_PROGRAM_REPOSITORY_v1.2.0-RC2.zip!SOV_v1.2.0/04_PRODUCTS/CAPABILITY_CATALOG.md,md,600,2,8747cfdcc654d55cdb38dc4211fc752823a9b27c77b84f2845f2b4b32295f97e,payload
WRITING_ARCHITECT.zip!WRITING_ARCHITECT/Module writing.zip!Module writing/SOVEREIGN_PROGRAM_REPOSITORY_v1.2.0-RC2.zip!SOV_v1.2.0/04_PRODUCTS/PRODUCT_CATALOG.md,md,802,2,5ce238277e2d86461875883be21bfeb34598202f9801e7b8eef06e65d9cce20d,payload
WRITING_ARCHITECT.zip!WRITING_ARCHITECT/Module writing.zip!Module writing/SOVEREIGN_PROGRAM_REPOSITORY_v1.2.0-RC2.zip!SOV_v1.2.0/04_PRODUCTS/READINESS_MODEL.md,md,404,2,a9ce48c3005188b5004ae00876fdffd8b8dab2c6629d53a6f225cf2f31303a60,payload
WRITING_ARCHITECT.zip!WRITING_ARCHITECT/Module writing.zip!Module writing/SOVEREIGN_PROGRAM_REPOSITORY_v1.2.0-RC2.zip!SOV_v1.2.0/04_PRODUCTS/HXIA/RSH-007_HXIA_IMPLEMENTATION_PLAN.md,md,15579,2,adca3b582396b223a808c463ad8a95e65c94714772f8497737be480b285a91a3,payload
WRITING_ARCHITECT.zip!WRITING_ARCHITECT/Module writing.zip!Module writing/SOVEREIGN_PROGRAM_REPOSITORY_v1.2.0-RC2.zip!SOV_v1.2.0/04_PRODUCTS/PROSPECTUS/SOVEREIGN_OS_PROSPECTUS_v1.0.pdf,pdf,104416,2,0701d7c5f9ebc5bdc2efa7b616deeb37a14327eda377d98a47296cc8731cde3a,payload
WRITING_ARCHITECT.zip!WRITING_ARCHITECT/Module writing.zip!Module writing/SOVEREIGN_PROGRAM_REPOSITORY_v1.2.0-RC2.zip!SOV_v1.2.0/10_SESSION_HISTORY/BC-0002_SESSION_PACKAGE.md,md,744,2,dd93d304b48f6aa6ecffc908a66d30d291f1fae9376f44567875f26878c15486,payload
WRITING_ARCHITECT.zip!WRITING_ARCHITECT/Module writing.zip!Module writing/SOVEREIGN_PROGRAM_REPOSITORY_v1.2.0-RC2.zip!SOV_v1.2.0/10_SESSION_HISTORY/BC-0003/BC-0003_SESSION_PACKAGE.md,md,3544,2,8b68e557ce554fd8a8484c28663b9e006cf1074effb9828384e6ca4dc84196fd,payload
WRITING_ARCHITECT.zip!WRITING_ARCHITECT/Module writing.zip!Module writing/SOVEREIGN_PROGRAM_REPOSITORY_v1.2.0-RC2.zip!SOV_v1.2.0/10_BUILD_SYSTEM/README.md,md,343,2,614680839bd3d6cc1281043d1c8887f2fb8943ae2a49e0fe780cec0c99b372b5,payload
WRITING_ARCHITECT.zip!WRITING_ARCHITECT/Module writing.zip!Module writing/SOVEREIGN_PROGRAM_REPOSITORY_v1.2.0-RC2.zip!SOV_v1.2.0/10_BUILD_SYSTEM/generate_bootstrap.py,py,6343,2,6d0a6d298990cdf7894083070c9931119ffd224bf845fc41f3dc9cd0f19d780a,payload
WRITING_ARCHITECT.zip!WRITING_ARCHITECT/Module writing.zip!Module writing/SOVEREIGN_PROGRAM_REPOSITORY_v1.2.0-RC2.zip!SOV_v1.2.0/10_BUILD_SYSTEM/validate_repository.py,py,3022,2,43d8e5f173c624d41593bdba540d08661f77f4247eb602ac22f3a8c1a0fb4fd7,payload
WRITING_ARCHITECT.zip!WRITING_ARCHITECT/Module writing.zip!Module writing/SOVEREIGN_PROGRAM_REPOSITORY_v1.2.0-RC2.zip!SOV_v1.2.0/10_BUILD_SYSTEM/BPK-001_BOOTSTRAP_SPEC.md,md,10601,2,a9e786864ef210d08692cb61d031ad099bae07b9c358a75874d1c66f3529b710,payload
WRITING_ARCHITECT.zip!WRITING_ARCHITECT/Module writing.zip!Module writing/SOVEREIGN_PROGRAM_REPOSITORY_v1.2.0-RC2.zip!SOV_v1.2.0/10_BUILD_SYSTEM/generate_asset_registry.py,py,1586,2,dc637f3eff4c8b72f08418e2526015e47fb4f3f63e95594e9392cf21481d6a07,payload
WRITING_ARCHITECT.zip!WRITING_ARCHITECT/Module writing.zip!Module writing/SOVEREIGN_PROGRAM_REPOSITORY_v1.2.0-RC2.zip!SOV_v1.2.0/10_BUILD_SYSTEM/package_release.py,py,1651,2,ad44fc628c28b082cb4631f2e87f0c34b49ee4829dd6b57cc7310edfce30b960,payload
WRITING_ARCHITECT.zip!WRITING_ARCHITECT/Module writing.zip!Module writing/SOVEREIGN_PROGRAM_REPOSITORY_v1.2.0-RC2.zip!SOV_v1.2.0/06_OPERATIONS/INCIDENT_AND_RECOVERY.md,md,488,2,615e6ed310534e76063591703dd6e82ad650ebe2782325818234e08690655816,payload
WRITING_ARCHITECT.zip!WRITING_ARCHITECT/Module writing.zip!Module writing/SOVEREIGN_PROGRAM_REPOSITORY_v1.2.0-RC2.zip!SOV_v1.2.0/06_OPERATIONS/OPERATING_RHYTHM.md,md,513,2,3bf57819eecf3bd0bac1be98e30707ea71828e5d5463d6554819c5bfb999d20e,payload
WRITING_ARCHITECT.zip!WRITING_ARCHITECT/Module writing.zip!Module writing/SOVEREIGN_PROGRAM_REPOSITORY_v1.2.0-RC2.zip!SOV_v1.2.0/06_OPERATIONS/OPS-030_PROGRAM_PLAN.md,md,8044,2,de18a7c2ac0623a25a31b404016a9552b73c5d05b6f387ec724eaf86909ccf42,payload
WRITING_ARCHITECT.zip!WRITING_ARCHITECT/Module writing.zip!Module writing/SOVEREIGN_PROGRAM_REPOSITORY_v1.2.0-RC2.zip!SOV_v1.2.0/08_ARCHIVE/README.md,md,361,2,a24263b7cf331c978ca20e067d3e2d76445cab0d7d9b5bc35a4ef74e357c260c,payload
WRITING_ARCHITECT.zip!WRITING_ARCHITECT/Module writing.zip!Module writing/SOVEREIGN_PROGRAM_REPOSITORY_v1.2.0-RC2.zip!SOV_v1.2.0/08_ARCHIVE/SOURCE_MATERIALS/RESTRICTED_EXTERNAL_REFERENCES.md,md,1078,2,686d1426eff261123a899429ab0d338c2af8a2278712010fc51bd159f60762da,payload
WRITING_ARCHITECT.zip!WRITING_ARCHITECT/Module writing.zip!Module writing/SOVEREIGN_PROGRAM_REPOSITORY_v1.2.0-RC2.zip!SOV_v1.2.0/08_ARCHIVE/SOURCE_MATERIALS/README.md,md,519,2,adc600b81724cd46384ace9b2a9b92f8a28b8a7e61550fd73347f11a850cad96,payload
WRITING_ARCHITECT.zip!WRITING_ARCHITECT/Module writing.zip!Module writing/SOVEREIGN_PROGRAM_REPOSITORY_v1.2.0-RC2.zip!SOV_v1.2.0/08_ARCHIVE/SOURCE_MATERIALS/SOVEREIGN_PROGRAM_REPOSITORY_v0.1.zip,zip,40928,2,80c65817e141cf27e363778b149e5005348ca9b1e98d4d8868fd574db11bdc27,payload
WRITING_ARCHITECT.zip!WRITING_ARCHITECT/Module writing.zip!Module writing/SOVEREIGN_PROGRAM_REPOSITORY_v1.2.0-RC2.zip!SOV_v1.2.0/08_ARCHIVE/SOURCE_MATERIALS/SOVEREIGN_PROGRAM_REPOSITORY_v0.1.zip!SOVEREIGN_PROGRAM_REPOSITORY_v0.1/README.md,md,66,3,aef2711efd75435118969cd3930e488b9a1bbe61d0a15433e3e5240ed448fe9a,payload
WRITING_ARCHITECT.zip!WRITING_ARCHITECT/Module writing.zip!Module writing/SOVEREIGN_PROGRAM_REPOSITORY_v1.2.0-RC2.zip!SOV_v1.2.0/08_ARCHIVE/SOURCE_MATERIALS/SOVEREIGN_PROGRAM_REPOSITORY_v0.1.zip!SOVEREIGN_PROGRAM_REPOSITORY_v0.1/00_PMO/MISSION.md,md,69,3,2c5d6a2755f084966c98cb315534a4f532ac0216ebc5b7d3cdaf618347451ee1,payload
WRITING_ARCHITECT.zip!WRITING_ARCHITECT/Module writing.zip!Module writing/SOVEREIGN_PROGRAM_REPOSITORY_v1.2.0-RC2.zip!SOV_v1.2.0/08_ARCHIVE/SOURCE_MATERIALS/SOVEREIGN_PROGRAM_REPOSITORY_v0.1.zip!SOVEREIGN_PROGRAM_REPOSITORY_v0.1/00_PMO/CURRENT_STATE.md,md,99,3,cc1ffb32297e9b45350bf6a2d441a4d5d79765be557cb7bdf2f4a261531f0aca,payload
WRITING_ARCHITECT.zip!WRITING_ARCHITECT/Module writing.zip!Module writing/SOVEREIGN_PROGRAM_REPOSITORY_v1.2.0-RC2.zip!SOV_v1.2.0/08_ARCHIVE/SOURCE_MATERIALS/SOVEREIGN_PROGRAM_REPOSITORY_v0.1.zip!SOVEREIGN_PROGRAM_REPOSITORY_v0.1/00_PMO/NEXT_ACTION.md,md,32,3,dcfae0f94c5c5e4e7cd8f3f93ae7b3601b6e918dada77852311c991d5dfad0d0,payload
WRITING_ARCHITECT.zip!WRITING_ARCHITECT/Module writing.zip!Module writing/SOVEREIGN_PROGRAM_REPOSITORY_v1.2.0-RC2.zip!SOV_v1.2.0/08_ARCHIVE/SOURCE_MATERIALS/SOVEREIGN_PROGRAM_REPOSITORY_v0.1.zip!SOVEREIGN_PROGRAM_REPOSITORY_v0.1/00_PMO/DECISIONS.md,md,38,3,25891ffa7dcbd17a584499ff98a932bf41afa3e1863e7cf5172e1edcaff799a3,payload
WRITING_ARCHITECT.zip!WRITING_ARCHITECT/Module writing.zip!Module writing/SOVEREIGN_PROGRAM_REPOSITORY_v1.2.0-RC2.zip!SOV_v1.2.0/08_ARCHIVE/SOURCE_MATERIALS/SOVEREIGN_PROGRAM_REPOSITORY_v0.1.zip!SOVEREIGN_PROGRAM_REPOSITORY_v0.1/00_PMO/BACKLOG.md,md,30,3,d9aa64dbabac9db9e792abd396746475481a8e940eb3f2cf218cd5eb07370426,payload
WRITING_ARCHITECT.zip!WRITING_ARCHITECT/Module writing.zip!Module writing/SOVEREIGN_PROGRAM_REPOSITORY_v1.2.0-RC2.zip!SOV_v1.2.0/08_ARCHIVE/SOURCE_MATERIALS/SOVEREIGN_PROGRAM_REPOSITORY_v0.1.zip!SOVEREIGN_PROGRAM_REPOSITORY_v0.1/00_PMO/RISKS.md,md,23,3,387bbbc23cf19c2c841b5d960ac256539a57436aa71663b284a13401fbd31bb6,payload
WRITING_ARCHITECT.zip!WRITING_ARCHITECT/Module writing.zip!Module writing/SOVEREIGN_PROGRAM_REPOSITORY_v1.2.0-RC2.zip!SOV_v1.2.0/08_ARCHIVE/SOURCE_MATERIALS/SOVEREIGN_PROGRAM_REPOSITORY_v0.1.zip!SOVEREIGN_PROGRAM_REPOSITORY_v0.1/00_PMO/ROADMAP.md,md,66,3,88a817f082baafb70b97ad2c8b4958fac0a095a2a04efab7063168e718125e1d,payload
WRITING_ARCHITECT.zip!WRITING_ARCHITECT/Module writing.zip!Module writing/SOVEREIGN_PROGRAM_REPOSITORY_v1.2.0-RC2.zip!SOV_v1.2.0/08_ARCHIVE/SOURCE_MATERIALS/SOVEREIGN_PROGRAM_REPOSITORY_v0.1.zip!SOVEREIGN_PROGRAM_REPOSITORY_v0.1/00_PMO/MILESTONES.md,md,37,3,55020292101fcfc95e3535d79b8bd3122db5021f3ee50274933a1149df64743b,payload
WRITING_ARCHITECT.zip!WRITING_ARCHITECT/Module writing.zip!Module writing/SOVEREIGN_PROGRAM_REPOSITORY_v1.2.0-RC2.zip!SOV_v1.2.0/08_ARCHIVE/SOURCE_MATERIALS/SOVEREIGN_PROGRAM_REPOSITORY_v0.1.zip!SOVEREIGN_PROGRAM_REPOSITORY_v0.1/00_PMO/CHANGELOG.md,md,55,3,25bc5ca71f7a2d70fc6555da212364ebba0b2da884467852456cfeb0c61d874f,payload
WRITING_ARCHITECT.zip!WRITING_ARCHITECT/Module writing.zip!Module writing/SOVEREIGN_PROGRAM_REPOSITORY_v1.2.0-RC2.zip!SOV_v1.2.0/08_ARCHIVE/SOURCE_MATERIALS/SOVEREIGN_PROGRAM_REPOSITORY_v0.1.zip!SOVEREIGN_PROGRAM_REPOSITORY_v0.1/00_PMO/STANDARDS_INDEX.md,md,34,3,6862c27bd74aae3eee4f5c2b40a6bddcd1e204ecb3af9b52f7fad1b98306b3dd,payload
WRITING_ARCHITECT.zip!WRITING_ARCHITECT/Module writing.zip!Module writing/SOVEREIGN_PROGRAM_REPOSITORY_v1.2.0-RC2.zip!SOV_v1.2.0/08_ARCHIVE/SOURCE_MATERIALS/SOVEREIGN_PROGRAM_REPOSITORY_v0.1.zip!SOVEREIGN_PROGRAM_REPOSITORY_v0.1/00_PMO/SOVEREIGN_BUILD_LOG.docx,docx,36637,3,45b74290b78693eadb4a13188df5b271d7bb39c741b9cd2f4cf0e81161e8eb24,payload
WRITING_ARCHITECT.zip!WRITING_ARCHITECT/Module writing.zip!Module writing/SOVEREIGN_PROGRAM_REPOSITORY_v1.2.0-RC2.zip!SOV_v1.2.0/03_KNOWLEDGE/CONVERSATION_CONTINUITY.md,md,489,2,c5863f364ca1816c10ccf4d796c6f5a9a1aa2d56b0622bffafae8b54dede019d,payload
WRITING_ARCHITECT.zip!WRITING_ARCHITECT/Module writing.zip!Module writing/SOVEREIGN_PROGRAM_REPOSITORY_v1.2.0-RC2.zip!SOV_v1.2.0/03_KNOWLEDGE/INGESTION_POLICY.md,md,452,2,84706aa79af53874e5b7551a51fb25319e755a43e51f689f4cdd2e1dca2b1ad5,payload
WRITING_ARCHITECT.zip!WRITING_ARCHITECT/Module writing.zip!Module writing/SOVEREIGN_PROGRAM_REPOSITORY_v1.2.0-RC2.zip!SOV_v1.2.0/03_KNOWLEDGE/KNOWLEDGE_OBJECT_MODEL.md,md,718,2,1f057747741006b1e1ca98395b68b0c9ab4289a3340cefd1a0aa32c97dd8e3e5,payload
WRITING_ARCHITECT.zip!WRITING_ARCHITECT/Module writing.zip!Module writing/SOVEREIGN_PROGRAM_REPOSITORY_v1.2.0-RC2.zip!SOV_v1.2.0/00_PROGRAM_OFFICE/STEWARD_PREAMBLE.md,md,950,2,d813c3cc65165480e54ae67db4a388c90723910063e624e36fab4e591deff4c1,payload
WRITING_ARCHITECT.zip!WRITING_ARCHITECT/Module writing.zip!Module writing/SOVEREIGN_PROGRAM_REPOSITORY_v1.2.0-RC2.zip!SOV_v1.2.0/00_PROGRAM_OFFICE/RISK_REGISTER.md,md,1053,2,f00cd91149bbc5331adf5494ef7323ecd290b223a4f389dd67a4ea890ced9e59,payload
WRITING_ARCHITECT.zip!WRITING_ARCHITECT/Module writing.zip!Module writing/SOVEREIGN_PROGRAM_REPOSITORY_v1.2.0-RC2.zip!SOV_v1.2.0/00_PROGRAM_OFFICE/SFB-001_FOUNDATION_BASELINE.md,md,8863,2,602c8491aa0f67d29c437ae9793dab817f8a67bb30c86af3ddad58c3824de373,payload
WRITING_ARCHITECT.zip!WRITING_ARCHITECT/Module writing.zip!Module writing/SOVEREIGN_PROGRAM_REPOSITORY_v1.2.0-RC2.zip!SOV_v1.2.0/00_PROGRAM_OFFICE/DEBT_REGISTER.md,md,917,2,0c4256044d6e2825a2fb0f0f712e9c2ba43863878c906a1687c3d934760ee983,payload
WRITING_ARCHITECT.zip!WRITING_ARCHITECT/Module writing.zip!Module writing/SOVEREIGN_PROGRAM_REPOSITORY_v1.2.0-RC2.zip!SOV_v1.2.0/00_PROGRAM_OFFICE/ASSET_REGISTRY.md,md,532,2,e066d6c5bd09e77897769c5e20d029b73e51db02e46e97a90837c9e8c9e6ddf6,payload
WRITING_ARCHITECT.zip!WRITING_ARCHITECT/Module writing.zip!Module writing/SOVEREIGN_PROGRAM_REPOSITORY_v1.2.0-RC2.zip!SOV_v1.2.0/00_PROGRAM_OFFICE/ROADMAP.md,md,927,2,2bcdc8ecb52b823edc39197bd6f1603e877c946e6a6c48cf93967b8e27007061,payload
WRITING_ARCHITECT.zip!WRITING_ARCHITECT/Module writing.zip!Module writing/SOVEREIGN_PROGRAM_REPOSITORY_v1.2.0-RC2.zip!SOV_v1.2.0/00_PROGRAM_OFFICE/VISION.md,md,1869,2,117e34033a48ea512721941381c733374a112b9e507228ee3a1e195187645dde,payload
WRITING_ARCHITECT.zip!WRITING_ARCHITECT/Module writing.zip!Module writing/SOVEREIGN_PROGRAM_REPOSITORY_v1.2.0-RC2.zip!SOV_v1.2.0/00_PROGRAM_OFFICE/PROGRAM_CHARTER.md,md,1099,2,6a15ede0b3031a6898bd47ad5291449de11be5df1b1017395b75610f4a2ec845,payload
WRITING_ARCHITECT.zip!WRITING_ARCHITECT/Module writing.zip!Module writing/SOVEREIGN_PROGRAM_REPOSITORY_v1.2.0-RC2.zip!SOV_v1.2.0/00_PROGRAM_OFFICE/BUILD_LEDGER.md,md,1111,2,e42881aa3dcf82e81dc6a5163e196cc6a1851c63e70b5ab46209ab093127e99a,payload
WRITING_ARCHITECT.zip!WRITING_ARCHITECT/Module writing.zip!Module writing/SOVEREIGN_PROGRAM_REPOSITORY_v1.2.0-RC2.zip!SOV_v1.2.0/00_PROGRAM_OFFICE/CHANGELOG.md,md,2043,2,95141756acdeef368380cbc8a91ddcf2408d7df4dc009872bb0ab77cad62ff71,payload
WRITING_ARCHITECT.zip!WRITING_ARCHITECT/Module writing.zip!Module writing/SOVEREIGN_PROGRAM_REPOSITORY_v1.2.0-RC2.zip!SOV_v1.2.0/00_PROGRAM_OFFICE/GOV-003_GOVERNANCE_FRAMEWORK.md,md,12848,2,587c38b5e6fb8ceb39cd83f9a07b39189eb812f29a2be5ceb9d80628e873bc2d,payload
WRITING_ARCHITECT.zip!WRITING_ARCHITECT/Module writing.zip!Module writing/SOVEREIGN_PROGRAM_REPOSITORY_v1.2.0-RC2.zip!SOV_v1.2.0/00_PROGRAM_OFFICE/CONSTITUTION.md,md,1476,2,695a875ac5cc32aeeaab9ea02c9ad58f637a9a10129d906f469210e9d12740f9,payload
WRITING_ARCHITECT.zip!WRITING_ARCHITECT/Module writing.zip!Module writing/SOVEREIGN_PROGRAM_REPOSITORY_v1.2.0-RC2.zip!SOV_v1.2.0/00_PROGRAM_OFFICE/DECISION_REGISTER.md,md,1190,2,4065b9b4e7046e42d2885f45132dc203b5fc0823b7d8e30960db5fdebc537181,payload
WRITING_ARCHITECT.zip!WRITING_ARCHITECT/Module writing.zip!Module writing/SOVEREIGN_PROGRAM_REPOSITORY_v1.2.0-RC2.zip!SOV_v1.2.0/00_PROGRAM_OFFICE/FOUNDATION_RATIFICATION_PACKET.md,md,1951,2,db93e63ce24e071fa964d072d82956b1bb88a6f77b3c3266bfa70d292e7fbc3c,payload
WRITING_ARCHITECT.zip!WRITING_ARCHITECT/Module writing.zip!Module writing/SOVEREIGN_PROGRAM_REPOSITORY_v1.2.0-RC2.zip!SOV_v1.2.0/01_ENGINEERING/SEM-001_ENGINEERING_MANUAL.md,md,13489,2,0d84bf352ba81eef9de4be40035c557a3a169c451d1f38aea53c51b89d3a7d50,payload
WRITING_ARCHITECT.zip!WRITING_ARCHITECT/Module writing.zip!Module writing/SOVEREIGN_PROGRAM_REPOSITORY_v1.2.0-RC2.zip!SOV_v1.2.0/01_ENGINEERING/SES/SES-012_PROFESSIONAL_PRACTICE.md,md,2499,2,12b5648552f649b8b18cab3b0296ecc7b70467c7a718be8eb0ef2fa01a567654,payload
WRITING_ARCHITECT.zip!WRITING_ARCHITECT/Module writing.zip!Module writing/SOVEREIGN_PROGRAM_REPOSITORY_v1.2.0-RC2.zip!SOV_v1.2.0/01_ENGINEERING/SES/SES-013_REQUIREMENTS.md,md,2646,2,28a7bc02f67c2a73f138d9d6f1645c688a5fb6458323bf7769837ce93f938240,payload
WRITING_ARCHITECT.zip!WRITING_ARCHITECT/Module writing.zip!Module writing/SOVEREIGN_PROGRAM_REPOSITORY_v1.2.0-RC2.zip!SOV_v1.2.0/01_ENGINEERING/SES/SES-005_DECISION_AND_CHANGE_CONTROL.md,md,556,2,5e54b2e970e58fb0d6a4195aaaf0081992182a431450935a187f6af5a56efb17,payload
WRITING_ARCHITECT.zip!WRITING_ARCHITECT/Module writing.zip!Module writing/SOVEREIGN_PROGRAM_REPOSITORY_v1.2.0-RC2.zip!SOV_v1.2.0/01_ENGINEERING/SES/SES-011_TERMINOLOGY.md,md,3042,2,4a813db161e8bbb55c5a08053703a8d0ac1d689a41bd8531ba4b1235294d4320,payload
WRITING_ARCHITECT.zip!WRITING_ARCHITECT/Module writing.zip!Module writing/SOVEREIGN_PROGRAM_REPOSITORY_v1.2.0-RC2.zip!SOV_v1.2.0/01_ENGINEERING/SES/SES-009_KNOWLEDGE_STANDARD.md,md,553,2,e1889daec495aaf2ace0fb3799a387924318bcb57bd64253b8f80fafc7db20e5,payload
WRITING_ARCHITECT.zip!WRITING_ARCHITECT/Module writing.zip!Module writing/SOVEREIGN_PROGRAM_REPOSITORY_v1.2.0-RC2.zip!SOV_v1.2.0/01_ENGINEERING/SES/SES-004_ASSET_LIFECYCLE.md,md,467,2,8d0b0188747537286be459a62b5af059a0bf8c98c9ba2df48d4063dae97b6f04,payload
WRITING_ARCHITECT.zip!WRITING_ARCHITECT/Module writing.zip!Module writing/SOVEREIGN_PROGRAM_REPOSITORY_v1.2.0-RC2.zip!SOV_v1.2.0/01_ENGINEERING/SES/SES-007_RELEASE_AND_VERSIONING.md,md,507,2,e84fb5599fd2644f99879a621c49e6b971ade2b3532d444d17d1e73d3a5bbf57,payload
WRITING_ARCHITECT.zip!WRITING_ARCHITECT/Module writing.zip!Module writing/SOVEREIGN_PROGRAM_REPOSITORY_v1.2.0-RC2.zip!SOV_v1.2.0/01_ENGINEERING/SES/SES-006_QUALITY_AND_ACCEPTANCE.md,md,537,2,5f0ff5f256ae65e5a0eca9519e170f8477ad1038eb49670e96d5e30aeaf05fb3,payload
WRITING_ARCHITECT.zip!WRITING_ARCHITECT/Module writing.zip!Module writing/SOVEREIGN_PROGRAM_REPOSITORY_v1.2.0-RC2.zip!SOV_v1.2.0/01_ENGINEERING/SES/SES-008_SECURITY_AND_PRIVACY.md,md,572,2,20f625e3fa293eb5e65207f65c3f6f75295f0d58cdcf4124afdad457946cb51c,payload
WRITING_ARCHITECT.zip!WRITING_ARCHITECT/Module writing.zip!Module writing/SOVEREIGN_PROGRAM_REPOSITORY_v1.2.0-RC2.zip!SOV_v1.2.0/01_ENGINEERING/SES/SES-001_REPOSITORY_ARCHITECTURE.md,md,735,2,f1a203e1fd79d5e68b4ab3636145c9dff6f4de57b608ca8fcc93b67190d8e152,payload
WRITING_ARCHITECT.zip!WRITING_ARCHITECT/Module writing.zip!Module writing/SOVEREIGN_PROGRAM_REPOSITORY_v1.2.0-RC2.zip!SOV_v1.2.0/01_ENGINEERING/SES/SES-010_RESEARCH_STANDARD.md,md,585,2,fadc3740a9698336f98607fb7a564fe1f78a5d4ef5611e9797a7ed903c5ee258,payload
WRITING_ARCHITECT.zip!WRITING_ARCHITECT/Module writing.zip!Module writing/SOVEREIGN_PROGRAM_REPOSITORY_v1.2.0-RC2.zip!SOV_v1.2.0/01_ENGINEERING/SES/SES-000_RETIRED.md,md,369,2,b11771edd9dd7d90da58a95e95537f03f3272b6bdd799cbf23c628129e7c7d62,payload
WRITING_ARCHITECT.zip!WRITING_ARCHITECT/Module writing.zip!Module writing/SOVEREIGN_PROGRAM_REPOSITORY_v1.2.0-RC2.zip!SOV_v1.2.0/01_ENGINEERING/SES/SES-002_METADATA_STANDARD.md,md,563,2,312edfee74eb9efbf0feadfdf1e2579d5879fc66f3bd9b419780bc3a4e67b54b,payload
WRITING_ARCHITECT.zip!WRITING_ARCHITECT/Module writing.zip!Module writing/SOVEREIGN_PROGRAM_REPOSITORY_v1.2.0-RC2.zip!SOV_v1.2.0/01_ENGINEERING/SES/SES-003_NAMING_STANDARD.md,md,542,2,6ca6f24d77f7621b1e6bd25b9e51548c192fba8a8c6c4fb7e81c038d03b96ccd,payload
WRITING_ARCHITECT.zip!WRITING_ARCHITECT/Module writing.zip!Module writing/SOVEREIGN_PROGRAM_REPOSITORY_v1.2.0-RC2.zip!SOV_v1.2.0/01_ENGINEERING/ADR/ADR-0001.md,md,760,2,c65064a4dc84632c139bb316610d80d5838324abb2d2819bff3c1d9d35ddadf6,payload
WRITING_ARCHITECT.zip!WRITING_ARCHITECT/Module writing.zip!Module writing/SOVEREIGN_PROGRAM_REPOSITORY_v1.2.0-RC2.zip!SOV_v1.2.0/01_ENGINEERING/ADR/ADR-0004.md,md,715,2,524c6347780666067f0e15ff6b81635da113a9e5fd4a7b0711a08ebcd5ef5beb,payload
WRITING_ARCHITECT.zip!WRITING_ARCHITECT/Module writing.zip!Module writing/SOVEREIGN_PROGRAM_REPOSITORY_v1.2.0-RC2.zip!SOV_v1.2.0/01_ENGINEERING/ADR/ADR-0010.md,md,665,2,6d9f259b4ac3fd2aa405fe024221914c7646b2d8889f4aef299f0177815cddbe,payload
WRITING_ARCHITECT.zip!WRITING_ARCHITECT/Module writing.zip!Module writing/SOVEREIGN_PROGRAM_REPOSITORY_v1.2.0-RC2.zip!SOV_v1.2.0/01_ENGINEERING/ADR/ADR-0011.md,md,621,2,24f9309f8f8a111cdb42404b574425cea5e358356f6b97749fe35d3ba1a7a94d,payload
WRITING_ARCHITECT.zip!WRITING_ARCHITECT/Module writing.zip!Module writing/SOVEREIGN_PROGRAM_REPOSITORY_v1.2.0-RC2.zip!SOV_v1.2.0/01_ENGINEERING/ADR/ADR-0005.md,md,825,2,8a8e8ab94c454192c7d65dbb6843cf931f5e48a01289d1db2e1246a12e148872,payload
WRITING_ARCHITECT.zip!WRITING_ARCHITECT/Module writing.zip!Module writing/SOVEREIGN_PROGRAM_REPOSITORY_v1.2.0-RC2.zip!SOV_v1.2.0/01_ENGINEERING/ADR/ADR_TEMPLATE.md,md,385,2,94c2b07ea7e90215250dea3e7f4cfcd3a7a320476070f250f37deadbb86ea18e,payload
WRITING_ARCHITECT.zip!WRITING_ARCHITECT/Module writing.zip!Module writing/SOVEREIGN_PROGRAM_REPOSITORY_v1.2.0-RC2.zip!SOV_v1.2.0/01_ENGINEERING/ADR/ADR-0009.md,md,665,2,04e0d7b658fd84fe7eb6d0193647b11e0eea466e39536ca3bc1e03320457df92,payload
WRITING_ARCHITECT.zip!WRITING_ARCHITECT/Module writing.zip!Module writing/SOVEREIGN_PROGRAM_REPOSITORY_v1.2.0-RC2.zip!SOV_v1.2.0/01_ENGINEERING/ADR/ADR-0003.md,md,764,2,d3c869a9125dd413389d0f93fbe3b7360f6b8e7b2cd15c6b5663f3dd0dde9f10,payload
WRITING_ARCHITECT.zip!WRITING_ARCHITECT/Module writing.zip!Module writing/SOVEREIGN_PROGRAM_REPOSITORY_v1.2.0-RC2.zip!SOV_v1.2.0/01_ENGINEERING/ADR/ADR-0006.md,md,771,2,6b1ee4b8e1619a52eebc43fa5c4df58a713e649233493fcf5946723b3b784b80,payload
WRITING_ARCHITECT.zip!WRITING_ARCHITECT/Module writing.zip!Module writing/SOVEREIGN_PROGRAM_REPOSITORY_v1.2.0-RC2.zip!SOV_v1.2.0/01_ENGINEERING/ADR/ADR-0007.md,md,523,2,7e10a205acd372aeb38e3a9f1c0e04cc749a8ffa6406212af618ab1de8c75524,payload
WRITING_ARCHITECT.zip!WRITING_ARCHITECT/Module writing.zip!Module writing/SOVEREIGN_PROGRAM_REPOSITORY_v1.2.0-RC2.zip!SOV_v1.2.0/01_ENGINEERING/ADR/ADR-0008.md,md,661,2,c05f45670bcd31795b21344e8d92c473a3c40180bf4f195f12f17b9e099e97b8,payload
WRITING_ARCHITECT.zip!WRITING_ARCHITECT/Module writing.zip!Module writing/SOVEREIGN_PROGRAM_REPOSITORY_v1.2.0-RC2.zip!SOV_v1.2.0/01_ENGINEERING/ADR/ADR-0002.md,md,730,2,802e09a42fd04c3dc4b555a2f846c3dc54313fd6fcec7d1f1aee7282969db1b2,payload
WRITING_ARCHITECT.zip!WRITING_ARCHITECT/Module writing.zip!Module writing/SOVEREIGN_PROGRAM_REPOSITORY_v1.2.0-RC2.zip!SOV_v1.2.0/01_ENGINEERING/RESEARCH/MASTER_PLAN_RSH-006.md,md,13443,2,21600e4ac1e7f07eccb9ab5279ac254451d99361ed99c7915ea59c8333b6b1fb,payload
WRITING_ARCHITECT.zip!WRITING_ARCHITECT/Module writing.zip!Module writing/SOVEREIGN_PROGRAM_REPOSITORY_v1.2.0-RC2.zip!SOV_v1.2.0/01_ENGINEERING/RESEARCH/BC-0003/RESEARCH_DOCTRINE.md,md,9692,2,8c6611e2499912c1912aaedf5feef5a56d181b75f335ec8a1dfebd373d81fec0,payload
WRITING_ARCHITECT.zip!WRITING_ARCHITECT/Module writing.zip!Module writing/SOVEREIGN_PROGRAM_REPOSITORY_v1.2.0-RC2.zip!SOV_v1.2.0/01_ENGINEERING/RESEARCH/BC-0003/SOURCE_REGISTER.md,md,6274,2,0fd541e3adedb90b5fda5b18499ef32ab8f4499a446dd2e7b10fa031a12d40f6,payload
WRITING_ARCHITECT.zip!WRITING_ARCHITECT/Module writing.zip!Module writing/SOVEREIGN_PROGRAM_REPOSITORY_v1.2.0-RC2.zip!SOV_v1.2.0/01_ENGINEERING/RESEARCH/BC-0003/FINDINGS.md,md,11618,2,77933a158c02e8122ac1899696988d72023572454726e051c25ba12af211c11d,payload
WRITING_ARCHITECT.zip!WRITING_ARCHITECT/Module writing.zip!Module writing/SOVEREIGN_PROGRAM_REPOSITORY_v1.2.0-RC2.zip!SOV_v1.2.0/01_ENGINEERING/RESEARCH/BC-0003/PROPOSED_ADRS_AND_BUILD_PLAN.md,md,4754,2,5a24208f2303d60839bab06be1bab40803bafe3ebc339cfbbcd6ee397262491a,payload
WRITING_ARCHITECT.zip!WRITING_ARCHITECT/Module writing.zip!Module writing/SOVEREIGN_PROGRAM_REPOSITORY_v1.2.0-RC2.zip!SOV_v1.2.0/01_ENGINEERING/RESEARCH/BC-0003/OPTIONS_AND_RECOMMENDATIONS.md,md,7502,2,77034d5e00f78b871d66ab4a91df1975101677d931d35bca59eb04082b855f1b,payload
WRITING_ARCHITECT.zip!WRITING_ARCHITECT/Module writing.zip!Module writing/SOVEREIGN_PROGRAM_REPOSITORY_v1.2.0-RC2.zip!SOV_v1.2.0/01_ENGINEERING/ARCH/ARCH-002_INFORMATION_ARCHITECTURE.md,md,6128,2,716e3ab2532f7dd33e49f8dd40e1b177c4a4a8af18c436b28b3a66d5934c3dfb,payload
WRITING_ARCHITECT.zip!WRITING_ARCHITECT/Module writing.zip!Module writing/SOVEREIGN_PROGRAM_REPOSITORY_v1.2.0-RC2.zip!SOV_v1.2.0/01_ENGINEERING/ARCH/ARCH-001_BLUEPRINT_PART_I.md,md,13879,2,5f7194c6d81f1f272e2448456d240434b4d0a564db6e32061b20d68d3d06ddc0,payload
WRITING_ARCHITECT.zip!WRITING_ARCHITECT/Module writing.zip!Module writing/SOVEREIGN_PROGRAM_REPOSITORY_v1.2.0-RC2.zip!SOV_v1.2.0/07_LAB/README.md,md,388,2,bba5a061a12b2e711c507869228a705371140927c1ae2cf6438e8963d713220d,payload
WRITING_ARCHITECT.zip!WRITING_ARCHITECT/Module writing.zip!Module writing/SOVEREIGN_PROGRAM_REPOSITORY_v1.2.0-RC2.zip!SOV_v1.2.0/07_LAB/HXIA_PROTOTYPES/PROTOTYPE_R0.2.html,html,18825,2,0e5b5b6d957a5049df1bdcd2738b761ff8eab7eac3e7f26458d90ab6eea740e7,payload
WRITING_ARCHITECT.zip!WRITING_ARCHITECT/Module writing.zip!Module writing/SOVEREIGN_PROGRAM_REPOSITORY_v1.2.0-RC2.zip!SOV_v1.2.0/07_LAB/HXIA_PROTOTYPES/PROTOTYPE_R0.1.html,html,17236,2,92272db407d1d3e570392ca73d7ded9422f04efa9b4158f9584108073dbde690,payload
WRITING_ARCHITECT.zip!WRITING_ARCHITECT/Module writing.zip!Module writing/SOVEREIGN_PROGRAM_REPOSITORY_v1.2.0-RC2.zip!SOV_v1.2.0/09_QUALITY/QMS-011_SDS_MASTER_REPORT.md,md,10690,2,5c9e0707a8db20602f1f8658d63b4d65cc9861f327276eb9349e06cfeebb96ef,payload
WRITING_ARCHITECT.zip!WRITING_ARCHITECT/Module writing.zip!Module writing/SOVEREIGN_PROGRAM_REPOSITORY_v1.2.0-RC2.zip!SOV_v1.2.0/09_QUALITY/FOUNDATION_GATE_REPORT.md,md,688,2,041d92ee6fe3210f275d0b741ba6bfc7a2d0ce0214079744a8c152b8adf30e9f,payload
WRITING_ARCHITECT.zip!WRITING_ARCHITECT/Module writing.zip!Module writing/SOVEREIGN_PROGRAM_REPOSITORY_v1.2.0-RC2.zip!SOV_v1.2.0/09_QUALITY/AUDIT_2026-07-19.md,md,2914,2,f09da40e4abd7d687123a911ad4b02d73e4b8a1333615a6c89411b58b04b0e5b,payload
WRITING_ARCHITECT.zip!WRITING_ARCHITECT/Module writing.zip!Module writing/SOVEREIGN_PROGRAM_REPOSITORY_v1.2.0-RC2.zip!SOV_v1.2.0/09_QUALITY/REPOSITORY_HEALTH.md,md,549,2,391ee1c97a7cc31870b06098042993267df0ac8e2addd49afe70fc9599466c88,payload
WRITING_ARCHITECT.zip!WRITING_ARCHITECT/Module writing.zip!Module writing/SOVEREIGN_PROGRAM_REPOSITORY_v1.2.0-RC2.zip!SOV_v1.2.0/09_QUALITY/QUALITY_MANAGEMENT_SYSTEM.md,md,466,2,cb8be177943d0f3bbd763b320809cf05cfc782d40f3bb3cd8b35e95a9f6dd05b,payload
WRITING_ARCHITECT.zip!WRITING_ARCHITECT/Module writing.zip!Module writing/SOVEREIGN_PROGRAM_REPOSITORY_v1.2.0-RC2.zip!SOV_v1.2.0/09_QUALITY/QMS-012_PHASE0_STATE_AUDIT.md,md,2086,2,1f4056fb2ed421c2312ae05418136f9a5fe7528f0508fd0f76c5730a7e09d0c4,payload
WRITING_ARCHITECT.zip!WRITING_ARCHITECT/Module writing.zip!Module writing/SOVEREIGN_PROGRAM_REPOSITORY_v1.2.0-RC2.zip!SOV_v1.2.0/Bootstrap_Package/01_REGISTRY/ASSET_REGISTRY.json,json,20634,2,2a4ae89f862d22642c3dbdabde6c38f36a9f765200d1203b416821d8ec74c40a,payload
WRITING_ARCHITECT.zip!WRITING_ARCHITECT/Module writing.zip!Module writing/SOVEREIGN_PROGRAM_REPOSITORY_v1.2.0-RC2.zip!SOV_v1.2.0/Bootstrap_Package/02_GOVERNANCE/ACTIVE_ADRS.json,json,1985,2,d7934308285e0cf1e4cc76e230eada76d53f0495faff259975672ae93c7e5e75,payload
WRITING_ARCHITECT.zip!WRITING_ARCHITECT/Module writing.zip!Module writing/SOVEREIGN_PROGRAM_REPOSITORY_v1.2.0-RC2.zip!SOV_v1.2.0/Bootstrap_Package/03_KNOWLEDGE/TERMINOLOGY.md,md,3042,2,4a813db161e8bbb55c5a08053703a8d0ac1d689a41bd8531ba4b1235294d4320,payload
WRITING_ARCHITECT.zip!WRITING_ARCHITECT/Module writing.zip!Module writing/SOVEREIGN_PROGRAM_REPOSITORY_v1.2.0-RC2.zip!SOV_v1.2.0/Bootstrap_Package/05_SESSION/NEXT_ACTIONS.md,md,843,2,2226fd093db1ffe1463273dfdb4996eb65012ed23fdab22117c30b491e1a8186,payload
WRITING_ARCHITECT.zip!WRITING_ARCHITECT/Module writing.zip!Module writing/SOVEREIGN_PROGRAM_REPOSITORY_v1.2.0-RC2.zip!SOV_v1.2.0/Bootstrap_Package/99_RECOVERY/RESTORE_PROCEDURE.md,md,226,2,b6f17e0f6ac6eb33ffab604abe00d129206bf4299994d9a7437a49c3071d6df9,payload
WRITING_ARCHITECT.zip!WRITING_ARCHITECT/Module writing.zip!Module writing/SOVEREIGN_PROGRAM_REPOSITORY_v1.2.0-RC2.zip!SOV_v1.2.0/Bootstrap_Package/00_MANIFEST/FOUNDATION_MANIFEST.json,json,378,2,929efb8efc8fc3e48e2f9141e740bded30e8f0383f1093a01e3dbeef23c06f3c,payload
WRITING_ARCHITECT.zip!WRITING_ARCHITECT/Module writing.zip!Module writing/SOVEREIGN_PROGRAM_REPOSITORY_v1.2.0-RC2.zip!SOV_v1.2.0/02_PLATFORM/PLATFORM_REQUIREMENTS.md,md,765,2,77cd3293ab49feb21b8d3be92b1abff7e2506d32cc2cfbf53be172029e31a623,payload
WRITING_ARCHITECT.zip!WRITING_ARCHITECT/Module writing.zip!Module writing/SOVEREIGN_PROGRAM_REPOSITORY_v1.2.0-RC2.zip!SOV_v1.2.0/02_PLATFORM/BACKUP_AND_RECOVERY_REQUIREMENTS.md,md,487,2,233e3bbb03dde175702fe576b77eae1a529e71cddd87e483182ba66e523b619e,payload
WRITING_ARCHITECT.zip!WRITING_ARCHITECT/Module writing.zip!Module writing/SOVEREIGN_PROGRAM_REPOSITORY_v1.2.0-RC2.zip!SOV_v1.2.0/02_PLATFORM/SECURITY_BASELINE.md,md,511,2,c01ef4becf0b659dae9122db240566da70e3d321c0835323cd87389c09781aa1,payload
WRITING_ARCHITECT.zip!WRITING_ARCHITECT/Module writing.zip!__MACOSX/Module writing/._SOVEREIGN_PROGRAM_REPOSITORY_v1.2.0-RC2.zip,zip,219,1,183d5f9ccea67024dcb7092db8834c69e7c17eabb356a6f322b8cc5b5563dfc0,packaging
WRITING_ARCHITECT.zip!WRITING_ARCHITECT/Module writing.zip!Module writing/SOVEREIGN_MASTER_v1.4,4,88833,1,5567c8b9a3df245aad16a0d422a19bd6062c5caa4641273926056c404bdecf76,payload
WRITING_ARCHITECT.zip!WRITING_ARCHITECT/Module writing.zip!__MACOSX/Module writing/._SOVEREIGN_MASTER_v1.4,4,219,1,183d5f9ccea67024dcb7092db8834c69e7c17eabb356a6f322b8cc5b5563dfc0,packaging
WRITING_ARCHITECT.zip!WRITING_ARCHITECT/Module writing.zip!Module writing/SOVEREIGN_MASTER_v1.4 2,4 2,88833,1,5567c8b9a3df245aad16a0d422a19bd6062c5caa4641273926056c404bdecf76,payload
WRITING_ARCHITECT.zip!WRITING_ARCHITECT/Module writing.zip!__MACOSX/Module writing/._SOVEREIGN_MASTER_v1.4 2,4 2,219,1,183d5f9ccea67024dcb7092db8834c69e7c17eabb356a6f322b8cc5b5563dfc0,packaging
WRITING_ARCHITECT.zip!WRITING_ARCHITECT/ULTIMATE_PROSE_SYSTEM_v2.0_COMPLETE.docx,docx,138614,0,5fa09b012c71a4d73dd53ee0a7dd92e25a2c8f3e9e5fa6e00f6e477dbfdb3a46,payload
WRITING_ARCHITECT.zip!__MACOSX/WRITING_ARCHITECT/._ULTIMATE_PROSE_SYSTEM_v2.0_COMPLETE.docx,docx,219,0,183d5f9ccea67024dcb7092db8834c69e7c17eabb356a6f322b8cc5b5563dfc0,packaging
WRITING_ARCHITECT.zip!WRITING_ARCHITECT/UMS_v23_Exact_System_Files/UMS_v23_COMMAND_CHEAT_SHEET.txt,txt,54,0,5c07938af5d78286d7a707b34127013acab1b3780648a3fa4178eef0a5c1c2c3,payload
WRITING_ARCHITECT.zip!__MACOSX/WRITING_ARCHITECT/UMS_v23_Exact_System_Files/._UMS_v23_COMMAND_CHEAT_SHEET.txt,txt,219,0,183d5f9ccea67024dcb7092db8834c69e7c17eabb356a6f322b8cc5b5563dfc0,packaging
WRITING_ARCHITECT.zip!WRITING_ARCHITECT/UMS_v23_Exact_System_Files/UMS_v23_COMPLETE_SYSTEM_MASTER.docx,docx,36756,0,bbec6f7ef9ac96567137ab92978a2294b8f6b6cf0cb70856fba7e19c1a1667b1,payload
WRITING_ARCHITECT.zip!__MACOSX/WRITING_ARCHITECT/UMS_v23_Exact_System_Files/._UMS_v23_COMPLETE_SYSTEM_MASTER.docx,docx,219,0,183d5f9ccea67024dcb7092db8834c69e7c17eabb356a6f322b8cc5b5563dfc0,packaging
WRITING_ARCHITECT.zip!WRITING_ARCHITECT/UMS_v23_Exact_System_Files/UMS_v23_FINAL_LOCK_CHECKLIST.docx,docx,36687,0,09993dd2abac2e512306a012d6306b12b064704f485acfa6f9424ecd2a4f0769,payload
WRITING_ARCHITECT.zip!__MACOSX/WRITING_ARCHITECT/UMS_v23_Exact_System_Files/._UMS_v23_FINAL_LOCK_CHECKLIST.docx,docx,219,0,183d5f9ccea67024dcb7092db8834c69e7c17eabb356a6f322b8cc5b5563dfc0,packaging
WRITING_ARCHITECT.zip!WRITING_ARCHITECT/UMS_v23_Exact_System_Files/UMS_v23_CONTROL_SHELL_STRICT.txt,txt,56,0,8cd27638043e744896b1ebf67a243e2eb66ce7838e3b836c2f474d994feee8f2,payload
WRITING_ARCHITECT.zip!__MACOSX/WRITING_ARCHITECT/UMS_v23_Exact_System_Files/._UMS_v23_CONTROL_SHELL_STRICT.txt,txt,219,0,183d5f9ccea67024dcb7092db8834c69e7c17eabb356a6f322b8cc5b5563dfc0,packaging
WRITING_ARCHITECT.zip!WRITING_ARCHITECT/UMS_v23_Exact_System_Files/UMS_v23_RUNTIME_QUICKSTART.docx,docx,36697,0,f796c4738c82eb4cf1a620811b1cacb96e5f67701e441aab19d6a8dec25eece2,payload
WRITING_ARCHITECT.zip!__MACOSX/WRITING_ARCHITECT/UMS_v23_Exact_System_Files/._UMS_v23_RUNTIME_QUICKSTART.docx,docx,219,0,183d5f9ccea67024dcb7092db8834c69e7c17eabb356a6f322b8cc5b5563dfc0,packaging
WRITING_ARCHITECT.zip!WRITING_ARCHITECT/UMS_v23_Exact_System_Files/UMS_v23_SESSION_RESTORE_STATE.txt,txt,46,0,1ec6d62bb6f353a019f932dc8e5ee5f5f9eb580af8660929a7244eeb9be921df,payload
WRITING_ARCHITECT.zip!__MACOSX/WRITING_ARCHITECT/UMS_v23_Exact_System_Files/._UMS_v23_SESSION_RESTORE_STATE.txt,txt,219,0,183d5f9ccea67024dcb7092db8834c69e7c17eabb356a6f322b8cc5b5563dfc0,packaging
WRITING_ARCHITECT.zip!WRITING_ARCHITECT/UMS_v23_Exact_System_Files/README.txt,txt,53,0,a830ae2f2f7ecff5b039c16edbb84d0e7c31a2e430e249fa5433f9663ebc44fd,payload
WRITING_ARCHITECT.zip!__MACOSX/WRITING_ARCHITECT/UMS_v23_Exact_System_Files/._README.txt,txt,219,0,183d5f9ccea67024dcb7092db8834c69e7c17eabb356a6f322b8cc5b5563dfc0,packaging
WRITING_ARCHITECT.zip!WRITING_ARCHITECT/Module writing/WRITING_SYSTEM.zip,zip,5295641,0,215d777d929770cd15026b13478dc12a6128406173772fb0845cbcea4405abc0,payload
WRITING_ARCHITECT.zip!WRITING_ARCHITECT/Module writing/WRITING_SYSTEM.zip!WRITING_SYSTEM/CH01_BLUEPRINT.docx,docx,36641,1,b6830e95b80f84b76fc173853b750f00fdafb516c2a9508dddd826f8f7016312,payload
WRITING_ARCHITECT.zip!WRITING_ARCHITECT/Module writing/WRITING_SYSTEM.zip!__MACOSX/WRITING_SYSTEM/._CH01_BLUEPRINT.docx,docx,219,1,183d5f9ccea67024dcb7092db8834c69e7c17eabb356a6f322b8cc5b5563dfc0,packaging
WRITING_ARCHITECT.zip!WRITING_ARCHITECT/Module writing/WRITING_SYSTEM.zip!WRITING_SYSTEM/SYSTEM_README.docx,docx,36716,1,dc48095f5634e5b6ad3028c785329b23c98b9bbbed52f60664a9efdf2300ed4c,payload
WRITING_ARCHITECT.zip!WRITING_ARCHITECT/Module writing/WRITING_SYSTEM.zip!__MACOSX/WRITING_SYSTEM/._SYSTEM_README.docx,docx,219,1,183d5f9ccea67024dcb7092db8834c69e7c17eabb356a6f322b8cc5b5563dfc0,packaging
WRITING_ARCHITECT.zip!WRITING_ARCHITECT/Module writing/WRITING_SYSTEM.zip!WRITING_SYSTEM/CH02_BLUEPRINT.docx,docx,36641,1,113c268cac923dee63a33f8ee6bacdaa46b3cfae1c88aef68f8a05cd7c76b45e,payload
WRITING_ARCHITECT.zip!WRITING_ARCHITECT/Module writing/WRITING_SYSTEM.zip!__MACOSX/WRITING_SYSTEM/._CH02_BLUEPRINT.docx,docx,219,1,183d5f9ccea67024dcb7092db8834c69e7c17eabb356a6f322b8cc5b5563dfc0,packaging
WRITING_ARCHITECT.zip!WRITING_ARCHITECT/Module writing/WRITING_SYSTEM.zip!WRITING_SYSTEM/MANUSCRIPT_MASTER.docx,docx,36639,1,9030721938bd5190775d4841308a187cf2aee7c3e55e2070fa8d4663d9b8493b,payload
WRITING_ARCHITECT.zip!WRITING_ARCHITECT/Module writing/WRITING_SYSTEM.zip!__MACOSX/WRITING_SYSTEM/._MANUSCRIPT_MASTER.docx,docx,219,1,183d5f9ccea67024dcb7092db8834c69e7c17eabb356a6f322b8cc5b5563dfc0,packaging
WRITING_ARCHITECT.zip!WRITING_ARCHITECT/Module writing/WRITING_SYSTEM.zip!WRITING_SYSTEM/RUNTIME/runtime_operation_routes.docx,docx,38092,1,59436d6cc8e184d690fe175872872a572972fa6f205618d9ded8be4e913afaec,payload
WRITING_ARCHITECT.zip!WRITING_ARCHITECT/Module writing/WRITING_SYSTEM.zip!__MACOSX/WRITING_SYSTEM/RUNTIME/._runtime_operation_routes.docx,docx,219,1,183d5f9ccea67024dcb7092db8834c69e7c17eabb356a6f322b8cc5b5563dfc0,packaging
WRITING_ARCHITECT.zip!WRITING_ARCHITECT/Module writing/WRITING_SYSTEM.zip!WRITING_SYSTEM/RUNTIME/runtime_replay_policy.docx,docx,37545,1,6df2cbe95002c73ffe1667e575b67331496fe5738f3c5625806ad5a7a50aa5d7,payload
WRITING_ARCHITECT.zip!WRITING_ARCHITECT/Module writing/WRITING_SYSTEM.zip!__MACOSX/WRITING_SYSTEM/RUNTIME/._runtime_replay_policy.docx,docx,219,1,183d5f9ccea67024dcb7092db8834c69e7c17eabb356a6f322b8cc5b5563dfc0,packaging
WRITING_ARCHITECT.zip!WRITING_ARCHITECT/Module writing/WRITING_SYSTEM.zip!WRITING_SYSTEM/RUNTIME/schema_trace_and_checkpoint.docx,docx,37169,1,2a2c268ef36a057cc2e2848bbcb00a99b61a5c51c28a64fb63f28b041baedabe,payload
WRITING_ARCHITECT.zip!WRITING_ARCHITECT/Module writing/WRITING_SYSTEM.zip!__MACOSX/WRITING_SYSTEM/RUNTIME/._schema_trace_and_checkpoint.docx,docx,219,1,183d5f9ccea67024dcb7092db8834c69e7c17eabb356a6f322b8cc5b5563dfc0,packaging
WRITING_ARCHITECT.zip!WRITING_ARCHITECT/Module writing/WRITING_SYSTEM.zip!WRITING_SYSTEM/RUNTIME/runtime_trace_parity_map.docx,docx,37501,1,aeb093f264c8ccf4a0818e4888b33b264189c0c4d62ef9ff7f2550249a311ab0,payload
WRITING_ARCHITECT.zip!WRITING_ARCHITECT/Module writing/WRITING_SYSTEM.zip!__MACOSX/WRITING_SYSTEM/RUNTIME/._runtime_trace_parity_map.docx,docx,219,1,183d5f9ccea67024dcb7092db8834c69e7c17eabb356a6f322b8cc5b5563dfc0,packaging
WRITING_ARCHITECT.zip!WRITING_ARCHITECT/Module writing/WRITING_SYSTEM.zip!WRITING_SYSTEM/RUNTIME/runtime_live_validation_protocol.docx,docx,37301,1,75119dc6d605f54bcb8b0707d01aea11e9c737f5cf47532437b2f663aef1e0cd,payload
WRITING_ARCHITECT.zip!WRITING_ARCHITECT/Module writing/WRITING_SYSTEM.zip!__MACOSX/WRITING_SYSTEM/RUNTIME/._runtime_live_validation_protocol.docx,docx,219,1,183d5f9ccea67024dcb7092db8834c69e7c17eabb356a6f322b8cc5b5563dfc0,packaging
WRITING_ARCHITECT.zip!WRITING_ARCHITECT/Module writing/WRITING_SYSTEM.zip!WRITING_SYSTEM/RUNTIME/runtime_equivalence_test_map.docx,docx,36872,1,0611240b32394016e7604d381e6be7752b33a565b8e20609fb05c6ffda6cbdff,payload
WRITING_ARCHITECT.zip!WRITING_ARCHITECT/Module writing/WRITING_SYSTEM.zip!__MACOSX/WRITING_SYSTEM/RUNTIME/._runtime_equivalence_test_map.docx,docx,219,1,183d5f9ccea67024dcb7092db8834c69e7c17eabb356a6f322b8cc5b5563dfc0,packaging
WRITING_ARCHITECT.zip!WRITING_ARCHITECT/Module writing/WRITING_SYSTEM.zip!WRITING_SYSTEM/RUNTIME/runtime_shadow_mode_policy.docx,docx,37619,1,30956d3c7272c5eee685b9568ac01dc268e1cf68e3df8d701442d50b909ad49d,payload
WRITING_ARCHITECT.zip!WRITING_ARCHITECT/Module writing/WRITING_SYSTEM.zip!__MACOSX/WRITING_SYSTEM/RUNTIME/._runtime_shadow_mode_policy.docx,docx,219,1,183d5f9ccea67024dcb7092db8834c69e7c17eabb356a6f322b8cc5b5563dfc0,packaging
WRITING_ARCHITECT.zip!WRITING_ARCHITECT/Module writing/WRITING_SYSTEM.zip!WRITING_SYSTEM/RUNTIME/runtime_override_control_rules.docx,docx,37513,1,aba558c91884f3e869936b4d34483f8689083e571680fe2a0831521ca58f4a6c,payload
WRITING_ARCHITECT.zip!WRITING_ARCHITECT/Module writing/WRITING_SYSTEM.zip!__MACOSX/WRITING_SYSTEM/RUNTIME/._runtime_override_control_rules.docx,docx,219,1,183d5f9ccea67024dcb7092db8834c69e7c17eabb356a6f322b8cc5b5563dfc0,packaging
WRITING_ARCHITECT.zip!WRITING_ARCHITECT/Module writing/WRITING_SYSTEM.zip!WRITING_SYSTEM/RUNTIME/runtime_trace_policy.docx,docx,37895,1,4d48ba323dea8921e46c8a030a5293476942e2e926e19c01de69b714683e1fb4,payload
WRITING_ARCHITECT.zip!WRITING_ARCHITECT/Module writing/WRITING_SYSTEM.zip!__MACOSX/WRITING_SYSTEM/RUNTIME/._runtime_trace_policy.docx,docx,219,1,183d5f9ccea67024dcb7092db8834c69e7c17eabb356a6f322b8cc5b5563dfc0,packaging
WRITING_ARCHITECT.zip!WRITING_ARCHITECT/Module writing/WRITING_SYSTEM.zip!WRITING_SYSTEM/RUNTIME/schema_approval_decision_records.docx,docx,36914,1,f834c0f9ea918093c7b70e36a911cf527577fceb6a823386417c89e6e9c9c487,payload
WRITING_ARCHITECT.zip!WRITING_ARCHITECT/Module writing/WRITING_SYSTEM.zip!__MACOSX/WRITING_SYSTEM/RUNTIME/._schema_approval_decision_records.docx,docx,219,1,183d5f9ccea67024dcb7092db8834c69e7c17eabb356a6f322b8cc5b5563dfc0,packaging
WRITING_ARCHITECT.zip!WRITING_ARCHITECT/Module writing/WRITING_SYSTEM.zip!WRITING_SYSTEM/RUNTIME/runtime_baseline_state_registry.docx,docx,37941,1,67565cb70d7d0b03b46de1e9f2ba5dc396558d6ef9c00f9dcbfea14f3427e67d,payload
WRITING_ARCHITECT.zip!WRITING_ARCHITECT/Module writing/WRITING_SYSTEM.zip!__MACOSX/WRITING_SYSTEM/RUNTIME/._runtime_baseline_state_registry.docx,docx,219,1,183d5f9ccea67024dcb7092db8834c69e7c17eabb356a6f322b8cc5b5563dfc0,packaging
WRITING_ARCHITECT.zip!WRITING_ARCHITECT/Module writing/WRITING_SYSTEM.zip!WRITING_SYSTEM/RUNTIME/runtime_engine_equivalence_matrix.docx,docx,36918,1,4b738dd92c90210f5cd6256a6eb0f955d043c152f708297ce4c5f5474ab59981,payload
WRITING_ARCHITECT.zip!WRITING_ARCHITECT/Module writing/WRITING_SYSTEM.zip!__MACOSX/WRITING_SYSTEM/RUNTIME/._runtime_engine_equivalence_matrix.docx,docx,219,1,183d5f9ccea67024dcb7092db8834c69e7c17eabb356a6f322b8cc5b5563dfc0,packaging
WRITING_ARCHITECT.zip!WRITING_ARCHITECT/Module writing/WRITING_SYSTEM.zip!WRITING_SYSTEM/RUNTIME/schema_handoff_trace_records.docx,docx,36896,1,018134d2f612749fdaeba4f32d3905f873eca7de2a36b7aecc27f66e83306cd6,payload
WRITING_ARCHITECT.zip!WRITING_ARCHITECT/Module writing/WRITING_SYSTEM.zip!__MACOSX/WRITING_SYSTEM/RUNTIME/._schema_handoff_trace_records.docx,docx,219,1,183d5f9ccea67024dcb7092db8834c69e7c17eabb356a6f322b8cc5b5563dfc0,packaging
WRITING_ARCHITECT.zip!WRITING_ARCHITECT/Module writing/WRITING_SYSTEM.zip!WRITING_SYSTEM/RUNTIME/schema_trace_event_records.docx,docx,36892,1,a5ce61b294f7de395737b14005ddec5555dbdf58652810089b778b32ac7ee931,payload
WRITING_ARCHITECT.zip!WRITING_ARCHITECT/Module writing/WRITING_SYSTEM.zip!__MACOSX/WRITING_SYSTEM/RUNTIME/._schema_trace_event_records.docx,docx,219,1,183d5f9ccea67024dcb7092db8834c69e7c17eabb356a6f322b8cc5b5563dfc0,packaging
WRITING_ARCHITECT.zip!WRITING_ARCHITECT/Module writing/WRITING_SYSTEM.zip!WRITING_SYSTEM/RUNTIME/runtime_promotion_registry.docx,docx,37623,1,160e5d9ba5fd0d186eb61d9b25d630c9090486efea92b2a8b7ef6bb8abf66a2a,payload
WRITING_ARCHITECT.zip!WRITING_ARCHITECT/Module writing/WRITING_SYSTEM.zip!__MACOSX/WRITING_SYSTEM/RUNTIME/._runtime_promotion_registry.docx,docx,219,1,183d5f9ccea67024dcb7092db8834c69e7c17eabb356a6f322b8cc5b5563dfc0,packaging
WRITING_ARCHITECT.zip!WRITING_ARCHITECT/Module writing/WRITING_SYSTEM.zip!WRITING_SYSTEM/RUNTIME/runtime_failure_observation_rules.docx,docx,37467,1,c521cbe0decb1e3a43ce8d1ca1dfa13569238889aa5d088af46ac9746fc513e9,payload
WRITING_ARCHITECT.zip!WRITING_ARCHITECT/Module writing/WRITING_SYSTEM.zip!__MACOSX/WRITING_SYSTEM/RUNTIME/._runtime_failure_observation_rules.docx,docx,219,1,183d5f9ccea67024dcb7092db8834c69e7c17eabb356a6f322b8cc5b5563dfc0,packaging
WRITING_ARCHITECT.zip!WRITING_ARCHITECT/Module writing/WRITING_SYSTEM.zip!WRITING_SYSTEM/RUNTIME/schema_observability_summary_records.docx,docx,36915,1,fb50727a8bf6e3465c3de9ad41135fc2caec0eaf08979564a298ea00e0c6fbb4,payload
WRITING_ARCHITECT.zip!WRITING_ARCHITECT/Module writing/WRITING_SYSTEM.zip!__MACOSX/WRITING_SYSTEM/RUNTIME/._schema_observability_summary_records.docx,docx,219,1,183d5f9ccea67024dcb7092db8834c69e7c17eabb356a6f322b8cc5b5563dfc0,packaging
WRITING_ARCHITECT.zip!WRITING_ARCHITECT/Module writing/WRITING_SYSTEM.zip!WRITING_SYSTEM/RUNTIME/runtime_handoff_trace_rules.docx,docx,37370,1,fbcb88bdca7bdeaae4902f5ad482cb1ddbc695614730d6881f5bf7898c455eb6,payload
WRITING_ARCHITECT.zip!WRITING_ARCHITECT/Module writing/WRITING_SYSTEM.zip!__MACOSX/WRITING_SYSTEM/RUNTIME/._runtime_handoff_trace_rules.docx,docx,219,1,183d5f9ccea67024dcb7092db8834c69e7c17eabb356a6f322b8cc5b5563dfc0,packaging
WRITING_ARCHITECT.zip!WRITING_ARCHITECT/Module writing/WRITING_SYSTEM.zip!WRITING_SYSTEM/RUNTIME/schema_runtime_replay_records.docx,docx,36893,1,89b1ba40be79abcdcc9a757f9972aa7697d5045c23a88d388491ea0240d21a2b,payload
WRITING_ARCHITECT.zip!WRITING_ARCHITECT/Module writing/WRITING_SYSTEM.zip!__MACOSX/WRITING_SYSTEM/RUNTIME/._schema_runtime_replay_records.docx,docx,219,1,183d5f9ccea67024dcb7092db8834c69e7c17eabb356a6f322b8cc5b5563dfc0,packaging
WRITING_ARCHITECT.zip!WRITING_ARCHITECT/Module writing/WRITING_SYSTEM.zip!WRITING_SYSTEM/RUNTIME/runtime_live_test_scenarios.docx,docx,37744,1,f3c5c503d653c95095fabd8443d8c5021516ff29a8d63ebf112c0ddd1d323031,payload
WRITING_ARCHITECT.zip!WRITING_ARCHITECT/Module writing/WRITING_SYSTEM.zip!__MACOSX/WRITING_SYSTEM/RUNTIME/._runtime_live_test_scenarios.docx,docx,219,1,183d5f9ccea67024dcb7092db8834c69e7c17eabb356a6f322b8cc5b5563dfc0,packaging
WRITING_ARCHITECT.zip!WRITING_ARCHITECT/Module writing/WRITING_SYSTEM.zip!WRITING_SYSTEM/RUNTIME/schema_runtime_trace_records.docx,docx,36911,1,ca7eeaef92635d91414931ad4258ef8291ec359a15b6c00024405ee00e275337,payload
WRITING_ARCHITECT.zip!WRITING_ARCHITECT/Module writing/WRITING_SYSTEM.zip!__MACOSX/WRITING_SYSTEM/RUNTIME/._schema_runtime_trace_records.docx,docx,219,1,183d5f9ccea67024dcb7092db8834c69e7c17eabb356a6f322b8cc5b5563dfc0,packaging
WRITING_ARCHITECT.zip!WRITING_ARCHITECT/Module writing/WRITING_SYSTEM.zip!WRITING_SYSTEM/RUNTIME/runtime_approval_enforcement_policy.docx,docx,37740,1,02cb4b9d2beb37f3571f5df7a1286447e8f4599f8ec46d55ddab752edf5adb91,payload
WRITING_ARCHITECT.zip!WRITING_ARCHITECT/Module writing/WRITING_SYSTEM.zip!__MACOSX/WRITING_SYSTEM/RUNTIME/._runtime_approval_enforcement_policy.docx,docx,219,1,183d5f9ccea67024dcb7092db8834c69e7c17eabb356a6f322b8cc5b5563dfc0,packaging
WRITING_ARCHITECT.zip!WRITING_ARCHITECT/Module writing/WRITING_SYSTEM.zip!WRITING_SYSTEM/RUNTIME/schema_equivalence_test_records.docx,docx,36742,1,5d3c012722306b6a02061021aa0f7e97c4ca312d0a1c08452c291213752dbf65,payload
WRITING_ARCHITECT.zip!WRITING_ARCHITECT/Module writing/WRITING_SYSTEM.zip!__MACOSX/WRITING_SYSTEM/RUNTIME/._schema_equivalence_test_records.docx,docx,219,1,183d5f9ccea67024dcb7092db8834c69e7c17eabb356a6f322b8cc5b5563dfc0,packaging
WRITING_ARCHITECT.zip!WRITING_ARCHITECT/Module writing/WRITING_SYSTEM.zip!WRITING_SYSTEM/RUNTIME/schema_engine_contracts.docx,docx,37003,1,e7dd85beb39a1249059026b3a0d0073ea5bf41739c7f7dad4f514d9366a7b7a5,payload
WRITING_ARCHITECT.zip!WRITING_ARCHITECT/Module writing/WRITING_SYSTEM.zip!__MACOSX/WRITING_SYSTEM/RUNTIME/._schema_engine_contracts.docx,docx,219,1,183d5f9ccea67024dcb7092db8834c69e7c17eabb356a6f322b8cc5b5563dfc0,packaging
WRITING_ARCHITECT.zip!WRITING_ARCHITECT/Module writing/WRITING_SYSTEM.zip!WRITING_SYSTEM/RUNTIME/schema_verdicts_and_authority.docx,docx,37097,1,d411bcf968613c4ef29a0b5071e7765294a1a5578b0b3a1485a77da99742a1ef,payload
WRITING_ARCHITECT.zip!WRITING_ARCHITECT/Module writing/WRITING_SYSTEM.zip!__MACOSX/WRITING_SYSTEM/RUNTIME/._schema_verdicts_and_authority.docx,docx,219,1,183d5f9ccea67024dcb7092db8834c69e7c17eabb356a6f322b8cc5b5563dfc0,packaging
WRITING_ARCHITECT.zip!WRITING_ARCHITECT/Module writing/WRITING_SYSTEM.zip!WRITING_SYSTEM/RUNTIME/runtime_phase7_activation_status.docx,docx,36844,1,52d9243f6d6c9e437b19d0fc675407187c69356f51957a0344cdcd5e50501b56,payload
WRITING_ARCHITECT.zip!WRITING_ARCHITECT/Module writing/WRITING_SYSTEM.zip!__MACOSX/WRITING_SYSTEM/RUNTIME/._runtime_phase7_activation_status.docx,docx,219,1,183d5f9ccea67024dcb7092db8834c69e7c17eabb356a6f322b8cc5b5563dfc0,packaging
WRITING_ARCHITECT.zip!WRITING_ARCHITECT/Module writing/WRITING_SYSTEM.zip!WRITING_SYSTEM/RUNTIME/runtime_failure_state_map.docx,docx,37971,1,0ab0a50ce8a3ebbfc4a5cea3174dc696ac4b3c5e118a668c60081459248972c2,payload
WRITING_ARCHITECT.zip!WRITING_ARCHITECT/Module writing/WRITING_SYSTEM.zip!__MACOSX/WRITING_SYSTEM/RUNTIME/._runtime_failure_state_map.docx,docx,219,1,183d5f9ccea67024dcb7092db8834c69e7c17eabb356a6f322b8cc5b5563dfc0,packaging
WRITING_ARCHITECT.zip!WRITING_ARCHITECT/Module writing/WRITING_SYSTEM.zip!WRITING_SYSTEM/RUNTIME/schema_engine_input_output.docx,docx,38924,1,9292652eff91fdc639782edcfd9f036f9745f8e7cf1bb14c5afa1ecc94be849d,payload
WRITING_ARCHITECT.zip!WRITING_ARCHITECT/Module writing/WRITING_SYSTEM.zip!__MACOSX/WRITING_SYSTEM/RUNTIME/._schema_engine_input_output.docx,docx,219,1,183d5f9ccea67024dcb7092db8834c69e7c17eabb356a6f322b8cc5b5563dfc0,packaging
WRITING_ARCHITECT.zip!WRITING_ARCHITECT/Module writing/WRITING_SYSTEM.zip!WRITING_SYSTEM/RUNTIME/schema_override_control_records.docx,docx,36899,1,cdb4111eef8c37a107363feffb8769c1e4091a53bd9c92f1d57609cc0e481d8e,payload
WRITING_ARCHITECT.zip!WRITING_ARCHITECT/Module writing/WRITING_SYSTEM.zip!__MACOSX/WRITING_SYSTEM/RUNTIME/._schema_override_control_records.docx,docx,219,1,183d5f9ccea67024dcb7092db8834c69e7c17eabb356a6f322b8cc5b5563dfc0,packaging
WRITING_ARCHITECT.zip!WRITING_ARCHITECT/Module writing/WRITING_SYSTEM.zip!WRITING_SYSTEM/RUNTIME/runtime_overlay_activation_gate.docx,docx,36846,1,7f026696a56f5e78d9864e0fa5d518c1613385814caef88077ad285a7d8e93f0,payload
WRITING_ARCHITECT.zip!WRITING_ARCHITECT/Module writing/WRITING_SYSTEM.zip!__MACOSX/WRITING_SYSTEM/RUNTIME/._runtime_overlay_activation_gate.docx,docx,219,1,183d5f9ccea67024dcb7092db8834c69e7c17eabb356a6f322b8cc5b5563dfc0,packaging
WRITING_ARCHITECT.zip!WRITING_ARCHITECT/Module writing/WRITING_SYSTEM.zip!WRITING_SYSTEM/RUNTIME/schema_activation_readiness_records.docx,docx,36741,1,55b4fa97c1d77b06142bff9c7198c595c57585b221055ce9aa34974428b33fb7,payload
WRITING_ARCHITECT.zip!WRITING_ARCHITECT/Module writing/WRITING_SYSTEM.zip!__MACOSX/WRITING_SYSTEM/RUNTIME/._schema_activation_readiness_records.docx,docx,219,1,183d5f9ccea67024dcb7092db8834c69e7c17eabb356a6f322b8cc5b5563dfc0,packaging
WRITING_ARCHITECT.zip!WRITING_ARCHITECT/Module writing/WRITING_SYSTEM.zip!WRITING_SYSTEM/RUNTIME/runtime_go_no_go_rules.docx,docx,37120,1,8486efaad8cb0bce2483664aff0e73aa724b9dd5b736ec393be36fb93cbf453c,payload
WRITING_ARCHITECT.zip!WRITING_ARCHITECT/Module writing/WRITING_SYSTEM.zip!__MACOSX/WRITING_SYSTEM/RUNTIME/._runtime_go_no_go_rules.docx,docx,219,1,183d5f9ccea67024dcb7092db8834c69e7c17eabb356a6f322b8cc5b5563dfc0,packaging
WRITING_ARCHITECT.zip!WRITING_ARCHITECT/Module writing/WRITING_SYSTEM.zip!WRITING_SYSTEM/RUNTIME/runtime_phase5_parity_map.docx,docx,37469,1,bd37f11b36fddb91224c731f6a7da167dcbd2e4a9f7608fd3885f5524ca0ce15,payload
WRITING_ARCHITECT.zip!WRITING_ARCHITECT/Module writing/WRITING_SYSTEM.zip!__MACOSX/WRITING_SYSTEM/RUNTIME/._runtime_phase5_parity_map.docx,docx,219,1,183d5f9ccea67024dcb7092db8834c69e7c17eabb356a6f322b8cc5b5563dfc0,packaging
WRITING_ARCHITECT.zip!WRITING_ARCHITECT/Module writing/WRITING_SYSTEM.zip!WRITING_SYSTEM/RUNTIME/runtime_phase6_parity_status.docx,docx,36837,1,fdc5b72872347a1d84c226b3673b8f377bfb9b778dba362221e822f75e85388e,payload
WRITING_ARCHITECT.zip!WRITING_ARCHITECT/Module writing/WRITING_SYSTEM.zip!__MACOSX/WRITING_SYSTEM/RUNTIME/._runtime_phase6_parity_status.docx,docx,219,1,183d5f9ccea67024dcb7092db8834c69e7c17eabb356a6f322b8cc5b5563dfc0,packaging
WRITING_ARCHITECT.zip!WRITING_ARCHITECT/Module writing/WRITING_SYSTEM.zip!WRITING_SYSTEM/RUNTIME/runtime_activation_readiness_matrix.docx,docx,36908,1,a614efb523447d36f158e9da3181c22a9f85d5c02bb811df21618fe70c467b81,payload
WRITING_ARCHITECT.zip!WRITING_ARCHITECT/Module writing/WRITING_SYSTEM.zip!__MACOSX/WRITING_SYSTEM/RUNTIME/._runtime_activation_readiness_matrix.docx,docx,219,1,183d5f9ccea67024dcb7092db8834c69e7c17eabb356a6f322b8cc5b5563dfc0,packaging
WRITING_ARCHITECT.zip!WRITING_ARCHITECT/Module writing/WRITING_SYSTEM.zip!WRITING_SYSTEM/RUNTIME/runtime_observability_matrix.docx,docx,37582,1,88fecf536d5f4fd8fa56c3ce53a75bb8a179c3de910552d9bd6770448bf955e2,payload
WRITING_ARCHITECT.zip!WRITING_ARCHITECT/Module writing/WRITING_SYSTEM.zip!__MACOSX/WRITING_SYSTEM/RUNTIME/._runtime_observability_matrix.docx,docx,219,1,183d5f9ccea67024dcb7092db8834c69e7c17eabb356a6f322b8cc5b5563dfc0,packaging
WRITING_ARCHITECT.zip!WRITING_ARCHITECT/Module writing/WRITING_SYSTEM.zip!WRITING_SYSTEM/RUNTIME/runtime_law_preservation_checklist.docx,docx,36841,1,0d30c076932b8cc44a90f4b796f0de7c56660af3fd54908d87d287b81d852810,payload
WRITING_ARCHITECT.zip!WRITING_ARCHITECT/Module writing/WRITING_SYSTEM.zip!__MACOSX/WRITING_SYSTEM/RUNTIME/._runtime_law_preservation_checklist.docx,docx,219,1,183d5f9ccea67024dcb7092db8834c69e7c17eabb356a6f322b8cc5b5563dfc0,packaging
WRITING_ARCHITECT.zip!WRITING_ARCHITECT/Module writing/WRITING_SYSTEM.zip!WRITING_SYSTEM/RUNTIME/runtime_engine_registry.docx,docx,37989,1,7bd7b1f662ad00fc591f900023e65eac43c55a382d666bd946d38a165fa03510,payload
WRITING_ARCHITECT.zip!WRITING_ARCHITECT/Module writing/WRITING_SYSTEM.zip!__MACOSX/WRITING_SYSTEM/RUNTIME/._runtime_engine_registry.docx,docx,219,1,183d5f9ccea67024dcb7092db8834c69e7c17eabb356a6f322b8cc5b5563dfc0,packaging
WRITING_ARCHITECT.zip!WRITING_ARCHITECT/Module writing/WRITING_SYSTEM.zip!WRITING_SYSTEM/RUNTIME/schema_rollback_records.docx,docx,36891,1,706416a8e371d09c880742419f60a93c8c35162514805fb9200aec0461c99b85,payload
WRITING_ARCHITECT.zip!WRITING_ARCHITECT/Module writing/WRITING_SYSTEM.zip!__MACOSX/WRITING_SYSTEM/RUNTIME/._schema_rollback_records.docx,docx,219,1,183d5f9ccea67024dcb7092db8834c69e7c17eabb356a6f322b8cc5b5563dfc0,packaging
WRITING_ARCHITECT.zip!WRITING_ARCHITECT/Module writing/WRITING_SYSTEM.zip!WRITING_SYSTEM/RUNTIME/schema_overlay_activation_gate_records.docx,docx,36737,1,03c83b1a1cab3d75a5374a47b297dea91714e97f1f28fed55df74972814e34aa,payload
WRITING_ARCHITECT.zip!WRITING_ARCHITECT/Module writing/WRITING_SYSTEM.zip!__MACOSX/WRITING_SYSTEM/RUNTIME/._schema_overlay_activation_gate_records.docx,docx,219,1,183d5f9ccea67024dcb7092db8834c69e7c17eabb356a6f322b8cc5b5563dfc0,packaging
WRITING_ARCHITECT.zip!WRITING_ARCHITECT/Module writing/WRITING_SYSTEM.zip!WRITING_SYSTEM/RUNTIME/schema_baseline_state_records.docx,docx,36905,1,013635f3a9ac2ac5a9df6c2f9c38b9826b1fa39e208ce989ea46e709a370c31a,payload
WRITING_ARCHITECT.zip!WRITING_ARCHITECT/Module writing/WRITING_SYSTEM.zip!__MACOSX/WRITING_SYSTEM/RUNTIME/._schema_baseline_state_records.docx,docx,219,1,183d5f9ccea67024dcb7092db8834c69e7c17eabb356a6f322b8cc5b5563dfc0,packaging
WRITING_ARCHITECT.zip!WRITING_ARCHITECT/Module writing/WRITING_SYSTEM.zip!WRITING_SYSTEM/RUNTIME/schema_law_preservation_records.docx,docx,36721,1,cd6a4ae1e9be7feb4706114899959dcd21fe772bed5ea1e64ffeb0687f0c7a1a,payload
WRITING_ARCHITECT.zip!WRITING_ARCHITECT/Module writing/WRITING_SYSTEM.zip!__MACOSX/WRITING_SYSTEM/RUNTIME/._schema_law_preservation_records.docx,docx,219,1,183d5f9ccea67024dcb7092db8834c69e7c17eabb356a6f322b8cc5b5563dfc0,packaging
WRITING_ARCHITECT.zip!WRITING_ARCHITECT/Module writing/WRITING_SYSTEM.zip!WRITING_SYSTEM/RUNTIME/schema_eval_and_promotion.docx,docx,37150,1,eb3f1ef1eaa2aeb00ecf83d9a283b4682d64fff8a9dc2a12b60147f019d81f1e,payload
WRITING_ARCHITECT.zip!WRITING_ARCHITECT/Module writing/WRITING_SYSTEM.zip!__MACOSX/WRITING_SYSTEM/RUNTIME/._schema_eval_and_promotion.docx,docx,219,1,183d5f9ccea67024dcb7092db8834c69e7c17eabb356a6f322b8cc5b5563dfc0,packaging
WRITING_ARCHITECT.zip!WRITING_ARCHITECT/Module writing/WRITING_SYSTEM.zip!WRITING_SYSTEM/RUNTIME/runtime_approval_matrix.docx,docx,37880,1,4c5937fc1490ce52a5552678ea82ab68757f72a2952f6aa196e617745b05925a,payload
WRITING_ARCHITECT.zip!WRITING_ARCHITECT/Module writing/WRITING_SYSTEM.zip!__MACOSX/WRITING_SYSTEM/RUNTIME/._runtime_approval_matrix.docx,docx,219,1,183d5f9ccea67024dcb7092db8834c69e7c17eabb356a6f322b8cc5b5563dfc0,packaging
WRITING_ARCHITECT.zip!WRITING_ARCHITECT/Module writing/WRITING_SYSTEM.zip!WRITING_SYSTEM/RUNTIME/runtime_recovery_routing.docx,docx,37525,1,a176ed8eb35ab4cfe6aecff40213118cc557d7a3de1efecd8d3b36a2d392f3c7,payload
WRITING_ARCHITECT.zip!WRITING_ARCHITECT/Module writing/WRITING_SYSTEM.zip!__MACOSX/WRITING_SYSTEM/RUNTIME/._runtime_recovery_routing.docx,docx,219,1,183d5f9ccea67024dcb7092db8834c69e7c17eabb356a6f322b8cc5b5563dfc0,packaging
WRITING_ARCHITECT.zip!WRITING_ARCHITECT/Module writing/WRITING_SYSTEM.zip!WRITING_SYSTEM/RUNTIME/runtime_parity_verification_policy.docx,docx,37167,1,f428b03d5e16fb3a68bfea446841fe8612eadc86e24d1d285c25b34c0fc32558,payload
WRITING_ARCHITECT.zip!WRITING_ARCHITECT/Module writing/WRITING_SYSTEM.zip!__MACOSX/WRITING_SYSTEM/RUNTIME/._runtime_parity_verification_policy.docx,docx,219,1,183d5f9ccea67024dcb7092db8834c69e7c17eabb356a6f322b8cc5b5563dfc0,packaging
WRITING_ARCHITECT.zip!WRITING_ARCHITECT/Module writing/WRITING_SYSTEM.zip!WRITING_SYSTEM/RUNTIME/schema_parity_verification_records.docx,docx,36730,1,c4d80add569dd0fb585256a88618612182aa34c0eb0a974c7e36b622676f0b62,payload
WRITING_ARCHITECT.zip!WRITING_ARCHITECT/Module writing/WRITING_SYSTEM.zip!__MACOSX/WRITING_SYSTEM/RUNTIME/._schema_parity_verification_records.docx,docx,219,1,183d5f9ccea67024dcb7092db8834c69e7c17eabb356a6f322b8cc5b5563dfc0,packaging
WRITING_ARCHITECT.zip!WRITING_ARCHITECT/Module writing/WRITING_SYSTEM.zip!WRITING_SYSTEM/RUNTIME/runtime_promotion_control_matrix.docx,docx,37795,1,47d932f5d1cba1b3712d2d9e1297af8d1da0486a526a7bc2bb97b653baf20919,payload
WRITING_ARCHITECT.zip!WRITING_ARCHITECT/Module writing/WRITING_SYSTEM.zip!__MACOSX/WRITING_SYSTEM/RUNTIME/._runtime_promotion_control_matrix.docx,docx,219,1,183d5f9ccea67024dcb7092db8834c69e7c17eabb356a6f322b8cc5b5563dfc0,packaging
WRITING_ARCHITECT.zip!WRITING_ARCHITECT/Module writing/WRITING_SYSTEM.zip!WRITING_SYSTEM/RUNTIME/runtime_failure_injection_map.docx,docx,36956,1,13beea99c648c98dc6353425c2a7c70cdb7071f0218c80f014e1cf9982753f8a,payload
WRITING_ARCHITECT.zip!WRITING_ARCHITECT/Module writing/WRITING_SYSTEM.zip!__MACOSX/WRITING_SYSTEM/RUNTIME/._runtime_failure_injection_map.docx,docx,219,1,183d5f9ccea67024dcb7092db8834c69e7c17eabb356a6f322b8cc5b5563dfc0,packaging
WRITING_ARCHITECT.zip!WRITING_ARCHITECT/Module writing/WRITING_SYSTEM.zip!WRITING_SYSTEM/RUNTIME/schema_go_no_go_records.docx,docx,36746,1,babf45c62f9156117ac31711eb5f1e9b9576a7970c6f805b14ff939d1521e346,payload
WRITING_ARCHITECT.zip!WRITING_ARCHITECT/Module writing/WRITING_SYSTEM.zip!__MACOSX/WRITING_SYSTEM/RUNTIME/._schema_go_no_go_records.docx,docx,219,1,183d5f9ccea67024dcb7092db8834c69e7c17eabb356a6f322b8cc5b5563dfc0,packaging
WRITING_ARCHITECT.zip!WRITING_ARCHITECT/Module writing/WRITING_SYSTEM.zip!WRITING_SYSTEM/RUNTIME/NEXT_ACTION_TEMPLATE.txt,txt,37,1,6a1d633f89d7e5f2c18796affc42f441256209f6e25b735e1f785e8676c3cec9,payload
WRITING_ARCHITECT.zip!WRITING_ARCHITECT/Module writing/WRITING_SYSTEM.zip!__MACOSX/WRITING_SYSTEM/RUNTIME/._NEXT_ACTION_TEMPLATE.txt,txt,219,1,183d5f9ccea67024dcb7092db8834c69e7c17eabb356a6f322b8cc5b5563dfc0,packaging
WRITING_ARCHITECT.zip!WRITING_ARCHITECT/Module writing/WRITING_SYSTEM.zip!WRITING_SYSTEM/RUNTIME/schema_live_test_scenario_records.docx,docx,36749,1,b48b53a39884798ff54a502fa921e4b45ef09743d9cee84075d8320468531506,payload
WRITING_ARCHITECT.zip!WRITING_ARCHITECT/Module writing/WRITING_SYSTEM.zip!__MACOSX/WRITING_SYSTEM/RUNTIME/._schema_live_test_scenario_records.docx,docx,219,1,183d5f9ccea67024dcb7092db8834c69e7c17eabb356a6f322b8cc5b5563dfc0,packaging
WRITING_ARCHITECT.zip!WRITING_ARCHITECT/Module writing/WRITING_SYSTEM.zip!WRITING_SYSTEM/RUNTIME/runtime_trace_event_map.docx,docx,37789,1,1d659c77da0f64f0783c77721cdf8e3ca76781449bd6708dfa25cf71e3bc9d53,payload
WRITING_ARCHITECT.zip!WRITING_ARCHITECT/Module writing/WRITING_SYSTEM.zip!__MACOSX/WRITING_SYSTEM/RUNTIME/._runtime_trace_event_map.docx,docx,219,1,183d5f9ccea67024dcb7092db8834c69e7c17eabb356a6f322b8cc5b5563dfc0,packaging
WRITING_ARCHITECT.zip!WRITING_ARCHITECT/Module writing/WRITING_SYSTEM.zip!WRITING_SYSTEM/RUNTIME/schema_engine_equivalence_records.docx,docx,36727,1,cf467d6da8682e35c57ec5213ddb4e271487ba83254025f4638759e72f47de9c,payload
WRITING_ARCHITECT.zip!WRITING_ARCHITECT/Module writing/WRITING_SYSTEM.zip!__MACOSX/WRITING_SYSTEM/RUNTIME/._schema_engine_equivalence_records.docx,docx,219,1,183d5f9ccea67024dcb7092db8834c69e7c17eabb356a6f322b8cc5b5563dfc0,packaging
WRITING_ARCHITECT.zip!WRITING_ARCHITECT/Module writing/WRITING_SYSTEM.zip!WRITING_SYSTEM/RUNTIME/runtime_rollback_matrix.docx,docx,37564,1,2f4989392bd2cff0c8a5dfdccf1e9ff26e2fb9bf29da4868d81a1711584544c1,payload
WRITING_ARCHITECT.zip!WRITING_ARCHITECT/Module writing/WRITING_SYSTEM.zip!__MACOSX/WRITING_SYSTEM/RUNTIME/._runtime_rollback_matrix.docx,docx,219,1,183d5f9ccea67024dcb7092db8834c69e7c17eabb356a6f322b8cc5b5563dfc0,packaging
WRITING_ARCHITECT.zip!WRITING_ARCHITECT/Module writing/WRITING_SYSTEM.zip!WRITING_SYSTEM/RUNTIME/schema_shadow_mode_run_records.docx,docx,36923,1,a3ff8bc8aff9f757a4db0beb4de472c392ef239b75febd8fcd4f425c8f225ddb,payload
WRITING_ARCHITECT.zip!WRITING_ARCHITECT/Module writing/WRITING_SYSTEM.zip!__MACOSX/WRITING_SYSTEM/RUNTIME/._schema_shadow_mode_run_records.docx,docx,219,1,183d5f9ccea67024dcb7092db8834c69e7c17eabb356a6f322b8cc5b5563dfc0,packaging
WRITING_ARCHITECT.zip!WRITING_ARCHITECT/Module writing/WRITING_SYSTEM.zip!WRITING_SYSTEM/RUNTIME/schema_live_validation_run_records.docx,docx,36764,1,1f0ee3803ccb187d20667aa5911283fb18f0f9aff7e58430d3ca18750e47fa2b,payload
WRITING_ARCHITECT.zip!WRITING_ARCHITECT/Module writing/WRITING_SYSTEM.zip!__MACOSX/WRITING_SYSTEM/RUNTIME/._schema_live_validation_run_records.docx,docx,219,1,183d5f9ccea67024dcb7092db8834c69e7c17eabb356a6f322b8cc5b5563dfc0,packaging
WRITING_ARCHITECT.zip!WRITING_ARCHITECT/Module writing/WRITING_SYSTEM.zip!WRITING_SYSTEM/RUNTIME/schema_runtime_checkpoint_records.docx,docx,36919,1,5ebe1b8458c7418af7e666a324d2947c5bae1e19faa0658c8d05c88577f74e97,payload
WRITING_ARCHITECT.zip!WRITING_ARCHITECT/Module writing/WRITING_SYSTEM.zip!__MACOSX/WRITING_SYSTEM/RUNTIME/._schema_runtime_checkpoint_records.docx,docx,219,1,183d5f9ccea67024dcb7092db8834c69e7c17eabb356a6f322b8cc5b5563dfc0,packaging
WRITING_ARCHITECT.zip!WRITING_ARCHITECT/Module writing/WRITING_SYSTEM.zip!WRITING_SYSTEM/RUNTIME/runtime_parity_map.docx,docx,37702,1,475cc8d0d79073520877027e66963eed33a7ce65eb324bda0a98ff08473fc7b6,payload
WRITING_ARCHITECT.zip!WRITING_ARCHITECT/Module writing/WRITING_SYSTEM.zip!__MACOSX/WRITING_SYSTEM/RUNTIME/._runtime_parity_map.docx,docx,219,1,183d5f9ccea67024dcb7092db8834c69e7c17eabb356a6f322b8cc5b5563dfc0,packaging
WRITING_ARCHITECT.zip!WRITING_ARCHITECT/Module writing/WRITING_SYSTEM.zip!WRITING_SYSTEM/RUNTIME/schema_promotion_control_records.docx,docx,36906,1,c6999efa84fbe0eb4429a4613149ecc05a8b807df3da9b5380ff6efd313e8047,payload
WRITING_ARCHITECT.zip!WRITING_ARCHITECT/Module writing/WRITING_SYSTEM.zip!__MACOSX/WRITING_SYSTEM/RUNTIME/._schema_promotion_control_records.docx,docx,219,1,183d5f9ccea67024dcb7092db8834c69e7c17eabb356a6f322b8cc5b5563dfc0,packaging
WRITING_ARCHITECT.zip!WRITING_ARCHITECT/Module writing/WRITING_SYSTEM.zip!WRITING_SYSTEM/RUNTIME/runtime_approval_trace_map.docx,docx,37514,1,34f1eea9bca67e4d468490c966932c3195766d5d1d3c8f877295b5c0d0d67c68,payload
WRITING_ARCHITECT.zip!WRITING_ARCHITECT/Module writing/WRITING_SYSTEM.zip!__MACOSX/WRITING_SYSTEM/RUNTIME/._runtime_approval_trace_map.docx,docx,219,1,183d5f9ccea67024dcb7092db8834c69e7c17eabb356a6f322b8cc5b5563dfc0,packaging
WRITING_ARCHITECT.zip!WRITING_ARCHITECT/Module writing/WRITING_SYSTEM.zip!WRITING_SYSTEM/RUNTIME/runtime_checkpoint_policy.docx,docx,37671,1,e9de23594b4e6f87ee93cc185725f8ebd9cad2f82de32bdc1ac09694febc1474,payload
WRITING_ARCHITECT.zip!WRITING_ARCHITECT/Module writing/WRITING_SYSTEM.zip!__MACOSX/WRITING_SYSTEM/RUNTIME/._runtime_checkpoint_policy.docx,docx,219,1,183d5f9ccea67024dcb7092db8834c69e7c17eabb356a6f322b8cc5b5563dfc0,packaging
WRITING_ARCHITECT.zip!WRITING_ARCHITECT/Module writing/WRITING_SYSTEM.zip!WRITING_SYSTEM/RUNTIME/schema_failure_injection_records.docx,docx,36748,1,7d9ee94c88736a80f83600360acd08f84873c142e511cbd20bf8cc6b85966c29,payload
WRITING_ARCHITECT.zip!WRITING_ARCHITECT/Module writing/WRITING_SYSTEM.zip!__MACOSX/WRITING_SYSTEM/RUNTIME/._schema_failure_injection_records.docx,docx,219,1,183d5f9ccea67024dcb7092db8834c69e7c17eabb356a6f322b8cc5b5563dfc0,packaging
WRITING_ARCHITECT.zip!WRITING_ARCHITECT/Module writing/WRITING_SYSTEM.zip!WRITING_SYSTEM/RUNTIME/schema_failure_state_records.docx,docx,36906,1,434fc305ffcbf31fa7759884095e80e203c9ad5b77f4aa36208d3e2f52f81a5e,payload
WRITING_ARCHITECT.zip!WRITING_ARCHITECT/Module writing/WRITING_SYSTEM.zip!__MACOSX/WRITING_SYSTEM/RUNTIME/._schema_failure_state_records.docx,docx,219,1,183d5f9ccea67024dcb7092db8834c69e7c17eabb356a6f322b8cc5b5563dfc0,packaging
WRITING_ARCHITECT.zip!WRITING_ARCHITECT/Module writing/WRITING_SYSTEM.zip!WRITING_SYSTEM/RUNTIME/runtime_handoff_rules.docx,docx,37786,1,ef1695eaff668b5d1d1bc9f54f66a059536c234e1460c234251ba58ed87c6336,payload
WRITING_ARCHITECT.zip!WRITING_ARCHITECT/Module writing/WRITING_SYSTEM.zip!__MACOSX/WRITING_SYSTEM/RUNTIME/._runtime_handoff_rules.docx,docx,219,1,183d5f9ccea67024dcb7092db8834c69e7c17eabb356a6f322b8cc5b5563dfc0,packaging
WRITING_ARCHITECT.zip!WRITING_ARCHITECT/Module writing/WRITING_SYSTEM.zip!WRITING_SYSTEM/RUNTIME/schema_failure_observation_records.docx,docx,36904,1,1ea2b070ef4db288965389bdac509880f8e938bc3fc6bdb1541a7f808aa6c0cc,payload
WRITING_ARCHITECT.zip!WRITING_ARCHITECT/Module writing/WRITING_SYSTEM.zip!__MACOSX/WRITING_SYSTEM/RUNTIME/._schema_failure_observation_records.docx,docx,219,1,183d5f9ccea67024dcb7092db8834c69e7c17eabb356a6f322b8cc5b5563dfc0,packaging
WRITING_ARCHITECT.zip!WRITING_ARCHITECT/Module writing/WRITING_SYSTEM.zip!WRITING_SYSTEM/RUNTIME/schema_approval_trace_records.docx,docx,36912,1,505fe3c315c07e4b5951095ff2a648625d098b8389625654727a631a1f43186b,payload
WRITING_ARCHITECT.zip!WRITING_ARCHITECT/Module writing/WRITING_SYSTEM.zip!__MACOSX/WRITING_SYSTEM/RUNTIME/._schema_approval_trace_records.docx,docx,219,1,183d5f9ccea67024dcb7092db8834c69e7c17eabb356a6f322b8cc5b5563dfc0,packaging
WRITING_ARCHITECT.zip!WRITING_ARCHITECT/Module writing/WRITING_SYSTEM.zip!WRITING_SYSTEM/RELIABILITY_LAYER/RUNTIME_RELIABILITY_INTEGRATION_RULES.docx,docx,37759,1,1c4b7bd0235561baeb3f313eeaf22cda4da1bc939ef9a625205e432b1e9ca5dd,payload
WRITING_ARCHITECT.zip!WRITING_ARCHITECT/Module writing/WRITING_SYSTEM.zip!__MACOSX/WRITING_SYSTEM/RELIABILITY_LAYER/._RUNTIME_RELIABILITY_INTEGRATION_RULES.docx,docx,219,1,183d5f9ccea67024dcb7092db8834c69e7c17eabb356a6f322b8cc5b5563dfc0,packaging
WRITING_ARCHITECT.zip!WRITING_ARCHITECT/Module writing/WRITING_SYSTEM.zip!WRITING_SYSTEM/RELIABILITY_LAYER/ARTIFACT_FINGERPRINT_LAYER.docx,docx,37278,1,fbd980800938db019b4b53354247ef121c66717503fdb6680af9a084d3d8beab,payload
WRITING_ARCHITECT.zip!WRITING_ARCHITECT/Module writing/WRITING_SYSTEM.zip!__MACOSX/WRITING_SYSTEM/RELIABILITY_LAYER/._ARTIFACT_FINGERPRINT_LAYER.docx,docx,219,1,183d5f9ccea67024dcb7092db8834c69e7c17eabb356a6f322b8cc5b5563dfc0,packaging
WRITING_ARCHITECT.zip!WRITING_ARCHITECT/Module writing/WRITING_SYSTEM.zip!WRITING_SYSTEM/RELIABILITY_LAYER/BAND_POST_MERGE_VALIDATION.docx,docx,37352,1,af9ffce04b731a8e961a13bd5031e06caff751682b3127ab74e903e926c491d0,payload
WRITING_ARCHITECT.zip!WRITING_ARCHITECT/Module writing/WRITING_SYSTEM.zip!__MACOSX/WRITING_SYSTEM/RELIABILITY_LAYER/._BAND_POST_MERGE_VALIDATION.docx,docx,219,1,183d5f9ccea67024dcb7092db8834c69e7c17eabb356a6f322b8cc5b5563dfc0,packaging
WRITING_ARCHITECT.zip!WRITING_ARCHITECT/Module writing/WRITING_SYSTEM.zip!WRITING_SYSTEM/RELIABILITY_LAYER/BAND_EDIT_PACKET_SCHEMA.docx,docx,37620,1,1cfcd1af43f90b24321ac1c30d927ed63356f3cd1c2c2cda38d9cd03204c274d,payload
WRITING_ARCHITECT.zip!WRITING_ARCHITECT/Module writing/WRITING_SYSTEM.zip!__MACOSX/WRITING_SYSTEM/RELIABILITY_LAYER/._BAND_EDIT_PACKET_SCHEMA.docx,docx,219,1,183d5f9ccea67024dcb7092db8834c69e7c17eabb356a6f322b8cc5b5563dfc0,packaging
WRITING_ARCHITECT.zip!WRITING_ARCHITECT/Module writing/WRITING_SYSTEM.zip!WRITING_SYSTEM/RELIABILITY_LAYER/TYPED_RUNTIME_STATE_SCHEMA.docx,docx,37736,1,e342b974f7c4e36e85ea0c64da9f125a8c248ceff51652077b3a382b6c774690,payload
WRITING_ARCHITECT.zip!WRITING_ARCHITECT/Module writing/WRITING_SYSTEM.zip!__MACOSX/WRITING_SYSTEM/RELIABILITY_LAYER/._TYPED_RUNTIME_STATE_SCHEMA.docx,docx,219,1,183d5f9ccea67024dcb7092db8834c69e7c17eabb356a6f322b8cc5b5563dfc0,packaging
WRITING_ARCHITECT.zip!WRITING_ARCHITECT/Module writing/WRITING_SYSTEM.zip!WRITING_SYSTEM/RELIABILITY_LAYER/CONTEXT_BUDGET_CONTROLLER.docx,docx,37314,1,a51201ed54db877ada507e7ef58a6509eae07ff34356ebd4603f1dcace1370f2,payload
WRITING_ARCHITECT.zip!WRITING_ARCHITECT/Module writing/WRITING_SYSTEM.zip!__MACOSX/WRITING_SYSTEM/RELIABILITY_LAYER/._CONTEXT_BUDGET_CONTROLLER.docx,docx,219,1,183d5f9ccea67024dcb7092db8834c69e7c17eabb356a6f322b8cc5b5563dfc0,packaging
WRITING_ARCHITECT.zip!WRITING_ARCHITECT/Module writing/WRITING_SYSTEM.zip!WRITING_SYSTEM/RELIABILITY_LAYER/REGRESSION_TEST_PACKS.docx,docx,37333,1,b399dcfcbeb40128d7928258d385b20f8026ef0a19199aee36b52ffa5bfa96ab,payload
WRITING_ARCHITECT.zip!WRITING_ARCHITECT/Module writing/WRITING_SYSTEM.zip!__MACOSX/WRITING_SYSTEM/RELIABILITY_LAYER/._REGRESSION_TEST_PACKS.docx,docx,219,1,183d5f9ccea67024dcb7092db8834c69e7c17eabb356a6f322b8cc5b5563dfc0,packaging
WRITING_ARCHITECT.zip!WRITING_ARCHITECT/Module writing/WRITING_SYSTEM.zip!WRITING_SYSTEM/RELIABILITY_LAYER/CHECKPOINT_REGISTRY_LAYER.docx,docx,37572,1,3ab17cc04c0e2c42f2a98651f0354fb64dfb05ae0c8be31cfce8558d9d112411,payload
WRITING_ARCHITECT.zip!WRITING_ARCHITECT/Module writing/WRITING_SYSTEM.zip!__MACOSX/WRITING_SYSTEM/RELIABILITY_LAYER/._CHECKPOINT_REGISTRY_LAYER.docx,docx,219,1,183d5f9ccea67024dcb7092db8834c69e7c17eabb356a6f322b8cc5b5563dfc0,packaging
WRITING_ARCHITECT.zip!WRITING_ARCHITECT/Module writing/WRITING_SYSTEM.zip!WRITING_SYSTEM/RELIABILITY_LAYER/EVALUATION_GATE_LAYER.docx,docx,37087,1,f7506f3875b3d839b375bfe5e3012f09eec13dd83eb17609b65202f6f963144f,payload
WRITING_ARCHITECT.zip!WRITING_ARCHITECT/Module writing/WRITING_SYSTEM.zip!__MACOSX/WRITING_SYSTEM/RELIABILITY_LAYER/._EVALUATION_GATE_LAYER.docx,docx,219,1,183d5f9ccea67024dcb7092db8834c69e7c17eabb356a6f322b8cc5b5563dfc0,packaging
WRITING_ARCHITECT.zip!WRITING_ARCHITECT/Module writing/WRITING_SYSTEM.zip!WRITING_SYSTEM/RELIABILITY_LAYER/BAND_EXTRACTION_CONTROL_LAYER.docx,docx,37494,1,13d7aa5cda076c4ef445451b0cd505d3b53630e988a7dadd6a1605eb0b937568,payload
WRITING_ARCHITECT.zip!WRITING_ARCHITECT/Module writing/WRITING_SYSTEM.zip!__MACOSX/WRITING_SYSTEM/RELIABILITY_LAYER/._BAND_EXTRACTION_CONTROL_LAYER.docx,docx,219,1,183d5f9ccea67024dcb7092db8834c69e7c17eabb356a6f322b8cc5b5563dfc0,packaging
WRITING_ARCHITECT.zip!WRITING_ARCHITECT/Module writing/WRITING_SYSTEM.zip!WRITING_SYSTEM/RELIABILITY_LAYER/PROMOTION_GATE_HARDENING_LAYER.docx,docx,37479,1,11d20521a3b77bca3289605cd408534172d2e1422a8edfada6be78a1bb1aab61,payload
WRITING_ARCHITECT.zip!WRITING_ARCHITECT/Module writing/WRITING_SYSTEM.zip!__MACOSX/WRITING_SYSTEM/RELIABILITY_LAYER/._PROMOTION_GATE_HARDENING_LAYER.docx,docx,219,1,183d5f9ccea67024dcb7092db8834c69e7c17eabb356a6f322b8cc5b5563dfc0,packaging
WRITING_ARCHITECT.zip!WRITING_ARCHITECT/Module writing/WRITING_SYSTEM.zip!WRITING_SYSTEM/RELIABILITY_LAYER/ARTIFACT_LINEAGE_LAYER.docx,docx,37528,1,ab9269cb285d369c9b2bf7a5adcb04eb33a31cc53bb73d971ce6b0aabe34235b,payload
WRITING_ARCHITECT.zip!WRITING_ARCHITECT/Module writing/WRITING_SYSTEM.zip!__MACOSX/WRITING_SYSTEM/RELIABILITY_LAYER/._ARTIFACT_LINEAGE_LAYER.docx,docx,219,1,183d5f9ccea67024dcb7092db8834c69e7c17eabb356a6f322b8cc5b5563dfc0,packaging
WRITING_ARCHITECT.zip!WRITING_ARCHITECT/Module writing/WRITING_SYSTEM.zip!WRITING_SYSTEM/RELIABILITY_LAYER/DISPLAY_ROUTING_LAYER.docx,docx,37440,1,9326769972d16d2107a3dc00e05bde5a50d0c72a96fb964247aad2714c2ad201,payload
WRITING_ARCHITECT.zip!WRITING_ARCHITECT/Module writing/WRITING_SYSTEM.zip!__MACOSX/WRITING_SYSTEM/RELIABILITY_LAYER/._DISPLAY_ROUTING_LAYER.docx,docx,219,1,183d5f9ccea67024dcb7092db8834c69e7c17eabb356a6f322b8cc5b5563dfc0,packaging
WRITING_ARCHITECT.zip!WRITING_ARCHITECT/Module writing/WRITING_SYSTEM.zip!WRITING_SYSTEM/RELIABILITY_LAYER/BAND_REINTEGRATION_RULES.docx,docx,37451,1,a1823de52b64f92a3994ae32d4422cf4ec5695d6066070b24cf4d483eaaf7524,payload
WRITING_ARCHITECT.zip!WRITING_ARCHITECT/Module writing/WRITING_SYSTEM.zip!__MACOSX/WRITING_SYSTEM/RELIABILITY_LAYER/._BAND_REINTEGRATION_RULES.docx,docx,219,1,183d5f9ccea67024dcb7092db8834c69e7c17eabb356a6f322b8cc5b5563dfc0,packaging
WRITING_ARCHITECT.zip!WRITING_ARCHITECT/Module writing/WRITING_SYSTEM.zip!WRITING_SYSTEM/STORY_SYSTEM/STORY_BIBLE_ACTIVE.docx,docx,36640,1,fcf699e5dc4a3e7cec1272a6f230a7adb9d779ca9cab5b893b221e1df27cd3bb,payload
WRITING_ARCHITECT.zip!WRITING_ARCHITECT/Module writing/WRITING_SYSTEM.zip!__MACOSX/WRITING_SYSTEM/STORY_SYSTEM/._STORY_BIBLE_ACTIVE.docx,docx,219,1,183d5f9ccea67024dcb7092db8834c69e7c17eabb356a6f322b8cc5b5563dfc0,packaging
WRITING_ARCHITECT.zip!WRITING_ARCHITECT/Module writing/WRITING_SYSTEM.zip!WRITING_SYSTEM/STORY_SYSTEM/STORY_BIBLE_MASTER__1.docx,docx,37840,1,bd44c618a21e2fa14bce67780473c9b9ca6e3672baf60ba0740652532dabe040,payload
WRITING_ARCHITECT.zip!WRITING_ARCHITECT/Module writing/WRITING_SYSTEM.zip!__MACOSX/WRITING_SYSTEM/STORY_SYSTEM/._STORY_BIBLE_MASTER__1.docx,docx,219,1,183d5f9ccea67024dcb7092db8834c69e7c17eabb356a6f322b8cc5b5563dfc0,packaging
WRITING_ARCHITECT.zip!WRITING_ARCHITECT/Module writing/WRITING_SYSTEM.zip!WRITING_SYSTEM/STORY_SYSTEM/STORY_BIBLE_VALIDATION_RULES.docx,docx,36649,1,144fe58f28048eaaff01f039ba69624fea571bb218c70576f2033f0340bbc7fd,payload
WRITING_ARCHITECT.zip!WRITING_ARCHITECT/Module writing/WRITING_SYSTEM.zip!__MACOSX/WRITING_SYSTEM/STORY_SYSTEM/._STORY_BIBLE_VALIDATION_RULES.docx,docx,219,1,183d5f9ccea67024dcb7092db8834c69e7c17eabb356a6f322b8cc5b5563dfc0,packaging
WRITING_ARCHITECT.zip!WRITING_ARCHITECT/Module writing/WRITING_SYSTEM.zip!WRITING_SYSTEM/STORY_SYSTEM/CHAPTER_BLUEPRINT_SCHEMA.docx,docx,36645,1,4005634d35030334c78221100084c516703ccea28c373481f99191ec55f76398,payload
WRITING_ARCHITECT.zip!WRITING_ARCHITECT/Module writing/WRITING_SYSTEM.zip!__MACOSX/WRITING_SYSTEM/STORY_SYSTEM/._CHAPTER_BLUEPRINT_SCHEMA.docx,docx,219,1,183d5f9ccea67024dcb7092db8834c69e7c17eabb356a6f322b8cc5b5563dfc0,packaging
WRITING_ARCHITECT.zip!WRITING_ARCHITECT/Module writing/WRITING_SYSTEM.zip!WRITING_SYSTEM/STORY_SYSTEM/HARD_ENFORCEMENT_LAYER.docx,docx,36949,1,a9bcbd03b2cf5c3e2a428faa647a9c4c83e6ad66799d5fe6f0ae870445585c30,payload
WRITING_ARCHITECT.zip!WRITING_ARCHITECT/Module writing/WRITING_SYSTEM.zip!__MACOSX/WRITING_SYSTEM/STORY_SYSTEM/._HARD_ENFORCEMENT_LAYER.docx,docx,219,1,183d5f9ccea67024dcb7092db8834c69e7c17eabb356a6f322b8cc5b5563dfc0,packaging
WRITING_ARCHITECT.zip!WRITING_ARCHITECT/Module writing/WRITING_SYSTEM.zip!WRITING_SYSTEM/STORY_SYSTEM/POV_INTERPRETATION_LOCK.docx,docx,36768,1,7e35c9ac76b39ad95d09b9704dd4daaa72765dda98b646051198eb2cc6690cbb,payload
WRITING_ARCHITECT.zip!WRITING_ARCHITECT/Module writing/WRITING_SYSTEM.zip!__MACOSX/WRITING_SYSTEM/STORY_SYSTEM/._POV_INTERPRETATION_LOCK.docx,docx,219,1,183d5f9ccea67024dcb7092db8834c69e7c17eabb356a6f322b8cc5b5563dfc0,packaging
WRITING_ARCHITECT.zip!WRITING_ARCHITECT/Module writing/WRITING_SYSTEM.zip!WRITING_SYSTEM/STORY_SYSTEM/ENFORCEMENT_INTEGRATION_RULES.docx,docx,36820,1,e9f1e4c876d03da239fa59b0707b8563a06c44b5ebc2948fc68be871cf86804b,payload
WRITING_ARCHITECT.zip!WRITING_ARCHITECT/Module writing/WRITING_SYSTEM.zip!__MACOSX/WRITING_SYSTEM/STORY_SYSTEM/._ENFORCEMENT_INTEGRATION_RULES.docx,docx,219,1,183d5f9ccea67024dcb7092db8834c69e7c17eabb356a6f322b8cc5b5563dfc0,packaging
WRITING_ARCHITECT.zip!WRITING_ARCHITECT/Module writing/WRITING_SYSTEM.zip!WRITING_SYSTEM/STORY_SYSTEM/CHAPTER_CONTINUITY_LINK_MAP__1.docx,docx,37238,1,11b87d4c6f6299a1228f7749f9dbfdf23703eddfa05ff3ccba2e8c7f3c4e8ca9,payload
WRITING_ARCHITECT.zip!WRITING_ARCHITECT/Module writing/WRITING_SYSTEM.zip!__MACOSX/WRITING_SYSTEM/STORY_SYSTEM/._CHAPTER_CONTINUITY_LINK_MAP__1.docx,docx,219,1,183d5f9ccea67024dcb7092db8834c69e7c17eabb356a6f322b8cc5b5563dfc0,packaging
WRITING_ARCHITECT.zip!WRITING_ARCHITECT/Module writing/WRITING_SYSTEM.zip!WRITING_SYSTEM/STORY_SYSTEM/STORY_BIBLE_UPDATE_POLICY.docx,docx,36646,1,b351c6837776ae8d43d90a606b2f93a62d2547a6e24e785b09bf2cf8dcabd0a4,payload
WRITING_ARCHITECT.zip!WRITING_ARCHITECT/Module writing/WRITING_SYSTEM.zip!__MACOSX/WRITING_SYSTEM/STORY_SYSTEM/._STORY_BIBLE_UPDATE_POLICY.docx,docx,219,1,183d5f9ccea67024dcb7092db8834c69e7c17eabb356a6f322b8cc5b5563dfc0,packaging
WRITING_ARCHITECT.zip!WRITING_ARCHITECT/Module writing/WRITING_SYSTEM.zip!WRITING_SYSTEM/STORY_SYSTEM/MIDPOINT_PIVOT_RULE.docx,docx,36766,1,94fdc10dcd90336d6412ac59bacde021ee9afd33f1814a8588fd85ecc5967ec5,payload
WRITING_ARCHITECT.zip!WRITING_ARCHITECT/Module writing/WRITING_SYSTEM.zip!__MACOSX/WRITING_SYSTEM/STORY_SYSTEM/._MIDPOINT_PIVOT_RULE.docx,docx,219,1,183d5f9ccea67024dcb7092db8834c69e7c17eabb356a6f322b8cc5b5563dfc0,packaging
WRITING_ARCHITECT.zip!WRITING_ARCHITECT/Module writing/WRITING_SYSTEM.zip!WRITING_SYSTEM/STORY_SYSTEM/VERIFIED_EXTRACTION_LAYER.docx,docx,37406,1,7fd3c5546000d429f60cbcc804031cb69e4d0eb7f5bafe6838cff37b7d6f951f,payload
WRITING_ARCHITECT.zip!WRITING_ARCHITECT/Module writing/WRITING_SYSTEM.zip!__MACOSX/WRITING_SYSTEM/STORY_SYSTEM/._VERIFIED_EXTRACTION_LAYER.docx,docx,219,1,183d5f9ccea67024dcb7092db8834c69e7c17eabb356a6f322b8cc5b5563dfc0,packaging
WRITING_ARCHITECT.zip!WRITING_ARCHITECT/Module writing/WRITING_SYSTEM.zip!WRITING_SYSTEM/STORY_SYSTEM/STORY_BIBLE_SCHEMA__1.docx,docx,37616,1,2099088bb220cbc5e5a779e81c6d353e2e814af9cb7b743b61e5e10a4d01118e,payload
WRITING_ARCHITECT.zip!WRITING_ARCHITECT/Module writing/WRITING_SYSTEM.zip!__MACOSX/WRITING_SYSTEM/STORY_SYSTEM/._STORY_BIBLE_SCHEMA__1.docx,docx,219,1,183d5f9ccea67024dcb7092db8834c69e7c17eabb356a6f322b8cc5b5563dfc0,packaging
WRITING_ARCHITECT.zip!WRITING_ARCHITECT/Module writing/WRITING_SYSTEM.zip!WRITING_SYSTEM/STORY_SYSTEM/PATCH_SOURCE_LOCK_RULES.docx,docx,37234,1,94f73daf99739bc0d22d3971dfe3d21af45988fdba677be5ece9876e1bff7bda,payload
WRITING_ARCHITECT.zip!WRITING_ARCHITECT/Module writing/WRITING_SYSTEM.zip!__MACOSX/WRITING_SYSTEM/STORY_SYSTEM/._PATCH_SOURCE_LOCK_RULES.docx,docx,219,1,183d5f9ccea67024dcb7092db8834c69e7c17eabb356a6f322b8cc5b5563dfc0,packaging
WRITING_ARCHITECT.zip!WRITING_ARCHITECT/Module writing/WRITING_SYSTEM.zip!WRITING_SYSTEM/STORY_SYSTEM/CHAPTER_BLUEPRINT_SCHEMA__1.docx,docx,37229,1,ce3532400b08270cf1e60204f5c6701b6858481d3461507e77133dd2778ee103,payload
WRITING_ARCHITECT.zip!WRITING_ARCHITECT/Module writing/WRITING_SYSTEM.zip!__MACOSX/WRITING_SYSTEM/STORY_SYSTEM/._CHAPTER_BLUEPRINT_SCHEMA__1.docx,docx,219,1,183d5f9ccea67024dcb7092db8834c69e7c17eabb356a6f322b8cc5b5563dfc0,packaging
WRITING_ARCHITECT.zip!WRITING_ARCHITECT/Module writing/WRITING_SYSTEM.zip!WRITING_SYSTEM/STORY_SYSTEM/STORY_BIBLE_MASTER.docx,docx,36639,1,65bbb1f4f3b20f5dd709d2ee49a1f3f8555a3f49b5f1c70c03eedb1637a85b1d,payload
WRITING_ARCHITECT.zip!WRITING_ARCHITECT/Module writing/WRITING_SYSTEM.zip!__MACOSX/WRITING_SYSTEM/STORY_SYSTEM/._STORY_BIBLE_MASTER.docx,docx,219,1,183d5f9ccea67024dcb7092db8834c69e7c17eabb356a6f322b8cc5b5563dfc0,packaging
WRITING_ARCHITECT.zip!WRITING_ARCHITECT/Module writing/WRITING_SYSTEM.zip!WRITING_SYSTEM/STORY_SYSTEM/CHAPTER_BLUEPRINT_TEMPLATE.docx,docx,36645,1,d411064c51873770f5d4b9689ff084266af57a737f65897beb49da8a2e9b68aa,payload
WRITING_ARCHITECT.zip!WRITING_ARCHITECT/Module writing/WRITING_SYSTEM.zip!__MACOSX/WRITING_SYSTEM/STORY_SYSTEM/._CHAPTER_BLUEPRINT_TEMPLATE.docx,docx,219,1,183d5f9ccea67024dcb7092db8834c69e7c17eabb356a6f322b8cc5b5563dfc0,packaging
WRITING_ARCHITECT.zip!WRITING_ARCHITECT/Module writing/WRITING_SYSTEM.zip!WRITING_SYSTEM/STORY_SYSTEM/META_INTRUSION_REWRITE_RULES.docx,docx,37338,1,33d455b839eb4eb41e36f7f128b9ea879d10b789d20b0537f648ead39cc64bbf,payload
WRITING_ARCHITECT.zip!WRITING_ARCHITECT/Module writing/WRITING_SYSTEM.zip!__MACOSX/WRITING_SYSTEM/STORY_SYSTEM/._META_INTRUSION_REWRITE_RULES.docx,docx,219,1,183d5f9ccea67024dcb7092db8834c69e7c17eabb356a6f322b8cc5b5563dfc0,packaging
WRITING_ARCHITECT.zip!WRITING_ARCHITECT/Module writing/WRITING_SYSTEM.zip!WRITING_SYSTEM/STORY_SYSTEM/STORY_BIBLE_UPDATE_POLICY__1.docx,docx,37429,1,1112302b8ba079d32fc4cb206568bcef93dc8fd420de513e1dcf53ba7d7bbc01,payload
WRITING_ARCHITECT.zip!WRITING_ARCHITECT/Module writing/WRITING_SYSTEM.zip!__MACOSX/WRITING_SYSTEM/STORY_SYSTEM/._STORY_BIBLE_UPDATE_POLICY__1.docx,docx,219,1,183d5f9ccea67024dcb7092db8834c69e7c17eabb356a6f322b8cc5b5563dfc0,packaging
WRITING_ARCHITECT.zip!WRITING_ARCHITECT/Module writing/WRITING_SYSTEM.zip!WRITING_SYSTEM/STORY_SYSTEM/CHAPTER_CONTINUITY_LINK_MAP.docx,docx,36650,1,99c26850bb5d4cd4945e85a6eb7746a04c1cadc05d94421d14e76d1486bbd509,payload
WRITING_ARCHITECT.zip!WRITING_ARCHITECT/Module writing/WRITING_SYSTEM.zip!__MACOSX/WRITING_SYSTEM/STORY_SYSTEM/._CHAPTER_CONTINUITY_LINK_MAP.docx,docx,219,1,183d5f9ccea67024dcb7092db8834c69e7c17eabb356a6f322b8cc5b5563dfc0,packaging
WRITING_ARCHITECT.zip!WRITING_ARCHITECT/Module writing/WRITING_SYSTEM.zip!WRITING_SYSTEM/STORY_SYSTEM/STORY_SYSTEM_OPERATION_FLOW.docx,docx,36648,1,5607d35a41633ed650684e5741510f1f94f55d00a2bdd4c649fc0dbfafdc0941,payload
WRITING_ARCHITECT.zip!WRITING_ARCHITECT/Module writing/WRITING_SYSTEM.zip!__MACOSX/WRITING_SYSTEM/STORY_SYSTEM/._STORY_SYSTEM_OPERATION_FLOW.docx,docx,219,1,183d5f9ccea67024dcb7092db8834c69e7c17eabb356a6f322b8cc5b5563dfc0,packaging
WRITING_ARCHITECT.zip!WRITING_ARCHITECT/Module writing/WRITING_SYSTEM.zip!WRITING_SYSTEM/STORY_SYSTEM/CHAPTER_BLUEPRINT_TEMPLATE__1.docx,docx,37385,1,8a199e898d5932cb2efed6dfcbc9f11d75a3e05ac8c59ece53cd03fccaf252a5,payload
WRITING_ARCHITECT.zip!WRITING_ARCHITECT/Module writing/WRITING_SYSTEM.zip!__MACOSX/WRITING_SYSTEM/STORY_SYSTEM/._CHAPTER_BLUEPRINT_TEMPLATE__1.docx,docx,219,1,183d5f9ccea67024dcb7092db8834c69e7c17eabb356a6f322b8cc5b5563dfc0,packaging
WRITING_ARCHITECT.zip!WRITING_ARCHITECT/Module writing/WRITING_SYSTEM.zip!WRITING_SYSTEM/STORY_SYSTEM/META_INTEGRITY_CONTROL_LAYER.docx,docx,37197,1,6d59a60701a1047969013bc390c53e30554e95395f2bf21ea7b1ea6bb5396538,payload
WRITING_ARCHITECT.zip!WRITING_ARCHITECT/Module writing/WRITING_SYSTEM.zip!__MACOSX/WRITING_SYSTEM/STORY_SYSTEM/._META_INTEGRITY_CONTROL_LAYER.docx,docx,219,1,183d5f9ccea67024dcb7092db8834c69e7c17eabb356a6f322b8cc5b5563dfc0,packaging
WRITING_ARCHITECT.zip!WRITING_ARCHITECT/Module writing/WRITING_SYSTEM.zip!WRITING_SYSTEM/STORY_SYSTEM/STORY_BIBLE_VALIDATION_RULES__1.docx,docx,37142,1,9f2b86d927848f65082a0b12a22b7dae90090def37266e3200ffa753655b089b,payload
WRITING_ARCHITECT.zip!WRITING_ARCHITECT/Module writing/WRITING_SYSTEM.zip!__MACOSX/WRITING_SYSTEM/STORY_SYSTEM/._STORY_BIBLE_VALIDATION_RULES__1.docx,docx,219,1,183d5f9ccea67024dcb7092db8834c69e7c17eabb356a6f322b8cc5b5563dfc0,packaging
WRITING_ARCHITECT.zip!WRITING_ARCHITECT/Module writing/WRITING_SYSTEM.zip!WRITING_SYSTEM/STORY_SYSTEM/CHAPTER_BLUEPRINT_VALIDATION.docx,docx,36650,1,2b55c6b5605996ba2c332b4284464e716b49aa39c97c52423bd3eb241076cd1b,payload
WRITING_ARCHITECT.zip!WRITING_ARCHITECT/Module writing/WRITING_SYSTEM.zip!__MACOSX/WRITING_SYSTEM/STORY_SYSTEM/._CHAPTER_BLUEPRINT_VALIDATION.docx,docx,219,1,183d5f9ccea67024dcb7092db8834c69e7c17eabb356a6f322b8cc5b5563dfc0,packaging
WRITING_ARCHITECT.zip!WRITING_ARCHITECT/Module writing/WRITING_SYSTEM.zip!WRITING_SYSTEM/STORY_SYSTEM/STORY_BIBLE_SCHEMA.docx,docx,36641,1,37a0de63beae4c211331dd8c555881db02c76a2faa6b64254705527584bd9cf7,payload
WRITING_ARCHITECT.zip!WRITING_ARCHITECT/Module writing/WRITING_SYSTEM.zip!__MACOSX/WRITING_SYSTEM/STORY_SYSTEM/._STORY_BIBLE_SCHEMA.docx,docx,219,1,183d5f9ccea67024dcb7092db8834c69e7c17eabb356a6f322b8cc5b5563dfc0,packaging
WRITING_ARCHITECT.zip!WRITING_ARCHITECT/Module writing/WRITING_SYSTEM.zip!WRITING_SYSTEM/STORY_SYSTEM/INTEGRITY_LAYER_INTEGRATION_RULES.docx,docx,37175,1,8772573f9cb3fb192b6d2917f2d3e83112c43b5dd4bdb9093374cf35b13eb726,payload
WRITING_ARCHITECT.zip!WRITING_ARCHITECT/Module writing/WRITING_SYSTEM.zip!__MACOSX/WRITING_SYSTEM/STORY_SYSTEM/._INTEGRITY_LAYER_INTEGRATION_RULES.docx,docx,219,1,183d5f9ccea67024dcb7092db8834c69e7c17eabb356a6f322b8cc5b5563dfc0,packaging
WRITING_ARCHITECT.zip!WRITING_ARCHITECT/Module writing/WRITING_SYSTEM.zip!WRITING_SYSTEM/STORY_SYSTEM/PRESSURE_DENSITY_LOCK.docx,docx,36827,1,d147f820de24d61bf5e6b6ea1c49da6f54995a501d4da239c39ea2038fb690da,payload
WRITING_ARCHITECT.zip!WRITING_ARCHITECT/Module writing/WRITING_SYSTEM.zip!__MACOSX/WRITING_SYSTEM/STORY_SYSTEM/._PRESSURE_DENSITY_LOCK.docx,docx,219,1,183d5f9ccea67024dcb7092db8834c69e7c17eabb356a6f322b8cc5b5563dfc0,packaging
WRITING_ARCHITECT.zip!WRITING_ARCHITECT/Module writing/WRITING_SYSTEM.zip!WRITING_SYSTEM/STORY_SYSTEM/STORY_SYSTEM_OPERATION_FLOW__1.docx,docx,37599,1,98c64adf9766bdde020b412baced51ae5a7f680ad9c3f5f7ffe1b72b3bad750b,payload
WRITING_ARCHITECT.zip!WRITING_ARCHITECT/Module writing/WRITING_SYSTEM.zip!__MACOSX/WRITING_SYSTEM/STORY_SYSTEM/._STORY_SYSTEM_OPERATION_FLOW__1.docx,docx,219,1,183d5f9ccea67024dcb7092db8834c69e7c17eabb356a6f322b8cc5b5563dfc0,packaging
WRITING_ARCHITECT.zip!WRITING_ARCHITECT/Module writing/WRITING_SYSTEM.zip!WRITING_SYSTEM/STORY_SYSTEM/CHAPTER_BLUEPRINT_VALIDATION__1.docx,docx,37326,1,9ba9eefe08f2280673c61089a0362a2b38b8767cf4d9c3536773b1955e434b11,payload
WRITING_ARCHITECT.zip!WRITING_ARCHITECT/Module writing/WRITING_SYSTEM.zip!__MACOSX/WRITING_SYSTEM/STORY_SYSTEM/._CHAPTER_BLUEPRINT_VALIDATION__1.docx,docx,219,1,183d5f9ccea67024dcb7092db8834c69e7c17eabb356a6f322b8cc5b5563dfc0,packaging
WRITING_ARCHITECT.zip!WRITING_ARCHITECT/Module writing/WRITING_SYSTEM.zip!WRITING_SYSTEM/ENGINE/02_OPERATION_MAP__1.docx,docx,38124,1,900a5db3708d77e7e6d0caf2963695f475719f270e278539de65786c2b5c3380,payload
WRITING_ARCHITECT.zip!WRITING_ARCHITECT/Module writing/WRITING_SYSTEM.zip!__MACOSX/WRITING_SYSTEM/ENGINE/._02_OPERATION_MAP__1.docx,docx,219,1,183d5f9ccea67024dcb7092db8834c69e7c17eabb356a6f322b8cc5b5563dfc0,packaging
WRITING_ARCHITECT.zip!WRITING_ARCHITECT/Module writing/WRITING_SYSTEM.zip!WRITING_SYSTEM/ENGINE/ENGINE_04_WORLD_DRIFT_DETECTION.docx,docx,38236,1,08f9f6e7cb7ec7c5d670aa43b3d0d7e66e460ddbe5245e045c9688d05dd651df,payload
WRITING_ARCHITECT.zip!WRITING_ARCHITECT/Module writing/WRITING_SYSTEM.zip!__MACOSX/WRITING_SYSTEM/ENGINE/._ENGINE_04_WORLD_DRIFT_DETECTION.docx,docx,219,1,183d5f9ccea67024dcb7092db8834c69e7c17eabb356a6f322b8cc5b5563dfc0,packaging
WRITING_ARCHITECT.zip!WRITING_ARCHITECT/Module writing/WRITING_SYSTEM.zip!WRITING_SYSTEM/ENGINE/ENGINE_17_THEME_INTEGRITY.docx,docx,38760,1,53119d0eae4e777a00cc79753d65c9e931d4c443f9ce83ba474491f22f4f4933,payload
WRITING_ARCHITECT.zip!WRITING_ARCHITECT/Module writing/WRITING_SYSTEM.zip!__MACOSX/WRITING_SYSTEM/ENGINE/._ENGINE_17_THEME_INTEGRITY.docx,docx,219,1,183d5f9ccea67024dcb7092db8834c69e7c17eabb356a6f322b8cc5b5563dfc0,packaging
WRITING_ARCHITECT.zip!WRITING_ARCHITECT/Module writing/WRITING_SYSTEM.zip!WRITING_SYSTEM/ENGINE/ENGINE_08_WORLD_BUILD.docx,docx,38455,1,27b5866f50c5b008df91ab5a547fd407898a59d16475e6c1e82a47fa267f75c1,payload
WRITING_ARCHITECT.zip!WRITING_ARCHITECT/Module writing/WRITING_SYSTEM.zip!__MACOSX/WRITING_SYSTEM/ENGINE/._ENGINE_08_WORLD_BUILD.docx,docx,219,1,183d5f9ccea67024dcb7092db8834c69e7c17eabb356a6f322b8cc5b5563dfc0,packaging
WRITING_ARCHITECT.zip!WRITING_ARCHITECT/Module writing/WRITING_SYSTEM.zip!WRITING_SYSTEM/ENGINE/NARRATIVEOS_EXECUTION_ENGINE_HARDENED_NEXT3.docx,docx,43972,1,6e424f163bbb3867623f4e6056b21a9a8724e2ea2a5a5768b6c5b77406f122e2,payload
WRITING_ARCHITECT.zip!WRITING_ARCHITECT/Module writing/WRITING_SYSTEM.zip!__MACOSX/WRITING_SYSTEM/ENGINE/._NARRATIVEOS_EXECUTION_ENGINE_HARDENED_NEXT3.docx,docx,219,1,183d5f9ccea67024dcb7092db8834c69e7c17eabb356a6f322b8cc5b5563dfc0,packaging
WRITING_ARCHITECT.zip!WRITING_ARCHITECT/Module writing/WRITING_SYSTEM.zip!WRITING_SYSTEM/ENGINE/ENGINE_03_LORE_DELIVERY.docx,docx,38182,1,b0e8a4f9e4137d3f7e89e07048552deecc7bfeb227610f129aa6e30a5472be09,payload
WRITING_ARCHITECT.zip!WRITING_ARCHITECT/Module writing/WRITING_SYSTEM.zip!__MACOSX/WRITING_SYSTEM/ENGINE/._ENGINE_03_LORE_DELIVERY.docx,docx,219,1,183d5f9ccea67024dcb7092db8834c69e7c17eabb356a6f322b8cc5b5563dfc0,packaging
WRITING_ARCHITECT.zip!WRITING_ARCHITECT/Module writing/WRITING_SYSTEM.zip!WRITING_SYSTEM/ENGINE/ENGINE_13_PRESSURE_CURVE__1.docx,docx,36878,1,c65c534a3413a51e942bc68739b349f8742136b4b6fd9df5702f7a75e3fc3f32,payload
WRITING_ARCHITECT.zip!WRITING_ARCHITECT/Module writing/WRITING_SYSTEM.zip!__MACOSX/WRITING_SYSTEM/ENGINE/._ENGINE_13_PRESSURE_CURVE__1.docx,docx,219,1,183d5f9ccea67024dcb7092db8834c69e7c17eabb356a6f322b8cc5b5563dfc0,packaging
WRITING_ARCHITECT.zip!WRITING_ARCHITECT/Module writing/WRITING_SYSTEM.zip!WRITING_SYSTEM/ENGINE/00_MASTER_KERNEL.docx,docx,38584,1,48684f708b077dfde4139a4fcbdf37133b6f8708376f42b33b69789b8be3f2f8,payload
WRITING_ARCHITECT.zip!WRITING_ARCHITECT/Module writing/WRITING_SYSTEM.zip!__MACOSX/WRITING_SYSTEM/ENGINE/._00_MASTER_KERNEL.docx,docx,219,1,183d5f9ccea67024dcb7092db8834c69e7c17eabb356a6f322b8cc5b5563dfc0,packaging
WRITING_ARCHITECT.zip!WRITING_ARCHITECT/Module writing/WRITING_SYSTEM.zip!WRITING_SYSTEM/ENGINE/ENGINE_11_STRUCTURAL_ENFORCEMENT__1.docx,docx,36935,1,1c40558240bf8697f587ea4224bb8637b7b570f90a6bcb134ae56b6009840412,payload
WRITING_ARCHITECT.zip!WRITING_ARCHITECT/Module writing/WRITING_SYSTEM.zip!__MACOSX/WRITING_SYSTEM/ENGINE/._ENGINE_11_STRUCTURAL_ENFORCEMENT__1.docx,docx,219,1,183d5f9ccea67024dcb7092db8834c69e7c17eabb356a6f322b8cc5b5563dfc0,packaging
WRITING_ARCHITECT.zip!WRITING_ARCHITECT/Module writing/WRITING_SYSTEM.zip!WRITING_SYSTEM/ENGINE/STRESS_TEST_LIBRARY.docx,docx,38041,1,47778e06de18a566fd8a030ad06bee447ffb26368ca98a10b7dc8d7ce703dfce,payload
WRITING_ARCHITECT.zip!WRITING_ARCHITECT/Module writing/WRITING_SYSTEM.zip!__MACOSX/WRITING_SYSTEM/ENGINE/._STRESS_TEST_LIBRARY.docx,docx,219,1,183d5f9ccea67024dcb7092db8834c69e7c17eabb356a6f322b8cc5b5563dfc0,packaging
WRITING_ARCHITECT.zip!WRITING_ARCHITECT/Module writing/WRITING_SYSTEM.zip!WRITING_SYSTEM/ENGINE/EXAMPLE_RUNS.docx,docx,37483,1,5cd44c6fceea7adc1ba15e43bfa7ad797bcd167f860927434148170500834b1b,payload
WRITING_ARCHITECT.zip!WRITING_ARCHITECT/Module writing/WRITING_SYSTEM.zip!__MACOSX/WRITING_SYSTEM/ENGINE/._EXAMPLE_RUNS.docx,docx,219,1,183d5f9ccea67024dcb7092db8834c69e7c17eabb356a6f322b8cc5b5563dfc0,packaging
WRITING_ARCHITECT.zip!WRITING_ARCHITECT/Module writing/WRITING_SYSTEM.zip!WRITING_SYSTEM/ENGINE/02_OPERATION_MAP.docx,docx,38676,1,93b54f072e10f95788f5d1cecd9c9e855308558f3faffccedc1fdba0d7d1c744,payload
WRITING_ARCHITECT.zip!WRITING_ARCHITECT/Module writing/WRITING_SYSTEM.zip!__MACOSX/WRITING_SYSTEM/ENGINE/._02_OPERATION_MAP.docx,docx,219,1,183d5f9ccea67024dcb7092db8834c69e7c17eabb356a6f322b8cc5b5563dfc0,packaging
WRITING_ARCHITECT.zip!WRITING_ARCHITECT/Module writing/WRITING_SYSTEM.zip!WRITING_SYSTEM/ENGINE/ENGINE_11_STRUCTURAL_ENFORCEMENT.docx,docx,38772,1,e66a17d378ea67964f5737b12f462b3bfcf8579ad520103644286031c5ec9feb,payload
WRITING_ARCHITECT.zip!WRITING_ARCHITECT/Module writing/WRITING_SYSTEM.zip!__MACOSX/WRITING_SYSTEM/ENGINE/._ENGINE_11_STRUCTURAL_ENFORCEMENT.docx,docx,219,1,183d5f9ccea67024dcb7092db8834c69e7c17eabb356a6f322b8cc5b5563dfc0,packaging
WRITING_ARCHITECT.zip!WRITING_ARCHITECT/Module writing/WRITING_SYSTEM.zip!WRITING_SYSTEM/ENGINE/NARRATIVEOS_EXECUTION_ENGINE_HARDENED_TOP3.docx,docx,43771,1,fab018b4caf39033724a99b760360a06db7915063e443c562d97052be2742a3b,payload
WRITING_ARCHITECT.zip!WRITING_ARCHITECT/Module writing/WRITING_SYSTEM.zip!__MACOSX/WRITING_SYSTEM/ENGINE/._NARRATIVEOS_EXECUTION_ENGINE_HARDENED_TOP3.docx,docx,219,1,183d5f9ccea67024dcb7092db8834c69e7c17eabb356a6f322b8cc5b5563dfc0,packaging
WRITING_ARCHITECT.zip!WRITING_ARCHITECT/Module writing/WRITING_SYSTEM.zip!WRITING_SYSTEM/ENGINE/ENGINE_INDEX__2.docx,docx,36728,1,ced16ded046d4f987b26a2770f1c692d9cb0f1f1475b6fdc90ccdc054d0461b5,payload
WRITING_ARCHITECT.zip!WRITING_ARCHITECT/Module writing/WRITING_SYSTEM.zip!__MACOSX/WRITING_SYSTEM/ENGINE/._ENGINE_INDEX__2.docx,docx,219,1,183d5f9ccea67024dcb7092db8834c69e7c17eabb356a6f322b8cc5b5563dfc0,packaging
WRITING_ARCHITECT.zip!WRITING_ARCHITECT/Module writing/WRITING_SYSTEM.zip!WRITING_SYSTEM/ENGINE/01_SHARED_SCHEMAS.docx,docx,37370,1,807704a74489a9a4b2b005f6bfdf66a9feeea2292303f7358943595e69513c1f,payload
WRITING_ARCHITECT.zip!WRITING_ARCHITECT/Module writing/WRITING_SYSTEM.zip!__MACOSX/WRITING_SYSTEM/ENGINE/._01_SHARED_SCHEMAS.docx,docx,219,1,183d5f9ccea67024dcb7092db8834c69e7c17eabb356a6f322b8cc5b5563dfc0,packaging
WRITING_ARCHITECT.zip!WRITING_ARCHITECT/Module writing/WRITING_SYSTEM.zip!WRITING_SYSTEM/ENGINE/03_EVAL_AND_TRACE_RULES.docx,docx,38021,1,5e5daea1944ac2d4c5c1cf778acc09acc67cec293cc65412b28661d309b3eb11,payload
WRITING_ARCHITECT.zip!WRITING_ARCHITECT/Module writing/WRITING_SYSTEM.zip!__MACOSX/WRITING_SYSTEM/ENGINE/._03_EVAL_AND_TRACE_RULES.docx,docx,219,1,183d5f9ccea67024dcb7092db8834c69e7c17eabb356a6f322b8cc5b5563dfc0,packaging
WRITING_ARCHITECT.zip!WRITING_ARCHITECT/Module writing/WRITING_SYSTEM.zip!WRITING_SYSTEM/ENGINE/ENGINE_INDEX__1.docx,docx,37878,1,2767baccaf7ae03fafbc8bad2a300bd24d4d4eb4b5f841d4a4721cc6618ade58,payload
WRITING_ARCHITECT.zip!WRITING_ARCHITECT/Module writing/WRITING_SYSTEM.zip!__MACOSX/WRITING_SYSTEM/ENGINE/._ENGINE_INDEX__1.docx,docx,219,1,183d5f9ccea67024dcb7092db8834c69e7c17eabb356a6f322b8cc5b5563dfc0,packaging
WRITING_ARCHITECT.zip!WRITING_ARCHITECT/Module writing/WRITING_SYSTEM.zip!WRITING_SYSTEM/ENGINE/ENGINE_16_STORY_MOMENTUM.docx,docx,38755,1,da09a85fb4f0c29be625cac0dd33fd97b41ddaa867fd7fa5c284057649ceadb2,payload
WRITING_ARCHITECT.zip!WRITING_ARCHITECT/Module writing/WRITING_SYSTEM.zip!__MACOSX/WRITING_SYSTEM/ENGINE/._ENGINE_16_STORY_MOMENTUM.docx,docx,219,1,183d5f9ccea67024dcb7092db8834c69e7c17eabb356a6f322b8cc5b5563dfc0,packaging
WRITING_ARCHITECT.zip!WRITING_ARCHITECT/Module writing/WRITING_SYSTEM.zip!WRITING_SYSTEM/ENGINE/ENGINE_06_CHARACTER_SOCIETY_SYNC.docx,docx,38194,1,8c6e7bfe26061740123f8aabe5655ae5bfb9b4af366f898d81671b379ef47cf1,payload
WRITING_ARCHITECT.zip!WRITING_ARCHITECT/Module writing/WRITING_SYSTEM.zip!__MACOSX/WRITING_SYSTEM/ENGINE/._ENGINE_06_CHARACTER_SOCIETY_SYNC.docx,docx,219,1,183d5f9ccea67024dcb7092db8834c69e7c17eabb356a6f322b8cc5b5563dfc0,packaging
WRITING_ARCHITECT.zip!WRITING_ARCHITECT/Module writing/WRITING_SYSTEM.zip!WRITING_SYSTEM/ENGINE/ENGINE_12_NARRATIVE_PHYSICS.docx,docx,38761,1,d6ebdb6f07861ef536f8f98637364fe7c0920a6af83e09f6aa5f3255881ea924,payload
WRITING_ARCHITECT.zip!WRITING_ARCHITECT/Module writing/WRITING_SYSTEM.zip!__MACOSX/WRITING_SYSTEM/ENGINE/._ENGINE_12_NARRATIVE_PHYSICS.docx,docx,219,1,183d5f9ccea67024dcb7092db8834c69e7c17eabb356a6f322b8cc5b5563dfc0,packaging
WRITING_ARCHITECT.zip!WRITING_ARCHITECT/Module writing/WRITING_SYSTEM.zip!WRITING_SYSTEM/ENGINE/ENGINE_14_CONFLICT_ESCALATION.docx,docx,38721,1,17ee2c4d3cb5d9174d3de94f17b15064fee1ecf93e1f4787ec9070e18326445b,payload
WRITING_ARCHITECT.zip!WRITING_ARCHITECT/Module writing/WRITING_SYSTEM.zip!__MACOSX/WRITING_SYSTEM/ENGINE/._ENGINE_14_CONFLICT_ESCALATION.docx,docx,219,1,183d5f9ccea67024dcb7092db8834c69e7c17eabb356a6f322b8cc5b5563dfc0,packaging
WRITING_ARCHITECT.zip!WRITING_ARCHITECT/Module writing/WRITING_SYSTEM.zip!WRITING_SYSTEM/ENGINE/ENGINE_17_THEME_INTEGRITY__1.docx,docx,36932,1,b83449cdd17e5ccf7431197a5d7a073c0b33cac0d3428acf10855a5344ecb1d5,payload
WRITING_ARCHITECT.zip!WRITING_ARCHITECT/Module writing/WRITING_SYSTEM.zip!__MACOSX/WRITING_SYSTEM/ENGINE/._ENGINE_17_THEME_INTEGRITY__1.docx,docx,219,1,183d5f9ccea67024dcb7092db8834c69e7c17eabb356a6f322b8cc5b5563dfc0,packaging
WRITING_ARCHITECT.zip!WRITING_ARCHITECT/Module writing/WRITING_SYSTEM.zip!WRITING_SYSTEM/ENGINE/ENGINE_15_SCENE_PURPOSE.docx,docx,38750,1,ddf55d3df7a4edbdee1ac78b29968217bc6ed8b5f17d741edc9a8cb07659439b,payload
WRITING_ARCHITECT.zip!WRITING_ARCHITECT/Module writing/WRITING_SYSTEM.zip!__MACOSX/WRITING_SYSTEM/ENGINE/._ENGINE_15_SCENE_PURPOSE.docx,docx,219,1,183d5f9ccea67024dcb7092db8834c69e7c17eabb356a6f322b8cc5b5563dfc0,packaging
WRITING_ARCHITECT.zip!WRITING_ARCHITECT/Module writing/WRITING_SYSTEM.zip!WRITING_SYSTEM/ENGINE/ENGINE_02_AUTHORITY_ARBITRATION.docx,docx,38134,1,ba67c9ef409227f4536898dd88bee23096d67a27292f533c76b32bb9768dfd3d,payload
WRITING_ARCHITECT.zip!WRITING_ARCHITECT/Module writing/WRITING_SYSTEM.zip!__MACOSX/WRITING_SYSTEM/ENGINE/._ENGINE_02_AUTHORITY_ARBITRATION.docx,docx,219,1,183d5f9ccea67024dcb7092db8834c69e7c17eabb356a6f322b8cc5b5563dfc0,packaging
WRITING_ARCHITECT.zip!WRITING_ARCHITECT/Module writing/WRITING_SYSTEM.zip!WRITING_SYSTEM/ENGINE/ENGINE_07_LORE_AUDIT.docx,docx,38769,1,f90538071ce3af3577dd5138769a5dd2244fce0256b64444ba092d79cd0ac362,payload
WRITING_ARCHITECT.zip!WRITING_ARCHITECT/Module writing/WRITING_SYSTEM.zip!__MACOSX/WRITING_SYSTEM/ENGINE/._ENGINE_07_LORE_AUDIT.docx,docx,219,1,183d5f9ccea67024dcb7092db8834c69e7c17eabb356a6f322b8cc5b5563dfc0,packaging
WRITING_ARCHITECT.zip!WRITING_ARCHITECT/Module writing/WRITING_SYSTEM.zip!WRITING_SYSTEM/ENGINE/ENGINE_16_STORY_MOMENTUM__1.docx,docx,36870,1,2ed290adcab6f41e5ef19d0cac731568e979a781f2369d690b02a77bd1aa19c6,payload
WRITING_ARCHITECT.zip!WRITING_ARCHITECT/Module writing/WRITING_SYSTEM.zip!__MACOSX/WRITING_SYSTEM/ENGINE/._ENGINE_16_STORY_MOMENTUM__1.docx,docx,219,1,183d5f9ccea67024dcb7092db8834c69e7c17eabb356a6f322b8cc5b5563dfc0,packaging
WRITING_ARCHITECT.zip!WRITING_ARCHITECT/Module writing/WRITING_SYSTEM.zip!WRITING_SYSTEM/ENGINE/ENGINE_01_DOCX_MERGE.docx,docx,38234,1,3634352d40ec375673c197101009ee3f0298802f00618d44c5a505d41b2d74d6,payload
WRITING_ARCHITECT.zip!WRITING_ARCHITECT/Module writing/WRITING_SYSTEM.zip!__MACOSX/WRITING_SYSTEM/ENGINE/._ENGINE_01_DOCX_MERGE.docx,docx,219,1,183d5f9ccea67024dcb7092db8834c69e7c17eabb356a6f322b8cc5b5563dfc0,packaging
WRITING_ARCHITECT.zip!WRITING_ARCHITECT/Module writing/WRITING_SYSTEM.zip!WRITING_SYSTEM/ENGINE/ENGINE_13_PRESSURE_CURVE.docx,docx,38705,1,ec1b8bfb2b59ca9926a9044e44fdc4fa2091b2e7301b427c845c6e0659198abf,payload
WRITING_ARCHITECT.zip!WRITING_ARCHITECT/Module writing/WRITING_SYSTEM.zip!__MACOSX/WRITING_SYSTEM/ENGINE/._ENGINE_13_PRESSURE_CURVE.docx,docx,219,1,183d5f9ccea67024dcb7092db8834c69e7c17eabb356a6f322b8cc5b5563dfc0,packaging
WRITING_ARCHITECT.zip!WRITING_ARCHITECT/Module writing/WRITING_SYSTEM.zip!WRITING_SYSTEM/ENGINE/ENGINE_05_RIPPLE_SIMULATION.docx,docx,38181,1,167be81432e4be74caa66d2ee67b927a46db29d2ca5579815d42424c693ed96c,payload
WRITING_ARCHITECT.zip!WRITING_ARCHITECT/Module writing/WRITING_SYSTEM.zip!__MACOSX/WRITING_SYSTEM/ENGINE/._ENGINE_05_RIPPLE_SIMULATION.docx,docx,219,1,183d5f9ccea67024dcb7092db8834c69e7c17eabb356a6f322b8cc5b5563dfc0,packaging
WRITING_ARCHITECT.zip!WRITING_ARCHITECT/Module writing/WRITING_SYSTEM.zip!WRITING_SYSTEM/ENGINE/ENGINE_INDEX.docx,docx,38216,1,0831c3d4a6d690d491b125916dfaa3e9e437bc4d75877c293aece3180783894e,payload
WRITING_ARCHITECT.zip!WRITING_ARCHITECT/Module writing/WRITING_SYSTEM.zip!__MACOSX/WRITING_SYSTEM/ENGINE/._ENGINE_INDEX.docx,docx,219,1,183d5f9ccea67024dcb7092db8834c69e7c17eabb356a6f322b8cc5b5563dfc0,packaging
WRITING_ARCHITECT.zip!WRITING_ARCHITECT/Module writing/WRITING_SYSTEM.zip!WRITING_SYSTEM/ENGINE/ENGINE_15_SCENE_PURPOSE__1.docx,docx,36900,1,e22ace4706fb90ad95813222660dabc203cdb5fe66c95f1eb9f478817828539e,payload
WRITING_ARCHITECT.zip!WRITING_ARCHITECT/Module writing/WRITING_SYSTEM.zip!__MACOSX/WRITING_SYSTEM/ENGINE/._ENGINE_15_SCENE_PURPOSE__1.docx,docx,219,1,183d5f9ccea67024dcb7092db8834c69e7c17eabb356a6f322b8cc5b5563dfc0,packaging
WRITING_ARCHITECT.zip!WRITING_ARCHITECT/Module writing/WRITING_SYSTEM.zip!WRITING_SYSTEM/ENGINE/ENGINE_09_SOCIETY_BUILD.docx,docx,38482,1,1a1c4eb0102eedc3cbd8e0ed89e79b11a5551c99b5fa1bdcca7b2086941192ef,payload
WRITING_ARCHITECT.zip!WRITING_ARCHITECT/Module writing/WRITING_SYSTEM.zip!__MACOSX/WRITING_SYSTEM/ENGINE/._ENGINE_09_SOCIETY_BUILD.docx,docx,219,1,183d5f9ccea67024dcb7092db8834c69e7c17eabb356a6f322b8cc5b5563dfc0,packaging
WRITING_ARCHITECT.zip!WRITING_ARCHITECT/Module writing/WRITING_SYSTEM.zip!WRITING_SYSTEM/ENGINE/ENGINE_10_RECOVERY_ENGINE.docx,docx,38359,1,13b89cf8e460c8e56823769be3466af68ad3e4de31188a074c4135f95c9ad5b5,payload
WRITING_ARCHITECT.zip!WRITING_ARCHITECT/Module writing/WRITING_SYSTEM.zip!__MACOSX/WRITING_SYSTEM/ENGINE/._ENGINE_10_RECOVERY_ENGINE.docx,docx,219,1,183d5f9ccea67024dcb7092db8834c69e7c17eabb356a6f322b8cc5b5563dfc0,packaging
WRITING_ARCHITECT.zip!WRITING_ARCHITECT/Module writing/WRITING_SYSTEM.zip!WRITING_SYSTEM/BIBLE_DATA/08_-_Templater_Setup_and_Templates.md,md,7736,1,7a256329f4d7a701a5618de910ec61113ade13099cfe0880696920c9dca36ea5,payload
WRITING_ARCHITECT.zip!WRITING_ARCHITECT/Module writing/WRITING_SYSTEM.zip!__MACOSX/WRITING_SYSTEM/BIBLE_DATA/._08_-_Templater_Setup_and_Templates.md,md,219,1,183d5f9ccea67024dcb7092db8834c69e7c17eabb356a6f322b8cc5b5563dfc0,packaging
WRITING_ARCHITECT.zip!WRITING_ARCHITECT/Module writing/WRITING_SYSTEM.zip!WRITING_SYSTEM/BIBLE_DATA/Hebrew_Name_Etymology_Bank.md,md,15882,1,c5d10ed6c4e2081cb4f93e94cc458ce7fd63d89df7247cec2f77a9adea0adb44,payload
WRITING_ARCHITECT.zip!WRITING_ARCHITECT/Module writing/WRITING_SYSTEM.zip!__MACOSX/WRITING_SYSTEM/BIBLE_DATA/._Hebrew_Name_Etymology_Bank.md,md,219,1,183d5f9ccea67024dcb7092db8834c69e7c17eabb356a6f322b8cc5b5563dfc0,packaging
WRITING_ARCHITECT.zip!WRITING_ARCHITECT/Module writing/WRITING_SYSTEM.zip!WRITING_SYSTEM/BIBLE_DATA/00_-_Master_Command_Center_UPDATED.md,md,7077,1,8f62e8d43d4ec16e56c724d9aa9433279c8196d2c350e0c20bc68b89f5987b00,payload
WRITING_ARCHITECT.zip!WRITING_ARCHITECT/Module writing/WRITING_SYSTEM.zip!__MACOSX/WRITING_SYSTEM/BIBLE_DATA/._00_-_Master_Command_Center_UPDATED.md,md,219,1,183d5f9ccea67024dcb7092db8834c69e7c17eabb356a6f322b8cc5b5563dfc0,packaging
WRITING_ARCHITECT.zip!WRITING_ARCHITECT/Module writing/WRITING_SYSTEM.zip!WRITING_SYSTEM/BIBLE_DATA/06_-_Scene_Pressure_Matrix.md,md,19911,1,ac0b8a24a39075fcc58dd30e31c13f3c6a0016139b514ba734be779ae8fafb57,payload
WRITING_ARCHITECT.zip!WRITING_ARCHITECT/Module writing/WRITING_SYSTEM.zip!__MACOSX/WRITING_SYSTEM/BIBLE_DATA/._06_-_Scene_Pressure_Matrix.md,md,219,1,183d5f9ccea67024dcb7092db8834c69e7c17eabb356a6f322b8cc5b5563dfc0,packaging
WRITING_ARCHITECT.zip!WRITING_ARCHITECT/Module writing/WRITING_SYSTEM.zip!WRITING_SYSTEM/BIBLE_DATA/Iron_Age_Material_Culture.md,md,14048,1,be77eac929a5be9eb82c8f73a20fd1631ffc7a657078d5718861cc816b1c5187,payload
WRITING_ARCHITECT.zip!WRITING_ARCHITECT/Module writing/WRITING_SYSTEM.zip!__MACOSX/WRITING_SYSTEM/BIBLE_DATA/._Iron_Age_Material_Culture.md,md,219,1,183d5f9ccea67024dcb7092db8834c69e7c17eabb356a6f322b8cc5b5563dfc0,packaging
WRITING_ARCHITECT.zip!WRITING_ARCHITECT/Module writing/WRITING_SYSTEM.zip!WRITING_SYSTEM/BIBLE_DATA/07_-_Dataview_Query_Library.md,md,8457,1,5f4fa2c4a0def7a636cf84ea6e8389d89df50e55d85b3de40195b33401de3353,payload
WRITING_ARCHITECT.zip!WRITING_ARCHITECT/Module writing/WRITING_SYSTEM.zip!__MACOSX/WRITING_SYSTEM/BIBLE_DATA/._07_-_Dataview_Query_Library.md,md,219,1,183d5f9ccea67024dcb7092db8834c69e7c17eabb356a6f322b8cc5b5563dfc0,packaging
WRITING_ARCHITECT.zip!WRITING_ARCHITECT/Module writing/WRITING_SYSTEM.zip!WRITING_SYSTEM/BIBLE_DATA/God_as_Character_UPDATED.md,md,7520,1,b7f80aad52f74db34a909ac4c1c1523fef7f3a5a2da9fb887aaf09eb3ed59746,payload
WRITING_ARCHITECT.zip!WRITING_ARCHITECT/Module writing/WRITING_SYSTEM.zip!__MACOSX/WRITING_SYSTEM/BIBLE_DATA/._God_as_Character_UPDATED.md,md,219,1,183d5f9ccea67024dcb7092db8834c69e7c17eabb356a6f322b8cc5b5563dfc0,packaging
WRITING_ARCHITECT.zip!WRITING_ARCHITECT/Module writing/WRITING_SYSTEM.zip!WRITING_SYSTEM/BIBLE_DATA/Index_-_Motifs_-_Volume_II.md,md,7431,1,dede98c15aefadc2109af9b6ef1fc44eb6a902a69477c13ec2542e3aa3c9313d,payload
WRITING_ARCHITECT.zip!WRITING_ARCHITECT/Module writing/WRITING_SYSTEM.zip!__MACOSX/WRITING_SYSTEM/BIBLE_DATA/._Index_-_Motifs_-_Volume_II.md,md,219,1,183d5f9ccea67024dcb7092db8834c69e7c17eabb356a6f322b8cc5b5563dfc0,packaging
WRITING_ARCHITECT.zip!WRITING_ARCHITECT/Module writing/WRITING_SYSTEM.zip!WRITING_SYSTEM/BIBLE_DATA/Kingship_Ideology.md,md,10221,1,640b423b481a1e09ac18b6c1ededc3724cdbd49bd2654af3fb76462b0b7d4ff3,payload
WRITING_ARCHITECT.zip!WRITING_ARCHITECT/Module writing/WRITING_SYSTEM.zip!__MACOSX/WRITING_SYSTEM/BIBLE_DATA/._Kingship_Ideology.md,md,219,1,183d5f9ccea67024dcb7092db8834c69e7c17eabb356a6f322b8cc5b5563dfc0,packaging
WRITING_ARCHITECT.zip!WRITING_ARCHITECT/Module writing/WRITING_SYSTEM.zip!WRITING_SYSTEM/BIBLE_DATA/09_-_Graph_View_Configuration.md,md,5631,1,a378e786b70a166cd4bf048668b3e386759dea30563b6a74af750d3f0f05717a,payload
WRITING_ARCHITECT.zip!WRITING_ARCHITECT/Module writing/WRITING_SYSTEM.zip!__MACOSX/WRITING_SYSTEM/BIBLE_DATA/._09_-_Graph_View_Configuration.md,md,219,1,183d5f9ccea67024dcb7092db8834c69e7c17eabb356a6f322b8cc5b5563dfc0,packaging
WRITING_ARCHITECT.zip!WRITING_ARCHITECT/Module writing/WRITING_SYSTEM.zip!WRITING_SYSTEM/BIBLE_DATA/01_-_Prose_Style_Reference.md,md,13632,1,558f6ecaae233401bf8fbe690c6b59e707625f4f4ca5197bd7c92796ca211123,payload
WRITING_ARCHITECT.zip!WRITING_ARCHITECT/Module writing/WRITING_SYSTEM.zip!__MACOSX/WRITING_SYSTEM/BIBLE_DATA/._01_-_Prose_Style_Reference.md,md,219,1,183d5f9ccea67024dcb7092db8834c69e7c17eabb356a6f322b8cc5b5563dfc0,packaging
WRITING_ARCHITECT.zip!WRITING_ARCHITECT/Module writing/SOVEREIGN_PROGRAM_REPOSITORY_v1.2.0-RC2.zip,zip,285546,0,3ebc76b821d9fb952ac5ed977ece1619de03e7e941713be0d74229056b8455cd,payload
WRITING_ARCHITECT.zip!WRITING_ARCHITECT/Module writing/SOVEREIGN_PROGRAM_REPOSITORY_v1.2.0-RC2.zip!SOV_v1.2.0/CURRENT_STATE.md,md,1177,1,11ac8232d6c4d7c05ba741ebba54dcfbdc77d4a395580a50c364ca90bcc62bcf,payload
WRITING_ARCHITECT.zip!WRITING_ARCHITECT/Module writing/SOVEREIGN_PROGRAM_REPOSITORY_v1.2.0-RC2.zip!SOV_v1.2.0/RELEASE_NOTES.md,md,973,1,78e0d2dd837f7010c468a4ca29f2b14d4e33f56d227d08051c5bc0c074863707,payload
WRITING_ARCHITECT.zip!WRITING_ARCHITECT/Module writing/SOVEREIGN_PROGRAM_REPOSITORY_v1.2.0-RC2.zip!SOV_v1.2.0/BOOTSTRAP.md,md,4938,1,3e6e7ce222ea7f97fd7b1a94c9afce2fcd79ca91b8577450df60e1e3579b6dce,payload
WRITING_ARCHITECT.zip!WRITING_ARCHITECT/Module writing/SOVEREIGN_PROGRAM_REPOSITORY_v1.2.0-RC2.zip!SOV_v1.2.0/NEXT_ACTION.md,md,843,1,2226fd093db1ffe1463273dfdb4996eb65012ed23fdab22117c30b491e1a8186,payload
WRITING_ARCHITECT.zip!WRITING_ARCHITECT/Module writing/SOVEREIGN_PROGRAM_REPOSITORY_v1.2.0-RC2.zip!SOV_v1.2.0/README.md,md,828,1,36ff7a9d00cb6495c9ba64baf7ec3a405f967716f7af6525bf90ca963a092df6,payload
WRITING_ARCHITECT.zip!WRITING_ARCHITECT/Module writing/SOVEREIGN_PROGRAM_REPOSITORY_v1.2.0-RC2.zip!SOV_v1.2.0/RELEASE_MANIFEST.json,json,6240,1,12f74f436075b8225d9e054d007c289f09c72e3416da46f8bdac683d1751e4ff,payload
WRITING_ARCHITECT.zip!WRITING_ARCHITECT/Module writing/SOVEREIGN_PROGRAM_REPOSITORY_v1.2.0-RC2.zip!SOV_v1.2.0/ASSET_REGISTRY.json,json,20676,1,31aae58d2b9d6d666349d55ad8c7946ef5d1a8ac9b9502117385d1b4b6d897ed,payload
WRITING_ARCHITECT.zip!WRITING_ARCHITECT/Module writing/SOVEREIGN_PROGRAM_REPOSITORY_v1.2.0-RC2.zip!SOV_v1.2.0/AGENTS.md,md,932,1,da3a4cf6210d3079b5220634dcd7d0e9c27327ad700114cf659a223cf95d4332,payload
WRITING_ARCHITECT.zip!WRITING_ARCHITECT/Module writing/SOVEREIGN_PROGRAM_REPOSITORY_v1.2.0-RC2.zip!SOV_v1.2.0/CHECKSUMS.sha256,sha256,10682,1,696e6e0396cba78313a0627ec6101747fda311b13ea09bb00468dbda34a3d8fc,payload
WRITING_ARCHITECT.zip!WRITING_ARCHITECT/Module writing/SOVEREIGN_PROGRAM_REPOSITORY_v1.2.0-RC2.zip!SOV_v1.2.0/START_HERE.md,md,1085,1,bac3ba15ce4db9b6ef7b325498d38c8a364d007dcde919cb42e23b91e64bec98,payload
WRITING_ARCHITECT.zip!WRITING_ARCHITECT/Module writing/SOVEREIGN_PROGRAM_REPOSITORY_v1.2.0-RC2.zip!SOV_v1.2.0/VERSION.md,md,424,1,f6b59a142d807f763c2f5c1acd00e02a928cddb563da19171e1996efb225db58,payload
WRITING_ARCHITECT.zip!WRITING_ARCHITECT/Module writing/SOVEREIGN_PROGRAM_REPOSITORY_v1.2.0-RC2.zip!SOV_v1.2.0/05_ACADEMY/LEARNING_PATH_HOME_AI.md,md,541,1,851347d6b15685c0056b0e9eec7f3c45b37e11f576625da78b7d8745dd765010,payload
WRITING_ARCHITECT.zip!WRITING_ARCHITECT/Module writing/SOVEREIGN_PROGRAM_REPOSITORY_v1.2.0-RC2.zip!SOV_v1.2.0/05_ACADEMY/ACADEMY_FRAMEWORK.md,md,540,1,d989aa1f3b19f3857ec5e68258edccc72c446dafd94cb8ba0d0493522f9c81eb,payload
WRITING_ARCHITECT.zip!WRITING_ARCHITECT/Module writing/SOVEREIGN_PROGRAM_REPOSITORY_v1.2.0-RC2.zip!SOV_v1.2.0/04_PRODUCTS/CAPABILITY_CATALOG.md,md,600,1,8747cfdcc654d55cdb38dc4211fc752823a9b27c77b84f2845f2b4b32295f97e,payload
WRITING_ARCHITECT.zip!WRITING_ARCHITECT/Module writing/SOVEREIGN_PROGRAM_REPOSITORY_v1.2.0-RC2.zip!SOV_v1.2.0/04_PRODUCTS/PRODUCT_CATALOG.md,md,802,1,5ce238277e2d86461875883be21bfeb34598202f9801e7b8eef06e65d9cce20d,payload
WRITING_ARCHITECT.zip!WRITING_ARCHITECT/Module writing/SOVEREIGN_PROGRAM_REPOSITORY_v1.2.0-RC2.zip!SOV_v1.2.0/04_PRODUCTS/READINESS_MODEL.md,md,404,1,a9ce48c3005188b5004ae00876fdffd8b8dab2c6629d53a6f225cf2f31303a60,payload
WRITING_ARCHITECT.zip!WRITING_ARCHITECT/Module writing/SOVEREIGN_PROGRAM_REPOSITORY_v1.2.0-RC2.zip!SOV_v1.2.0/04_PRODUCTS/HXIA/RSH-007_HXIA_IMPLEMENTATION_PLAN.md,md,15579,1,adca3b582396b223a808c463ad8a95e65c94714772f8497737be480b285a91a3,payload
WRITING_ARCHITECT.zip!WRITING_ARCHITECT/Module writing/SOVEREIGN_PROGRAM_REPOSITORY_v1.2.0-RC2.zip!SOV_v1.2.0/04_PRODUCTS/PROSPECTUS/SOVEREIGN_OS_PROSPECTUS_v1.0.pdf,pdf,104416,1,0701d7c5f9ebc5bdc2efa7b616deeb37a14327eda377d98a47296cc8731cde3a,payload
WRITING_ARCHITECT.zip!WRITING_ARCHITECT/Module writing/SOVEREIGN_PROGRAM_REPOSITORY_v1.2.0-RC2.zip!SOV_v1.2.0/10_SESSION_HISTORY/BC-0002_SESSION_PACKAGE.md,md,744,1,dd93d304b48f6aa6ecffc908a66d30d291f1fae9376f44567875f26878c15486,payload
WRITING_ARCHITECT.zip!WRITING_ARCHITECT/Module writing/SOVEREIGN_PROGRAM_REPOSITORY_v1.2.0-RC2.zip!SOV_v1.2.0/10_SESSION_HISTORY/BC-0003/BC-0003_SESSION_PACKAGE.md,md,3544,1,8b68e557ce554fd8a8484c28663b9e006cf1074effb9828384e6ca4dc84196fd,payload
WRITING_ARCHITECT.zip!WRITING_ARCHITECT/Module writing/SOVEREIGN_PROGRAM_REPOSITORY_v1.2.0-RC2.zip!SOV_v1.2.0/10_BUILD_SYSTEM/README.md,md,343,1,614680839bd3d6cc1281043d1c8887f2fb8943ae2a49e0fe780cec0c99b372b5,payload
WRITING_ARCHITECT.zip!WRITING_ARCHITECT/Module writing/SOVEREIGN_PROGRAM_REPOSITORY_v1.2.0-RC2.zip!SOV_v1.2.0/10_BUILD_SYSTEM/generate_bootstrap.py,py,6343,1,6d0a6d298990cdf7894083070c9931119ffd224bf845fc41f3dc9cd0f19d780a,payload
WRITING_ARCHITECT.zip!WRITING_ARCHITECT/Module writing/SOVEREIGN_PROGRAM_REPOSITORY_v1.2.0-RC2.zip!SOV_v1.2.0/10_BUILD_SYSTEM/validate_repository.py,py,3022,1,43d8e5f173c624d41593bdba540d08661f77f4247eb602ac22f3a8c1a0fb4fd7,payload
WRITING_ARCHITECT.zip!WRITING_ARCHITECT/Module writing/SOVEREIGN_PROGRAM_REPOSITORY_v1.2.0-RC2.zip!SOV_v1.2.0/10_BUILD_SYSTEM/BPK-001_BOOTSTRAP_SPEC.md,md,10601,1,a9e786864ef210d08692cb61d031ad099bae07b9c358a75874d1c66f3529b710,payload
WRITING_ARCHITECT.zip!WRITING_ARCHITECT/Module writing/SOVEREIGN_PROGRAM_REPOSITORY_v1.2.0-RC2.zip!SOV_v1.2.0/10_BUILD_SYSTEM/generate_asset_registry.py,py,1586,1,dc637f3eff4c8b72f08418e2526015e47fb4f3f63e95594e9392cf21481d6a07,payload
WRITING_ARCHITECT.zip!WRITING_ARCHITECT/Module writing/SOVEREIGN_PROGRAM_REPOSITORY_v1.2.0-RC2.zip!SOV_v1.2.0/10_BUILD_SYSTEM/package_release.py,py,1651,1,ad44fc628c28b082cb4631f2e87f0c34b49ee4829dd6b57cc7310edfce30b960,payload
WRITING_ARCHITECT.zip!WRITING_ARCHITECT/Module writing/SOVEREIGN_PROGRAM_REPOSITORY_v1.2.0-RC2.zip!SOV_v1.2.0/06_OPERATIONS/INCIDENT_AND_RECOVERY.md,md,488,1,615e6ed310534e76063591703dd6e82ad650ebe2782325818234e08690655816,payload
WRITING_ARCHITECT.zip!WRITING_ARCHITECT/Module writing/SOVEREIGN_PROGRAM_REPOSITORY_v1.2.0-RC2.zip!SOV_v1.2.0/06_OPERATIONS/OPERATING_RHYTHM.md,md,513,1,3bf57819eecf3bd0bac1be98e30707ea71828e5d5463d6554819c5bfb999d20e,payload
WRITING_ARCHITECT.zip!WRITING_ARCHITECT/Module writing/SOVEREIGN_PROGRAM_REPOSITORY_v1.2.0-RC2.zip!SOV_v1.2.0/06_OPERATIONS/OPS-030_PROGRAM_PLAN.md,md,8044,1,de18a7c2ac0623a25a31b404016a9552b73c5d05b6f387ec724eaf86909ccf42,payload
WRITING_ARCHITECT.zip!WRITING_ARCHITECT/Module writing/SOVEREIGN_PROGRAM_REPOSITORY_v1.2.0-RC2.zip!SOV_v1.2.0/08_ARCHIVE/README.md,md,361,1,a24263b7cf331c978ca20e067d3e2d76445cab0d7d9b5bc35a4ef74e357c260c,payload
WRITING_ARCHITECT.zip!WRITING_ARCHITECT/Module writing/SOVEREIGN_PROGRAM_REPOSITORY_v1.2.0-RC2.zip!SOV_v1.2.0/08_ARCHIVE/SOURCE_MATERIALS/RESTRICTED_EXTERNAL_REFERENCES.md,md,1078,1,686d1426eff261123a899429ab0d338c2af8a2278712010fc51bd159f60762da,payload
WRITING_ARCHITECT.zip!WRITING_ARCHITECT/Module writing/SOVEREIGN_PROGRAM_REPOSITORY_v1.2.0-RC2.zip!SOV_v1.2.0/08_ARCHIVE/SOURCE_MATERIALS/README.md,md,519,1,adc600b81724cd46384ace9b2a9b92f8a28b8a7e61550fd73347f11a850cad96,payload
WRITING_ARCHITECT.zip!WRITING_ARCHITECT/Module writing/SOVEREIGN_PROGRAM_REPOSITORY_v1.2.0-RC2.zip!SOV_v1.2.0/08_ARCHIVE/SOURCE_MATERIALS/SOVEREIGN_PROGRAM_REPOSITORY_v0.1.zip,zip,40928,1,80c65817e141cf27e363778b149e5005348ca9b1e98d4d8868fd574db11bdc27,payload
WRITING_ARCHITECT.zip!WRITING_ARCHITECT/Module writing/SOVEREIGN_PROGRAM_REPOSITORY_v1.2.0-RC2.zip!SOV_v1.2.0/08_ARCHIVE/SOURCE_MATERIALS/SOVEREIGN_PROGRAM_REPOSITORY_v0.1.zip!SOVEREIGN_PROGRAM_REPOSITORY_v0.1/README.md,md,66,2,aef2711efd75435118969cd3930e488b9a1bbe61d0a15433e3e5240ed448fe9a,payload
WRITING_ARCHITECT.zip!WRITING_ARCHITECT/Module writing/SOVEREIGN_PROGRAM_REPOSITORY_v1.2.0-RC2.zip!SOV_v1.2.0/08_ARCHIVE/SOURCE_MATERIALS/SOVEREIGN_PROGRAM_REPOSITORY_v0.1.zip!SOVEREIGN_PROGRAM_REPOSITORY_v0.1/00_PMO/MISSION.md,md,69,2,2c5d6a2755f084966c98cb315534a4f532ac0216ebc5b7d3cdaf618347451ee1,payload
WRITING_ARCHITECT.zip!WRITING_ARCHITECT/Module writing/SOVEREIGN_PROGRAM_REPOSITORY_v1.2.0-RC2.zip!SOV_v1.2.0/08_ARCHIVE/SOURCE_MATERIALS/SOVEREIGN_PROGRAM_REPOSITORY_v0.1.zip!SOVEREIGN_PROGRAM_REPOSITORY_v0.1/00_PMO/CURRENT_STATE.md,md,99,2,cc1ffb32297e9b45350bf6a2d441a4d5d79765be557cb7bdf2f4a261531f0aca,payload
WRITING_ARCHITECT.zip!WRITING_ARCHITECT/Module writing/SOVEREIGN_PROGRAM_REPOSITORY_v1.2.0-RC2.zip!SOV_v1.2.0/08_ARCHIVE/SOURCE_MATERIALS/SOVEREIGN_PROGRAM_REPOSITORY_v0.1.zip!SOVEREIGN_PROGRAM_REPOSITORY_v0.1/00_PMO/NEXT_ACTION.md,md,32,2,dcfae0f94c5c5e4e7cd8f3f93ae7b3601b6e918dada77852311c991d5dfad0d0,payload
WRITING_ARCHITECT.zip!WRITING_ARCHITECT/Module writing/SOVEREIGN_PROGRAM_REPOSITORY_v1.2.0-RC2.zip!SOV_v1.2.0/08_ARCHIVE/SOURCE_MATERIALS/SOVEREIGN_PROGRAM_REPOSITORY_v0.1.zip!SOVEREIGN_PROGRAM_REPOSITORY_v0.1/00_PMO/DECISIONS.md,md,38,2,25891ffa7dcbd17a584499ff98a932bf41afa3e1863e7cf5172e1edcaff799a3,payload
WRITING_ARCHITECT.zip!WRITING_ARCHITECT/Module writing/SOVEREIGN_PROGRAM_REPOSITORY_v1.2.0-RC2.zip!SOV_v1.2.0/08_ARCHIVE/SOURCE_MATERIALS/SOVEREIGN_PROGRAM_REPOSITORY_v0.1.zip!SOVEREIGN_PROGRAM_REPOSITORY_v0.1/00_PMO/BACKLOG.md,md,30,2,d9aa64dbabac9db9e792abd396746475481a8e940eb3f2cf218cd5eb07370426,payload
WRITING_ARCHITECT.zip!WRITING_ARCHITECT/Module writing/SOVEREIGN_PROGRAM_REPOSITORY_v1.2.0-RC2.zip!SOV_v1.2.0/08_ARCHIVE/SOURCE_MATERIALS/SOVEREIGN_PROGRAM_REPOSITORY_v0.1.zip!SOVEREIGN_PROGRAM_REPOSITORY_v0.1/00_PMO/RISKS.md,md,23,2,387bbbc23cf19c2c841b5d960ac256539a57436aa71663b284a13401fbd31bb6,payload
WRITING_ARCHITECT.zip!WRITING_ARCHITECT/Module writing/SOVEREIGN_PROGRAM_REPOSITORY_v1.2.0-RC2.zip!SOV_v1.2.0/08_ARCHIVE/SOURCE_MATERIALS/SOVEREIGN_PROGRAM_REPOSITORY_v0.1.zip!SOVEREIGN_PROGRAM_REPOSITORY_v0.1/00_PMO/ROADMAP.md,md,66,2,88a817f082baafb70b97ad2c8b4958fac0a095a2a04efab7063168e718125e1d,payload
WRITING_ARCHITECT.zip!WRITING_ARCHITECT/Module writing/SOVEREIGN_PROGRAM_REPOSITORY_v1.2.0-RC2.zip!SOV_v1.2.0/08_ARCHIVE/SOURCE_MATERIALS/SOVEREIGN_PROGRAM_REPOSITORY_v0.1.zip!SOVEREIGN_PROGRAM_REPOSITORY_v0.1/00_PMO/MILESTONES.md,md,37,2,55020292101fcfc95e3535d79b8bd3122db5021f3ee50274933a1149df64743b,payload
WRITING_ARCHITECT.zip!WRITING_ARCHITECT/Module writing/SOVEREIGN_PROGRAM_REPOSITORY_v1.2.0-RC2.zip!SOV_v1.2.0/08_ARCHIVE/SOURCE_MATERIALS/SOVEREIGN_PROGRAM_REPOSITORY_v0.1.zip!SOVEREIGN_PROGRAM_REPOSITORY_v0.1/00_PMO/CHANGELOG.md,md,55,2,25bc5ca71f7a2d70fc6555da212364ebba0b2da884467852456cfeb0c61d874f,payload
WRITING_ARCHITECT.zip!WRITING_ARCHITECT/Module writing/SOVEREIGN_PROGRAM_REPOSITORY_v1.2.0-RC2.zip!SOV_v1.2.0/08_ARCHIVE/SOURCE_MATERIALS/SOVEREIGN_PROGRAM_REPOSITORY_v0.1.zip!SOVEREIGN_PROGRAM_REPOSITORY_v0.1/00_PMO/STANDARDS_INDEX.md,md,34,2,6862c27bd74aae3eee4f5c2b40a6bddcd1e204ecb3af9b52f7fad1b98306b3dd,payload
WRITING_ARCHITECT.zip!WRITING_ARCHITECT/Module writing/SOVEREIGN_PROGRAM_REPOSITORY_v1.2.0-RC2.zip!SOV_v1.2.0/08_ARCHIVE/SOURCE_MATERIALS/SOVEREIGN_PROGRAM_REPOSITORY_v0.1.zip!SOVEREIGN_PROGRAM_REPOSITORY_v0.1/00_PMO/SOVEREIGN_BUILD_LOG.docx,docx,36637,2,45b74290b78693eadb4a13188df5b271d7bb39c741b9cd2f4cf0e81161e8eb24,payload
WRITING_ARCHITECT.zip!WRITING_ARCHITECT/Module writing/SOVEREIGN_PROGRAM_REPOSITORY_v1.2.0-RC2.zip!SOV_v1.2.0/03_KNOWLEDGE/CONVERSATION_CONTINUITY.md,md,489,1,c5863f364ca1816c10ccf4d796c6f5a9a1aa2d56b0622bffafae8b54dede019d,payload
WRITING_ARCHITECT.zip!WRITING_ARCHITECT/Module writing/SOVEREIGN_PROGRAM_REPOSITORY_v1.2.0-RC2.zip!SOV_v1.2.0/03_KNOWLEDGE/INGESTION_POLICY.md,md,452,1,84706aa79af53874e5b7551a51fb25319e755a43e51f689f4cdd2e1dca2b1ad5,payload
WRITING_ARCHITECT.zip!WRITING_ARCHITECT/Module writing/SOVEREIGN_PROGRAM_REPOSITORY_v1.2.0-RC2.zip!SOV_v1.2.0/03_KNOWLEDGE/KNOWLEDGE_OBJECT_MODEL.md,md,718,1,1f057747741006b1e1ca98395b68b0c9ab4289a3340cefd1a0aa32c97dd8e3e5,payload
WRITING_ARCHITECT.zip!WRITING_ARCHITECT/Module writing/SOVEREIGN_PROGRAM_REPOSITORY_v1.2.0-RC2.zip!SOV_v1.2.0/00_PROGRAM_OFFICE/STEWARD_PREAMBLE.md,md,950,1,d813c3cc65165480e54ae67db4a388c90723910063e624e36fab4e591deff4c1,payload
WRITING_ARCHITECT.zip!WRITING_ARCHITECT/Module writing/SOVEREIGN_PROGRAM_REPOSITORY_v1.2.0-RC2.zip!SOV_v1.2.0/00_PROGRAM_OFFICE/RISK_REGISTER.md,md,1053,1,f00cd91149bbc5331adf5494ef7323ecd290b223a4f389dd67a4ea890ced9e59,payload
WRITING_ARCHITECT.zip!WRITING_ARCHITECT/Module writing/SOVEREIGN_PROGRAM_REPOSITORY_v1.2.0-RC2.zip!SOV_v1.2.0/00_PROGRAM_OFFICE/SFB-001_FOUNDATION_BASELINE.md,md,8863,1,602c8491aa0f67d29c437ae9793dab817f8a67bb30c86af3ddad58c3824de373,payload
WRITING_ARCHITECT.zip!WRITING_ARCHITECT/Module writing/SOVEREIGN_PROGRAM_REPOSITORY_v1.2.0-RC2.zip!SOV_v1.2.0/00_PROGRAM_OFFICE/DEBT_REGISTER.md,md,917,1,0c4256044d6e2825a2fb0f0f712e9c2ba43863878c906a1687c3d934760ee983,payload
WRITING_ARCHITECT.zip!WRITING_ARCHITECT/Module writing/SOVEREIGN_PROGRAM_REPOSITORY_v1.2.0-RC2.zip!SOV_v1.2.0/00_PROGRAM_OFFICE/ASSET_REGISTRY.md,md,532,1,e066d6c5bd09e77897769c5e20d029b73e51db02e46e97a90837c9e8c9e6ddf6,payload
WRITING_ARCHITECT.zip!WRITING_ARCHITECT/Module writing/SOVEREIGN_PROGRAM_REPOSITORY_v1.2.0-RC2.zip!SOV_v1.2.0/00_PROGRAM_OFFICE/ROADMAP.md,md,927,1,2bcdc8ecb52b823edc39197bd6f1603e877c946e6a6c48cf93967b8e27007061,payload
WRITING_ARCHITECT.zip!WRITING_ARCHITECT/Module writing/SOVEREIGN_PROGRAM_REPOSITORY_v1.2.0-RC2.zip!SOV_v1.2.0/00_PROGRAM_OFFICE/VISION.md,md,1869,1,117e34033a48ea512721941381c733374a112b9e507228ee3a1e195187645dde,payload
WRITING_ARCHITECT.zip!WRITING_ARCHITECT/Module writing/SOVEREIGN_PROGRAM_REPOSITORY_v1.2.0-RC2.zip!SOV_v1.2.0/00_PROGRAM_OFFICE/PROGRAM_CHARTER.md,md,1099,1,6a15ede0b3031a6898bd47ad5291449de11be5df1b1017395b75610f4a2ec845,payload
WRITING_ARCHITECT.zip!WRITING_ARCHITECT/Module writing/SOVEREIGN_PROGRAM_REPOSITORY_v1.2.0-RC2.zip!SOV_v1.2.0/00_PROGRAM_OFFICE/BUILD_LEDGER.md,md,1111,1,e42881aa3dcf82e81dc6a5163e196cc6a1851c63e70b5ab46209ab093127e99a,payload
WRITING_ARCHITECT.zip!WRITING_ARCHITECT/Module writing/SOVEREIGN_PROGRAM_REPOSITORY_v1.2.0-RC2.zip!SOV_v1.2.0/00_PROGRAM_OFFICE/CHANGELOG.md,md,2043,1,95141756acdeef368380cbc8a91ddcf2408d7df4dc009872bb0ab77cad62ff71,payload
WRITING_ARCHITECT.zip!WRITING_ARCHITECT/Module writing/SOVEREIGN_PROGRAM_REPOSITORY_v1.2.0-RC2.zip!SOV_v1.2.0/00_PROGRAM_OFFICE/GOV-003_GOVERNANCE_FRAMEWORK.md,md,12848,1,587c38b5e6fb8ceb39cd83f9a07b39189eb812f29a2be5ceb9d80628e873bc2d,payload
WRITING_ARCHITECT.zip!WRITING_ARCHITECT/Module writing/SOVEREIGN_PROGRAM_REPOSITORY_v1.2.0-RC2.zip!SOV_v1.2.0/00_PROGRAM_OFFICE/CONSTITUTION.md,md,1476,1,695a875ac5cc32aeeaab9ea02c9ad58f637a9a10129d906f469210e9d12740f9,payload
WRITING_ARCHITECT.zip!WRITING_ARCHITECT/Module writing/SOVEREIGN_PROGRAM_REPOSITORY_v1.2.0-RC2.zip!SOV_v1.2.0/00_PROGRAM_OFFICE/DECISION_REGISTER.md,md,1190,1,4065b9b4e7046e42d2885f45132dc203b5fc0823b7d8e30960db5fdebc537181,payload
WRITING_ARCHITECT.zip!WRITING_ARCHITECT/Module writing/SOVEREIGN_PROGRAM_REPOSITORY_v1.2.0-RC2.zip!SOV_v1.2.0/00_PROGRAM_OFFICE/FOUNDATION_RATIFICATION_PACKET.md,md,1951,1,db93e63ce24e071fa964d072d82956b1bb88a6f77b3c3266bfa70d292e7fbc3c,payload
WRITING_ARCHITECT.zip!WRITING_ARCHITECT/Module writing/SOVEREIGN_PROGRAM_REPOSITORY_v1.2.0-RC2.zip!SOV_v1.2.0/01_ENGINEERING/SEM-001_ENGINEERING_MANUAL.md,md,13489,1,0d84bf352ba81eef9de4be40035c557a3a169c451d1f38aea53c51b89d3a7d50,payload
WRITING_ARCHITECT.zip!WRITING_ARCHITECT/Module writing/SOVEREIGN_PROGRAM_REPOSITORY_v1.2.0-RC2.zip!SOV_v1.2.0/01_ENGINEERING/SES/SES-012_PROFESSIONAL_PRACTICE.md,md,2499,1,12b5648552f649b8b18cab3b0296ecc7b70467c7a718be8eb0ef2fa01a567654,payload
WRITING_ARCHITECT.zip!WRITING_ARCHITECT/Module writing/SOVEREIGN_PROGRAM_REPOSITORY_v1.2.0-RC2.zip!SOV_v1.2.0/01_ENGINEERING/SES/SES-013_REQUIREMENTS.md,md,2646,1,28a7bc02f67c2a73f138d9d6f1645c688a5fb6458323bf7769837ce93f938240,payload
WRITING_ARCHITECT.zip!WRITING_ARCHITECT/Module writing/SOVEREIGN_PROGRAM_REPOSITORY_v1.2.0-RC2.zip!SOV_v1.2.0/01_ENGINEERING/SES/SES-005_DECISION_AND_CHANGE_CONTROL.md,md,556,1,5e54b2e970e58fb0d6a4195aaaf0081992182a431450935a187f6af5a56efb17,payload
WRITING_ARCHITECT.zip!WRITING_ARCHITECT/Module writing/SOVEREIGN_PROGRAM_REPOSITORY_v1.2.0-RC2.zip!SOV_v1.2.0/01_ENGINEERING/SES/SES-011_TERMINOLOGY.md,md,3042,1,4a813db161e8bbb55c5a08053703a8d0ac1d689a41bd8531ba4b1235294d4320,payload
WRITING_ARCHITECT.zip!WRITING_ARCHITECT/Module writing/SOVEREIGN_PROGRAM_REPOSITORY_v1.2.0-RC2.zip!SOV_v1.2.0/01_ENGINEERING/SES/SES-009_KNOWLEDGE_STANDARD.md,md,553,1,e1889daec495aaf2ace0fb3799a387924318bcb57bd64253b8f80fafc7db20e5,payload
WRITING_ARCHITECT.zip!WRITING_ARCHITECT/Module writing/SOVEREIGN_PROGRAM_REPOSITORY_v1.2.0-RC2.zip!SOV_v1.2.0/01_ENGINEERING/SES/SES-004_ASSET_LIFECYCLE.md,md,467,1,8d0b0188747537286be459a62b5af059a0bf8c98c9ba2df48d4063dae97b6f04,payload
WRITING_ARCHITECT.zip!WRITING_ARCHITECT/Module writing/SOVEREIGN_PROGRAM_REPOSITORY_v1.2.0-RC2.zip!SOV_v1.2.0/01_ENGINEERING/SES/SES-007_RELEASE_AND_VERSIONING.md,md,507,1,e84fb5599fd2644f99879a621c49e6b971ade2b3532d444d17d1e73d3a5bbf57,payload
WRITING_ARCHITECT.zip!WRITING_ARCHITECT/Module writing/SOVEREIGN_PROGRAM_REPOSITORY_v1.2.0-RC2.zip!SOV_v1.2.0/01_ENGINEERING/SES/SES-006_QUALITY_AND_ACCEPTANCE.md,md,537,1,5f0ff5f256ae65e5a0eca9519e170f8477ad1038eb49670e96d5e30aeaf05fb3,payload
WRITING_ARCHITECT.zip!WRITING_ARCHITECT/Module writing/SOVEREIGN_PROGRAM_REPOSITORY_v1.2.0-RC2.zip!SOV_v1.2.0/01_ENGINEERING/SES/SES-008_SECURITY_AND_PRIVACY.md,md,572,1,20f625e3fa293eb5e65207f65c3f6f75295f0d58cdcf4124afdad457946cb51c,payload
WRITING_ARCHITECT.zip!WRITING_ARCHITECT/Module writing/SOVEREIGN_PROGRAM_REPOSITORY_v1.2.0-RC2.zip!SOV_v1.2.0/01_ENGINEERING/SES/SES-001_REPOSITORY_ARCHITECTURE.md,md,735,1,f1a203e1fd79d5e68b4ab3636145c9dff6f4de57b608ca8fcc93b67190d8e152,payload
WRITING_ARCHITECT.zip!WRITING_ARCHITECT/Module writing/SOVEREIGN_PROGRAM_REPOSITORY_v1.2.0-RC2.zip!SOV_v1.2.0/01_ENGINEERING/SES/SES-010_RESEARCH_STANDARD.md,md,585,1,fadc3740a9698336f98607fb7a564fe1f78a5d4ef5611e9797a7ed903c5ee258,payload
WRITING_ARCHITECT.zip!WRITING_ARCHITECT/Module writing/SOVEREIGN_PROGRAM_REPOSITORY_v1.2.0-RC2.zip!SOV_v1.2.0/01_ENGINEERING/SES/SES-000_RETIRED.md,md,369,1,b11771edd9dd7d90da58a95e95537f03f3272b6bdd799cbf23c628129e7c7d62,payload
WRITING_ARCHITECT.zip!WRITING_ARCHITECT/Module writing/SOVEREIGN_PROGRAM_REPOSITORY_v1.2.0-RC2.zip!SOV_v1.2.0/01_ENGINEERING/SES/SES-002_METADATA_STANDARD.md,md,563,1,312edfee74eb9efbf0feadfdf1e2579d5879fc66f3bd9b419780bc3a4e67b54b,payload
WRITING_ARCHITECT.zip!WRITING_ARCHITECT/Module writing/SOVEREIGN_PROGRAM_REPOSITORY_v1.2.0-RC2.zip!SOV_v1.2.0/01_ENGINEERING/SES/SES-003_NAMING_STANDARD.md,md,542,1,6ca6f24d77f7621b1e6bd25b9e51548c192fba8a8c6c4fb7e81c038d03b96ccd,payload
WRITING_ARCHITECT.zip!WRITING_ARCHITECT/Module writing/SOVEREIGN_PROGRAM_REPOSITORY_v1.2.0-RC2.zip!SOV_v1.2.0/01_ENGINEERING/ADR/ADR-0001.md,md,760,1,c65064a4dc84632c139bb316610d80d5838324abb2d2819bff3c1d9d35ddadf6,payload
WRITING_ARCHITECT.zip!WRITING_ARCHITECT/Module writing/SOVEREIGN_PROGRAM_REPOSITORY_v1.2.0-RC2.zip!SOV_v1.2.0/01_ENGINEERING/ADR/ADR-0004.md,md,715,1,524c6347780666067f0e15ff6b81635da113a9e5fd4a7b0711a08ebcd5ef5beb,payload
WRITING_ARCHITECT.zip!WRITING_ARCHITECT/Module writing/SOVEREIGN_PROGRAM_REPOSITORY_v1.2.0-RC2.zip!SOV_v1.2.0/01_ENGINEERING/ADR/ADR-0010.md,md,665,1,6d9f259b4ac3fd2aa405fe024221914c7646b2d8889f4aef299f0177815cddbe,payload
WRITING_ARCHITECT.zip!WRITING_ARCHITECT/Module writing/SOVEREIGN_PROGRAM_REPOSITORY_v1.2.0-RC2.zip!SOV_v1.2.0/01_ENGINEERING/ADR/ADR-0011.md,md,621,1,24f9309f8f8a111cdb42404b574425cea5e358356f6b97749fe35d3ba1a7a94d,payload
WRITING_ARCHITECT.zip!WRITING_ARCHITECT/Module writing/SOVEREIGN_PROGRAM_REPOSITORY_v1.2.0-RC2.zip!SOV_v1.2.0/01_ENGINEERING/ADR/ADR-0005.md,md,825,1,8a8e8ab94c454192c7d65dbb6843cf931f5e48a01289d1db2e1246a12e148872,payload
WRITING_ARCHITECT.zip!WRITING_ARCHITECT/Module writing/SOVEREIGN_PROGRAM_REPOSITORY_v1.2.0-RC2.zip!SOV_v1.2.0/01_ENGINEERING/ADR/ADR_TEMPLATE.md,md,385,1,94c2b07ea7e90215250dea3e7f4cfcd3a7a320476070f250f37deadbb86ea18e,payload
WRITING_ARCHITECT.zip!WRITING_ARCHITECT/Module writing/SOVEREIGN_PROGRAM_REPOSITORY_v1.2.0-RC2.zip!SOV_v1.2.0/01_ENGINEERING/ADR/ADR-0009.md,md,665,1,04e0d7b658fd84fe7eb6d0193647b11e0eea466e39536ca3bc1e03320457df92,payload
WRITING_ARCHITECT.zip!WRITING_ARCHITECT/Module writing/SOVEREIGN_PROGRAM_REPOSITORY_v1.2.0-RC2.zip!SOV_v1.2.0/01_ENGINEERING/ADR/ADR-0003.md,md,764,1,d3c869a9125dd413389d0f93fbe3b7360f6b8e7b2cd15c6b5663f3dd0dde9f10,payload
WRITING_ARCHITECT.zip!WRITING_ARCHITECT/Module writing/SOVEREIGN_PROGRAM_REPOSITORY_v1.2.0-RC2.zip!SOV_v1.2.0/01_ENGINEERING/ADR/ADR-0006.md,md,771,1,6b1ee4b8e1619a52eebc43fa5c4df58a713e649233493fcf5946723b3b784b80,payload
WRITING_ARCHITECT.zip!WRITING_ARCHITECT/Module writing/SOVEREIGN_PROGRAM_REPOSITORY_v1.2.0-RC2.zip!SOV_v1.2.0/01_ENGINEERING/ADR/ADR-0007.md,md,523,1,7e10a205acd372aeb38e3a9f1c0e04cc749a8ffa6406212af618ab1de8c75524,payload
WRITING_ARCHITECT.zip!WRITING_ARCHITECT/Module writing/SOVEREIGN_PROGRAM_REPOSITORY_v1.2.0-RC2.zip!SOV_v1.2.0/01_ENGINEERING/ADR/ADR-0008.md,md,661,1,c05f45670bcd31795b21344e8d92c473a3c40180bf4f195f12f17b9e099e97b8,payload
WRITING_ARCHITECT.zip!WRITING_ARCHITECT/Module writing/SOVEREIGN_PROGRAM_REPOSITORY_v1.2.0-RC2.zip!SOV_v1.2.0/01_ENGINEERING/ADR/ADR-0002.md,md,730,1,802e09a42fd04c3dc4b555a2f846c3dc54313fd6fcec7d1f1aee7282969db1b2,payload
WRITING_ARCHITECT.zip!WRITING_ARCHITECT/Module writing/SOVEREIGN_PROGRAM_REPOSITORY_v1.2.0-RC2.zip!SOV_v1.2.0/01_ENGINEERING/RESEARCH/MASTER_PLAN_RSH-006.md,md,13443,1,21600e4ac1e7f07eccb9ab5279ac254451d99361ed99c7915ea59c8333b6b1fb,payload
WRITING_ARCHITECT.zip!WRITING_ARCHITECT/Module writing/SOVEREIGN_PROGRAM_REPOSITORY_v1.2.0-RC2.zip!SOV_v1.2.0/01_ENGINEERING/RESEARCH/BC-0003/RESEARCH_DOCTRINE.md,md,9692,1,8c6611e2499912c1912aaedf5feef5a56d181b75f335ec8a1dfebd373d81fec0,payload
WRITING_ARCHITECT.zip!WRITING_ARCHITECT/Module writing/SOVEREIGN_PROGRAM_REPOSITORY_v1.2.0-RC2.zip!SOV_v1.2.0/01_ENGINEERING/RESEARCH/BC-0003/SOURCE_REGISTER.md,md,6274,1,0fd541e3adedb90b5fda5b18499ef32ab8f4499a446dd2e7b10fa031a12d40f6,payload
WRITING_ARCHITECT.zip!WRITING_ARCHITECT/Module writing/SOVEREIGN_PROGRAM_REPOSITORY_v1.2.0-RC2.zip!SOV_v1.2.0/01_ENGINEERING/RESEARCH/BC-0003/FINDINGS.md,md,11618,1,77933a158c02e8122ac1899696988d72023572454726e051c25ba12af211c11d,payload
WRITING_ARCHITECT.zip!WRITING_ARCHITECT/Module writing/SOVEREIGN_PROGRAM_REPOSITORY_v1.2.0-RC2.zip!SOV_v1.2.0/01_ENGINEERING/RESEARCH/BC-0003/PROPOSED_ADRS_AND_BUILD_PLAN.md,md,4754,1,5a24208f2303d60839bab06be1bab40803bafe3ebc339cfbbcd6ee397262491a,payload
WRITING_ARCHITECT.zip!WRITING_ARCHITECT/Module writing/SOVEREIGN_PROGRAM_REPOSITORY_v1.2.0-RC2.zip!SOV_v1.2.0/01_ENGINEERING/RESEARCH/BC-0003/OPTIONS_AND_RECOMMENDATIONS.md,md,7502,1,77034d5e00f78b871d66ab4a91df1975101677d931d35bca59eb04082b855f1b,payload
WRITING_ARCHITECT.zip!WRITING_ARCHITECT/Module writing/SOVEREIGN_PROGRAM_REPOSITORY_v1.2.0-RC2.zip!SOV_v1.2.0/01_ENGINEERING/ARCH/ARCH-002_INFORMATION_ARCHITECTURE.md,md,6128,1,716e3ab2532f7dd33e49f8dd40e1b177c4a4a8af18c436b28b3a66d5934c3dfb,payload
WRITING_ARCHITECT.zip!WRITING_ARCHITECT/Module writing/SOVEREIGN_PROGRAM_REPOSITORY_v1.2.0-RC2.zip!SOV_v1.2.0/01_ENGINEERING/ARCH/ARCH-001_BLUEPRINT_PART_I.md,md,13879,1,5f7194c6d81f1f272e2448456d240434b4d0a564db6e32061b20d68d3d06ddc0,payload
WRITING_ARCHITECT.zip!WRITING_ARCHITECT/Module writing/SOVEREIGN_PROGRAM_REPOSITORY_v1.2.0-RC2.zip!SOV_v1.2.0/07_LAB/README.md,md,388,1,bba5a061a12b2e711c507869228a705371140927c1ae2cf6438e8963d713220d,payload
WRITING_ARCHITECT.zip!WRITING_ARCHITECT/Module writing/SOVEREIGN_PROGRAM_REPOSITORY_v1.2.0-RC2.zip!SOV_v1.2.0/07_LAB/HXIA_PROTOTYPES/PROTOTYPE_R0.2.html,html,18825,1,0e5b5b6d957a5049df1bdcd2738b761ff8eab7eac3e7f26458d90ab6eea740e7,payload
WRITING_ARCHITECT.zip!WRITING_ARCHITECT/Module writing/SOVEREIGN_PROGRAM_REPOSITORY_v1.2.0-RC2.zip!SOV_v1.2.0/07_LAB/HXIA_PROTOTYPES/PROTOTYPE_R0.1.html,html,17236,1,92272db407d1d3e570392ca73d7ded9422f04efa9b4158f9584108073dbde690,payload
WRITING_ARCHITECT.zip!WRITING_ARCHITECT/Module writing/SOVEREIGN_PROGRAM_REPOSITORY_v1.2.0-RC2.zip!SOV_v1.2.0/09_QUALITY/QMS-011_SDS_MASTER_REPORT.md,md,10690,1,5c9e0707a8db20602f1f8658d63b4d65cc9861f327276eb9349e06cfeebb96ef,payload
WRITING_ARCHITECT.zip!WRITING_ARCHITECT/Module writing/SOVEREIGN_PROGRAM_REPOSITORY_v1.2.0-RC2.zip!SOV_v1.2.0/09_QUALITY/FOUNDATION_GATE_REPORT.md,md,688,1,041d92ee6fe3210f275d0b741ba6bfc7a2d0ce0214079744a8c152b8adf30e9f,payload
WRITING_ARCHITECT.zip!WRITING_ARCHITECT/Module writing/SOVEREIGN_PROGRAM_REPOSITORY_v1.2.0-RC2.zip!SOV_v1.2.0/09_QUALITY/AUDIT_2026-07-19.md,md,2914,1,f09da40e4abd7d687123a911ad4b02d73e4b8a1333615a6c89411b58b04b0e5b,payload
WRITING_ARCHITECT.zip!WRITING_ARCHITECT/Module writing/SOVEREIGN_PROGRAM_REPOSITORY_v1.2.0-RC2.zip!SOV_v1.2.0/09_QUALITY/REPOSITORY_HEALTH.md,md,549,1,391ee1c97a7cc31870b06098042993267df0ac8e2addd49afe70fc9599466c88,payload
WRITING_ARCHITECT.zip!WRITING_ARCHITECT/Module writing/SOVEREIGN_PROGRAM_REPOSITORY_v1.2.0-RC2.zip!SOV_v1.2.0/09_QUALITY/QUALITY_MANAGEMENT_SYSTEM.md,md,466,1,cb8be177943d0f3bbd763b320809cf05cfc782d40f3bb3cd8b35e95a9f6dd05b,payload
WRITING_ARCHITECT.zip!WRITING_ARCHITECT/Module writing/SOVEREIGN_PROGRAM_REPOSITORY_v1.2.0-RC2.zip!SOV_v1.2.0/09_QUALITY/QMS-012_PHASE0_STATE_AUDIT.md,md,2086,1,1f4056fb2ed421c2312ae05418136f9a5fe7528f0508fd0f76c5730a7e09d0c4,payload
WRITING_ARCHITECT.zip!WRITING_ARCHITECT/Module writing/SOVEREIGN_PROGRAM_REPOSITORY_v1.2.0-RC2.zip!SOV_v1.2.0/Bootstrap_Package/01_REGISTRY/ASSET_REGISTRY.json,json,20634,1,2a4ae89f862d22642c3dbdabde6c38f36a9f765200d1203b416821d8ec74c40a,payload
WRITING_ARCHITECT.zip!WRITING_ARCHITECT/Module writing/SOVEREIGN_PROGRAM_REPOSITORY_v1.2.0-RC2.zip!SOV_v1.2.0/Bootstrap_Package/02_GOVERNANCE/ACTIVE_ADRS.json,json,1985,1,d7934308285e0cf1e4cc76e230eada76d53f0495faff259975672ae93c7e5e75,payload
WRITING_ARCHITECT.zip!WRITING_ARCHITECT/Module writing/SOVEREIGN_PROGRAM_REPOSITORY_v1.2.0-RC2.zip!SOV_v1.2.0/Bootstrap_Package/03_KNOWLEDGE/TERMINOLOGY.md,md,3042,1,4a813db161e8bbb55c5a08053703a8d0ac1d689a41bd8531ba4b1235294d4320,payload
WRITING_ARCHITECT.zip!WRITING_ARCHITECT/Module writing/SOVEREIGN_PROGRAM_REPOSITORY_v1.2.0-RC2.zip!SOV_v1.2.0/Bootstrap_Package/05_SESSION/NEXT_ACTIONS.md,md,843,1,2226fd093db1ffe1463273dfdb4996eb65012ed23fdab22117c30b491e1a8186,payload
WRITING_ARCHITECT.zip!WRITING_ARCHITECT/Module writing/SOVEREIGN_PROGRAM_REPOSITORY_v1.2.0-RC2.zip!SOV_v1.2.0/Bootstrap_Package/99_RECOVERY/RESTORE_PROCEDURE.md,md,226,1,b6f17e0f6ac6eb33ffab604abe00d129206bf4299994d9a7437a49c3071d6df9,payload
WRITING_ARCHITECT.zip!WRITING_ARCHITECT/Module writing/SOVEREIGN_PROGRAM_REPOSITORY_v1.2.0-RC2.zip!SOV_v1.2.0/Bootstrap_Package/00_MANIFEST/FOUNDATION_MANIFEST.json,json,378,1,929efb8efc8fc3e48e2f9141e740bded30e8f0383f1093a01e3dbeef23c06f3c,payload
WRITING_ARCHITECT.zip!WRITING_ARCHITECT/Module writing/SOVEREIGN_PROGRAM_REPOSITORY_v1.2.0-RC2.zip!SOV_v1.2.0/02_PLATFORM/PLATFORM_REQUIREMENTS.md,md,765,1,77cd3293ab49feb21b8d3be92b1abff7e2506d32cc2cfbf53be172029e31a623,payload
WRITING_ARCHITECT.zip!WRITING_ARCHITECT/Module writing/SOVEREIGN_PROGRAM_REPOSITORY_v1.2.0-RC2.zip!SOV_v1.2.0/02_PLATFORM/BACKUP_AND_RECOVERY_REQUIREMENTS.md,md,487,1,233e3bbb03dde175702fe576b77eae1a529e71cddd87e483182ba66e523b619e,payload
WRITING_ARCHITECT.zip!WRITING_ARCHITECT/Module writing/SOVEREIGN_PROGRAM_REPOSITORY_v1.2.0-RC2.zip!SOV_v1.2.0/02_PLATFORM/SECURITY_BASELINE.md,md,511,1,c01ef4becf0b659dae9122db240566da70e3d321c0835323cd87389c09781aa1,payload
WRITING_ARCHITECT.zip!__MACOSX/WRITING_ARCHITECT/Module writing/._SOVEREIGN_PROGRAM_REPOSITORY_v1.2.0-RC2.zip,zip,219,0,183d5f9ccea67024dcb7092db8834c69e7c17eabb356a6f322b8cc5b5563dfc0,packaging
WRITING_ARCHITECT.zip!WRITING_ARCHITECT/Module writing/SOVEREIGN_MASTER_v1.4,4,88833,0,5567c8b9a3df245aad16a0d422a19bd6062c5caa4641273926056c404bdecf76,payload
WRITING_ARCHITECT.zip!__MACOSX/WRITING_ARCHITECT/Module writing/._SOVEREIGN_MASTER_v1.4,4,219,0,183d5f9ccea67024dcb7092db8834c69e7c17eabb356a6f322b8cc5b5563dfc0,packaging
WRITING_ARCHITECT.zip!WRITING_ARCHITECT/Module writing/SOVEREIGN_MASTER_v1.4 2,4 2,88833,0,5567c8b9a3df245aad16a0d422a19bd6062c5caa4641273926056c404bdecf76,payload
WRITING_ARCHITECT.zip!__MACOSX/WRITING_ARCHITECT/Module writing/._SOVEREIGN_MASTER_v1.4 2,4 2,275,0,1974bb2a7c4e3ca5b5210f09daedd7b9ce36b373d666453aff2d1215e63e9b20,packaging
WRITING_ARCHITECT.zip!WRITING_ARCHITECT/Module writing/WRITING_SYSTEM/CH01_BLUEPRINT.docx,docx,36641,0,b6830e95b80f84b76fc173853b750f00fdafb516c2a9508dddd826f8f7016312,payload
WRITING_ARCHITECT.zip!__MACOSX/WRITING_ARCHITECT/Module writing/WRITING_SYSTEM/._CH01_BLUEPRINT.docx,docx,280,0,b4fcd0556908293aa71fe2533f599c17323dd26c929891f5e1ee5847a0635740,packaging
WRITING_ARCHITECT.zip!WRITING_ARCHITECT/Module writing/WRITING_SYSTEM/SYSTEM_README.docx,docx,36716,0,dc48095f5634e5b6ad3028c785329b23c98b9bbbed52f60664a9efdf2300ed4c,payload
WRITING_ARCHITECT.zip!__MACOSX/WRITING_ARCHITECT/Module writing/WRITING_SYSTEM/._SYSTEM_README.docx,docx,224,0,2a152f458debc0c6ded871c32715ad4d0ea4141d2631cf6d94148ea7f0954139,packaging
WRITING_ARCHITECT.zip!WRITING_ARCHITECT/Module writing/WRITING_SYSTEM/CH02_BLUEPRINT.docx,docx,36641,0,113c268cac923dee63a33f8ee6bacdaa46b3cfae1c88aef68f8a05cd7c76b45e,payload
WRITING_ARCHITECT.zip!__MACOSX/WRITING_ARCHITECT/Module writing/WRITING_SYSTEM/._CH02_BLUEPRINT.docx,docx,224,0,2a152f458debc0c6ded871c32715ad4d0ea4141d2631cf6d94148ea7f0954139,packaging
WRITING_ARCHITECT.zip!WRITING_ARCHITECT/Module writing/WRITING_SYSTEM/MANUSCRIPT_MASTER.docx,docx,36639,0,9030721938bd5190775d4841308a187cf2aee7c3e55e2070fa8d4663d9b8493b,payload
WRITING_ARCHITECT.zip!__MACOSX/WRITING_ARCHITECT/Module writing/WRITING_SYSTEM/._MANUSCRIPT_MASTER.docx,docx,224,0,2a152f458debc0c6ded871c32715ad4d0ea4141d2631cf6d94148ea7f0954139,packaging
WRITING_ARCHITECT.zip!WRITING_ARCHITECT/UNHINDERED_MASTERY_SYSTEM_v2_0_2026-06-21/UNHINDERED_MASTERY_SYSTEM_v2_0_2026-06-21/package_manifest.json,json,1080,0,9fcf284e52f3b9865bbbf12599dcae4e671c2b4008e95f79c1bea9bc47aa76bf,payload
WRITING_ARCHITECT.zip!__MACOSX/WRITING_ARCHITECT/UNHINDERED_MASTERY_SYSTEM_v2_0_2026-06-21/UNHINDERED_MASTERY_SYSTEM_v2_0_2026-06-21/._package_manifest.json,json,219,0,183d5f9ccea67024dcb7092db8834c69e7c17eabb356a6f322b8cc5b5563dfc0,packaging
WRITING_ARCHITECT.zip!WRITING_ARCHITECT/UNHINDERED_MASTERY_SYSTEM_v2_0_2026-06-21/UNHINDERED_MASTERY_SYSTEM_v2_0_2026-06-21/SHA256SUMS.txt,txt,984,0,5c8d05f0b57376c70d61f320dbd2b091e3325842553f726cccfa0a2ae2cd8d18,payload
WRITING_ARCHITECT.zip!__MACOSX/WRITING_ARCHITECT/UNHINDERED_MASTERY_SYSTEM_v2_0_2026-06-21/UNHINDERED_MASTERY_SYSTEM_v2_0_2026-06-21/._SHA256SUMS.txt,txt,219,0,183d5f9ccea67024dcb7092db8834c69e7c17eabb356a6f322b8cc5b5563dfc0,packaging
WRITING_ARCHITECT.zip!WRITING_ARCHITECT/UNHINDERED_MASTERY_SYSTEM_v2_0_2026-06-21/UNHINDERED_MASTERY_SYSTEM_v2_0_2026-06-21/README_FIRST.txt,txt,747,0,6f5ed585c16deb08c16b55e0634151cdfb98f74222597b8a53fcf25b2db21be7,payload
WRITING_ARCHITECT.zip!__MACOSX/WRITING_ARCHITECT/UNHINDERED_MASTERY_SYSTEM_v2_0_2026-06-21/UNHINDERED_MASTERY_SYSTEM_v2_0_2026-06-21/._README_FIRST.txt,txt,219,0,183d5f9ccea67024dcb7092db8834c69e7c17eabb356a6f322b8cc5b5563dfc0,packaging
WRITING_ARCHITECT.zip!WRITING_ARCHITECT/Module writing/WRITING_SYSTEM/RUNTIME/runtime_operation_routes.docx,docx,38092,0,59436d6cc8e184d690fe175872872a572972fa6f205618d9ded8be4e913afaec,payload
WRITING_ARCHITECT.zip!__MACOSX/WRITING_ARCHITECT/Module writing/WRITING_SYSTEM/RUNTIME/._runtime_operation_routes.docx,docx,224,0,2a152f458debc0c6ded871c32715ad4d0ea4141d2631cf6d94148ea7f0954139,packaging
WRITING_ARCHITECT.zip!WRITING_ARCHITECT/Module writing/WRITING_SYSTEM/RUNTIME/runtime_replay_policy.docx,docx,37545,0,6df2cbe95002c73ffe1667e575b67331496fe5738f3c5625806ad5a7a50aa5d7,payload
WRITING_ARCHITECT.zip!__MACOSX/WRITING_ARCHITECT/Module writing/WRITING_SYSTEM/RUNTIME/._runtime_replay_policy.docx,docx,224,0,2a152f458debc0c6ded871c32715ad4d0ea4141d2631cf6d94148ea7f0954139,packaging
WRITING_ARCHITECT.zip!WRITING_ARCHITECT/Module writing/WRITING_SYSTEM/RUNTIME/schema_trace_and_checkpoint.docx,docx,37169,0,2a2c268ef36a057cc2e2848bbcb00a99b61a5c51c28a64fb63f28b041baedabe,payload
WRITING_ARCHITECT.zip!__MACOSX/WRITING_ARCHITECT/Module writing/WRITING_SYSTEM/RUNTIME/._schema_trace_and_checkpoint.docx,docx,224,0,2a152f458debc0c6ded871c32715ad4d0ea4141d2631cf6d94148ea7f0954139,packaging
WRITING_ARCHITECT.zip!WRITING_ARCHITECT/Module writing/WRITING_SYSTEM/RUNTIME/runtime_trace_parity_map.docx,docx,37501,0,aeb093f264c8ccf4a0818e4888b33b264189c0c4d62ef9ff7f2550249a311ab0,payload
WRITING_ARCHITECT.zip!__MACOSX/WRITING_ARCHITECT/Module writing/WRITING_SYSTEM/RUNTIME/._runtime_trace_parity_map.docx,docx,224,0,2a152f458debc0c6ded871c32715ad4d0ea4141d2631cf6d94148ea7f0954139,packaging
WRITING_ARCHITECT.zip!WRITING_ARCHITECT/Module writing/WRITING_SYSTEM/RUNTIME/runtime_live_validation_protocol.docx,docx,37301,0,75119dc6d605f54bcb8b0707d01aea11e9c737f5cf47532437b2f663aef1e0cd,payload
WRITING_ARCHITECT.zip!__MACOSX/WRITING_ARCHITECT/Module writing/WRITING_SYSTEM/RUNTIME/._runtime_live_validation_protocol.docx,docx,224,0,2a152f458debc0c6ded871c32715ad4d0ea4141d2631cf6d94148ea7f0954139,packaging
WRITING_ARCHITECT.zip!WRITING_ARCHITECT/Module writing/WRITING_SYSTEM/RUNTIME/runtime_equivalence_test_map.docx,docx,36872,0,0611240b32394016e7604d381e6be7752b33a565b8e20609fb05c6ffda6cbdff,payload
WRITING_ARCHITECT.zip!__MACOSX/WRITING_ARCHITECT/Module writing/WRITING_SYSTEM/RUNTIME/._runtime_equivalence_test_map.docx,docx,224,0,2a152f458debc0c6ded871c32715ad4d0ea4141d2631cf6d94148ea7f0954139,packaging
WRITING_ARCHITECT.zip!WRITING_ARCHITECT/Module writing/WRITING_SYSTEM/RUNTIME/runtime_shadow_mode_policy.docx,docx,37619,0,30956d3c7272c5eee685b9568ac01dc268e1cf68e3df8d701442d50b909ad49d,payload
WRITING_ARCHITECT.zip!__MACOSX/WRITING_ARCHITECT/Module writing/WRITING_SYSTEM/RUNTIME/._runtime_shadow_mode_policy.docx,docx,224,0,2a152f458debc0c6ded871c32715ad4d0ea4141d2631cf6d94148ea7f0954139,packaging
WRITING_ARCHITECT.zip!WRITING_ARCHITECT/Module writing/WRITING_SYSTEM/RUNTIME/runtime_override_control_rules.docx,docx,37513,0,aba558c91884f3e869936b4d34483f8689083e571680fe2a0831521ca58f4a6c,payload
WRITING_ARCHITECT.zip!__MACOSX/WRITING_ARCHITECT/Module writing/WRITING_SYSTEM/RUNTIME/._runtime_override_control_rules.docx,docx,224,0,2a152f458debc0c6ded871c32715ad4d0ea4141d2631cf6d94148ea7f0954139,packaging
WRITING_ARCHITECT.zip!WRITING_ARCHITECT/Module writing/WRITING_SYSTEM/RUNTIME/runtime_trace_policy.docx,docx,37895,0,4d48ba323dea8921e46c8a030a5293476942e2e926e19c01de69b714683e1fb4,payload
WRITING_ARCHITECT.zip!__MACOSX/WRITING_ARCHITECT/Module writing/WRITING_SYSTEM/RUNTIME/._runtime_trace_policy.docx,docx,224,0,2a152f458debc0c6ded871c32715ad4d0ea4141d2631cf6d94148ea7f0954139,packaging
WRITING_ARCHITECT.zip!WRITING_ARCHITECT/Module writing/WRITING_SYSTEM/RUNTIME/schema_approval_decision_records.docx,docx,36914,0,f834c0f9ea918093c7b70e36a911cf527577fceb6a823386417c89e6e9c9c487,payload
WRITING_ARCHITECT.zip!__MACOSX/WRITING_ARCHITECT/Module writing/WRITING_SYSTEM/RUNTIME/._schema_approval_decision_records.docx,docx,224,0,2a152f458debc0c6ded871c32715ad4d0ea4141d2631cf6d94148ea7f0954139,packaging
WRITING_ARCHITECT.zip!WRITING_ARCHITECT/Module writing/WRITING_SYSTEM/RUNTIME/runtime_baseline_state_registry.docx,docx,37941,0,67565cb70d7d0b03b46de1e9f2ba5dc396558d6ef9c00f9dcbfea14f3427e67d,payload
WRITING_ARCHITECT.zip!__MACOSX/WRITING_ARCHITECT/Module writing/WRITING_SYSTEM/RUNTIME/._runtime_baseline_state_registry.docx,docx,224,0,2a152f458debc0c6ded871c32715ad4d0ea4141d2631cf6d94148ea7f0954139,packaging
WRITING_ARCHITECT.zip!WRITING_ARCHITECT/Module writing/WRITING_SYSTEM/RUNTIME/runtime_engine_equivalence_matrix.docx,docx,36918,0,4b738dd92c90210f5cd6256a6eb0f955d043c152f708297ce4c5f5474ab59981,payload
WRITING_ARCHITECT.zip!__MACOSX/WRITING_ARCHITECT/Module writing/WRITING_SYSTEM/RUNTIME/._runtime_engine_equivalence_matrix.docx,docx,224,0,2a152f458debc0c6ded871c32715ad4d0ea4141d2631cf6d94148ea7f0954139,packaging
WRITING_ARCHITECT.zip!WRITING_ARCHITECT/Module writing/WRITING_SYSTEM/RUNTIME/schema_handoff_trace_records.docx,docx,36896,0,018134d2f612749fdaeba4f32d3905f873eca7de2a36b7aecc27f66e83306cd6,payload
WRITING_ARCHITECT.zip!__MACOSX/WRITING_ARCHITECT/Module writing/WRITING_SYSTEM/RUNTIME/._schema_handoff_trace_records.docx,docx,224,0,2a152f458debc0c6ded871c32715ad4d0ea4141d2631cf6d94148ea7f0954139,packaging
WRITING_ARCHITECT.zip!WRITING_ARCHITECT/Module writing/WRITING_SYSTEM/RUNTIME/schema_trace_event_records.docx,docx,36892,0,a5ce61b294f7de395737b14005ddec5555dbdf58652810089b778b32ac7ee931,payload
WRITING_ARCHITECT.zip!__MACOSX/WRITING_ARCHITECT/Module writing/WRITING_SYSTEM/RUNTIME/._schema_trace_event_records.docx,docx,224,0,2a152f458debc0c6ded871c32715ad4d0ea4141d2631cf6d94148ea7f0954139,packaging
WRITING_ARCHITECT.zip!WRITING_ARCHITECT/Module writing/WRITING_SYSTEM/RUNTIME/runtime_promotion_registry.docx,docx,37623,0,160e5d9ba5fd0d186eb61d9b25d630c9090486efea92b2a8b7ef6bb8abf66a2a,payload
WRITING_ARCHITECT.zip!__MACOSX/WRITING_ARCHITECT/Module writing/WRITING_SYSTEM/RUNTIME/._runtime_promotion_registry.docx,docx,224,0,2a152f458debc0c6ded871c32715ad4d0ea4141d2631cf6d94148ea7f0954139,packaging
WRITING_ARCHITECT.zip!WRITING_ARCHITECT/Module writing/WRITING_SYSTEM/RUNTIME/runtime_failure_observation_rules.docx,docx,37467,0,c521cbe0decb1e3a43ce8d1ca1dfa13569238889aa5d088af46ac9746fc513e9,payload
WRITING_ARCHITECT.zip!__MACOSX/WRITING_ARCHITECT/Module writing/WRITING_SYSTEM/RUNTIME/._runtime_failure_observation_rules.docx,docx,224,0,2a152f458debc0c6ded871c32715ad4d0ea4141d2631cf6d94148ea7f0954139,packaging
WRITING_ARCHITECT.zip!WRITING_ARCHITECT/Module writing/WRITING_SYSTEM/RUNTIME/schema_observability_summary_records.docx,docx,36915,0,fb50727a8bf6e3465c3de9ad41135fc2caec0eaf08979564a298ea00e0c6fbb4,payload
WRITING_ARCHITECT.zip!__MACOSX/WRITING_ARCHITECT/Module writing/WRITING_SYSTEM/RUNTIME/._schema_observability_summary_records.docx,docx,224,0,2a152f458debc0c6ded871c32715ad4d0ea4141d2631cf6d94148ea7f0954139,packaging
WRITING_ARCHITECT.zip!WRITING_ARCHITECT/Module writing/WRITING_SYSTEM/RUNTIME/runtime_handoff_trace_rules.docx,docx,37370,0,fbcb88bdca7bdeaae4902f5ad482cb1ddbc695614730d6881f5bf7898c455eb6,payload
WRITING_ARCHITECT.zip!__MACOSX/WRITING_ARCHITECT/Module writing/WRITING_SYSTEM/RUNTIME/._runtime_handoff_trace_rules.docx,docx,224,0,2a152f458debc0c6ded871c32715ad4d0ea4141d2631cf6d94148ea7f0954139,packaging
WRITING_ARCHITECT.zip!WRITING_ARCHITECT/Module writing/WRITING_SYSTEM/RUNTIME/schema_runtime_replay_records.docx,docx,36893,0,89b1ba40be79abcdcc9a757f9972aa7697d5045c23a88d388491ea0240d21a2b,payload
WRITING_ARCHITECT.zip!__MACOSX/WRITING_ARCHITECT/Module writing/WRITING_SYSTEM/RUNTIME/._schema_runtime_replay_records.docx,docx,224,0,2a152f458debc0c6ded871c32715ad4d0ea4141d2631cf6d94148ea7f0954139,packaging
WRITING_ARCHITECT.zip!WRITING_ARCHITECT/Module writing/WRITING_SYSTEM/RUNTIME/runtime_live_test_scenarios.docx,docx,37744,0,f3c5c503d653c95095fabd8443d8c5021516ff29a8d63ebf112c0ddd1d323031,payload
WRITING_ARCHITECT.zip!__MACOSX/WRITING_ARCHITECT/Module writing/WRITING_SYSTEM/RUNTIME/._runtime_live_test_scenarios.docx,docx,224,0,2a152f458debc0c6ded871c32715ad4d0ea4141d2631cf6d94148ea7f0954139,packaging
WRITING_ARCHITECT.zip!WRITING_ARCHITECT/Module writing/WRITING_SYSTEM/RUNTIME/schema_runtime_trace_records.docx,docx,36911,0,ca7eeaef92635d91414931ad4258ef8291ec359a15b6c00024405ee00e275337,payload
WRITING_ARCHITECT.zip!__MACOSX/WRITING_ARCHITECT/Module writing/WRITING_SYSTEM/RUNTIME/._schema_runtime_trace_records.docx,docx,224,0,2a152f458debc0c6ded871c32715ad4d0ea4141d2631cf6d94148ea7f0954139,packaging
WRITING_ARCHITECT.zip!WRITING_ARCHITECT/Module writing/WRITING_SYSTEM/RUNTIME/runtime_approval_enforcement_policy.docx,docx,37740,0,02cb4b9d2beb37f3571f5df7a1286447e8f4599f8ec46d55ddab752edf5adb91,payload
WRITING_ARCHITECT.zip!__MACOSX/WRITING_ARCHITECT/Module writing/WRITING_SYSTEM/RUNTIME/._runtime_approval_enforcement_policy.docx,docx,224,0,2a152f458debc0c6ded871c32715ad4d0ea4141d2631cf6d94148ea7f0954139,packaging
WRITING_ARCHITECT.zip!WRITING_ARCHITECT/Module writing/WRITING_SYSTEM/RUNTIME/schema_equivalence_test_records.docx,docx,36742,0,5d3c012722306b6a02061021aa0f7e97c4ca312d0a1c08452c291213752dbf65,payload
WRITING_ARCHITECT.zip!__MACOSX/WRITING_ARCHITECT/Module writing/WRITING_SYSTEM/RUNTIME/._schema_equivalence_test_records.docx,docx,224,0,2a152f458debc0c6ded871c32715ad4d0ea4141d2631cf6d94148ea7f0954139,packaging
WRITING_ARCHITECT.zip!WRITING_ARCHITECT/Module writing/WRITING_SYSTEM/RUNTIME/schema_engine_contracts.docx,docx,37003,0,e7dd85beb39a1249059026b3a0d0073ea5bf41739c7f7dad4f514d9366a7b7a5,payload
WRITING_ARCHITECT.zip!__MACOSX/WRITING_ARCHITECT/Module writing/WRITING_SYSTEM/RUNTIME/._schema_engine_contracts.docx,docx,224,0,2a152f458debc0c6ded871c32715ad4d0ea4141d2631cf6d94148ea7f0954139,packaging
WRITING_ARCHITECT.zip!WRITING_ARCHITECT/Module writing/WRITING_SYSTEM/RUNTIME/schema_verdicts_and_authority.docx,docx,37097,0,d411bcf968613c4ef29a0b5071e7765294a1a5578b0b3a1485a77da99742a1ef,payload
WRITING_ARCHITECT.zip!__MACOSX/WRITING_ARCHITECT/Module writing/WRITING_SYSTEM/RUNTIME/._schema_verdicts_and_authority.docx,docx,224,0,2a152f458debc0c6ded871c32715ad4d0ea4141d2631cf6d94148ea7f0954139,packaging
WRITING_ARCHITECT.zip!WRITING_ARCHITECT/Module writing/WRITING_SYSTEM/RUNTIME/runtime_phase7_activation_status.docx,docx,36844,0,52d9243f6d6c9e437b19d0fc675407187c69356f51957a0344cdcd5e50501b56,payload
WRITING_ARCHITECT.zip!__MACOSX/WRITING_ARCHITECT/Module writing/WRITING_SYSTEM/RUNTIME/._runtime_phase7_activation_status.docx,docx,224,0,2a152f458debc0c6ded871c32715ad4d0ea4141d2631cf6d94148ea7f0954139,packaging
WRITING_ARCHITECT.zip!WRITING_ARCHITECT/Module writing/WRITING_SYSTEM/RUNTIME/runtime_failure_state_map.docx,docx,37971,0,0ab0a50ce8a3ebbfc4a5cea3174dc696ac4b3c5e118a668c60081459248972c2,payload
WRITING_ARCHITECT.zip!__MACOSX/WRITING_ARCHITECT/Module writing/WRITING_SYSTEM/RUNTIME/._runtime_failure_state_map.docx,docx,224,0,2a152f458debc0c6ded871c32715ad4d0ea4141d2631cf6d94148ea7f0954139,packaging
WRITING_ARCHITECT.zip!WRITING_ARCHITECT/Module writing/WRITING_SYSTEM/RUNTIME/schema_engine_input_output.docx,docx,38924,0,9292652eff91fdc639782edcfd9f036f9745f8e7cf1bb14c5afa1ecc94be849d,payload
WRITING_ARCHITECT.zip!__MACOSX/WRITING_ARCHITECT/Module writing/WRITING_SYSTEM/RUNTIME/._schema_engine_input_output.docx,docx,224,0,2a152f458debc0c6ded871c32715ad4d0ea4141d2631cf6d94148ea7f0954139,packaging
WRITING_ARCHITECT.zip!WRITING_ARCHITECT/Module writing/WRITING_SYSTEM/RUNTIME/schema_override_control_records.docx,docx,36899,0,cdb4111eef8c37a107363feffb8769c1e4091a53bd9c92f1d57609cc0e481d8e,payload
WRITING_ARCHITECT.zip!__MACOSX/WRITING_ARCHITECT/Module writing/WRITING_SYSTEM/RUNTIME/._schema_override_control_records.docx,docx,224,0,2a152f458debc0c6ded871c32715ad4d0ea4141d2631cf6d94148ea7f0954139,packaging
WRITING_ARCHITECT.zip!WRITING_ARCHITECT/Module writing/WRITING_SYSTEM/RUNTIME/runtime_overlay_activation_gate.docx,docx,36846,0,7f026696a56f5e78d9864e0fa5d518c1613385814caef88077ad285a7d8e93f0,payload
WRITING_ARCHITECT.zip!__MACOSX/WRITING_ARCHITECT/Module writing/WRITING_SYSTEM/RUNTIME/._runtime_overlay_activation_gate.docx,docx,224,0,2a152f458debc0c6ded871c32715ad4d0ea4141d2631cf6d94148ea7f0954139,packaging
WRITING_ARCHITECT.zip!WRITING_ARCHITECT/Module writing/WRITING_SYSTEM/RUNTIME/schema_activation_readiness_records.docx,docx,36741,0,55b4fa97c1d77b06142bff9c7198c595c57585b221055ce9aa34974428b33fb7,payload
WRITING_ARCHITECT.zip!__MACOSX/WRITING_ARCHITECT/Module writing/WRITING_SYSTEM/RUNTIME/._schema_activation_readiness_records.docx,docx,224,0,2a152f458debc0c6ded871c32715ad4d0ea4141d2631cf6d94148ea7f0954139,packaging
WRITING_ARCHITECT.zip!WRITING_ARCHITECT/Module writing/WRITING_SYSTEM/RUNTIME/runtime_go_no_go_rules.docx,docx,37120,0,8486efaad8cb0bce2483664aff0e73aa724b9dd5b736ec393be36fb93cbf453c,payload
WRITING_ARCHITECT.zip!__MACOSX/WRITING_ARCHITECT/Module writing/WRITING_SYSTEM/RUNTIME/._runtime_go_no_go_rules.docx,docx,224,0,2a152f458debc0c6ded871c32715ad4d0ea4141d2631cf6d94148ea7f0954139,packaging
WRITING_ARCHITECT.zip!WRITING_ARCHITECT/Module writing/WRITING_SYSTEM/RUNTIME/runtime_phase5_parity_map.docx,docx,37469,0,bd37f11b36fddb91224c731f6a7da167dcbd2e4a9f7608fd3885f5524ca0ce15,payload
WRITING_ARCHITECT.zip!__MACOSX/WRITING_ARCHITECT/Module writing/WRITING_SYSTEM/RUNTIME/._runtime_phase5_parity_map.docx,docx,224,0,2a152f458debc0c6ded871c32715ad4d0ea4141d2631cf6d94148ea7f0954139,packaging
WRITING_ARCHITECT.zip!WRITING_ARCHITECT/Module writing/WRITING_SYSTEM/RUNTIME/runtime_phase6_parity_status.docx,docx,36837,0,fdc5b72872347a1d84c226b3673b8f377bfb9b778dba362221e822f75e85388e,payload
WRITING_ARCHITECT.zip!__MACOSX/WRITING_ARCHITECT/Module writing/WRITING_SYSTEM/RUNTIME/._runtime_phase6_parity_status.docx,docx,224,0,2a152f458debc0c6ded871c32715ad4d0ea4141d2631cf6d94148ea7f0954139,packaging
WRITING_ARCHITECT.zip!WRITING_ARCHITECT/Module writing/WRITING_SYSTEM/RUNTIME/runtime_activation_readiness_matrix.docx,docx,36908,0,a614efb523447d36f158e9da3181c22a9f85d5c02bb811df21618fe70c467b81,payload
WRITING_ARCHITECT.zip!__MACOSX/WRITING_ARCHITECT/Module writing/WRITING_SYSTEM/RUNTIME/._runtime_activation_readiness_matrix.docx,docx,224,0,2a152f458debc0c6ded871c32715ad4d0ea4141d2631cf6d94148ea7f0954139,packaging
WRITING_ARCHITECT.zip!WRITING_ARCHITECT/Module writing/WRITING_SYSTEM/RUNTIME/runtime_observability_matrix.docx,docx,37582,0,88fecf536d5f4fd8fa56c3ce53a75bb8a179c3de910552d9bd6770448bf955e2,payload
WRITING_ARCHITECT.zip!__MACOSX/WRITING_ARCHITECT/Module writing/WRITING_SYSTEM/RUNTIME/._runtime_observability_matrix.docx,docx,224,0,2a152f458debc0c6ded871c32715ad4d0ea4141d2631cf6d94148ea7f0954139,packaging
WRITING_ARCHITECT.zip!WRITING_ARCHITECT/Module writing/WRITING_SYSTEM/RUNTIME/runtime_law_preservation_checklist.docx,docx,36841,0,0d30c076932b8cc44a90f4b796f0de7c56660af3fd54908d87d287b81d852810,payload
WRITING_ARCHITECT.zip!__MACOSX/WRITING_ARCHITECT/Module writing/WRITING_SYSTEM/RUNTIME/._runtime_law_preservation_checklist.docx,docx,224,0,2a152f458debc0c6ded871c32715ad4d0ea4141d2631cf6d94148ea7f0954139,packaging
WRITING_ARCHITECT.zip!WRITING_ARCHITECT/Module writing/WRITING_SYSTEM/RUNTIME/runtime_engine_registry.docx,docx,37989,0,7bd7b1f662ad00fc591f900023e65eac43c55a382d666bd946d38a165fa03510,payload
WRITING_ARCHITECT.zip!__MACOSX/WRITING_ARCHITECT/Module writing/WRITING_SYSTEM/RUNTIME/._runtime_engine_registry.docx,docx,224,0,2a152f458debc0c6ded871c32715ad4d0ea4141d2631cf6d94148ea7f0954139,packaging
WRITING_ARCHITECT.zip!WRITING_ARCHITECT/Module writing/WRITING_SYSTEM/RUNTIME/schema_rollback_records.docx,docx,36891,0,706416a8e371d09c880742419f60a93c8c35162514805fb9200aec0461c99b85,payload
WRITING_ARCHITECT.zip!__MACOSX/WRITING_ARCHITECT/Module writing/WRITING_SYSTEM/RUNTIME/._schema_rollback_records.docx,docx,224,0,2a152f458debc0c6ded871c32715ad4d0ea4141d2631cf6d94148ea7f0954139,packaging
WRITING_ARCHITECT.zip!WRITING_ARCHITECT/Module writing/WRITING_SYSTEM/RUNTIME/schema_overlay_activation_gate_records.docx,docx,36737,0,03c83b1a1cab3d75a5374a47b297dea91714e97f1f28fed55df74972814e34aa,payload
WRITING_ARCHITECT.zip!__MACOSX/WRITING_ARCHITECT/Module writing/WRITING_SYSTEM/RUNTIME/._schema_overlay_activation_gate_records.docx,docx,224,0,2a152f458debc0c6ded871c32715ad4d0ea4141d2631cf6d94148ea7f0954139,packaging
WRITING_ARCHITECT.zip!WRITING_ARCHITECT/Module writing/WRITING_SYSTEM/RUNTIME/schema_baseline_state_records.docx,docx,36905,0,013635f3a9ac2ac5a9df6c2f9c38b9826b1fa39e208ce989ea46e709a370c31a,payload
WRITING_ARCHITECT.zip!__MACOSX/WRITING_ARCHITECT/Module writing/WRITING_SYSTEM/RUNTIME/._schema_baseline_state_records.docx,docx,224,0,2a152f458debc0c6ded871c32715ad4d0ea4141d2631cf6d94148ea7f0954139,packaging
WRITING_ARCHITECT.zip!WRITING_ARCHITECT/Module writing/WRITING_SYSTEM/RUNTIME/schema_law_preservation_records.docx,docx,36721,0,cd6a4ae1e9be7feb4706114899959dcd21fe772bed5ea1e64ffeb0687f0c7a1a,payload
WRITING_ARCHITECT.zip!__MACOSX/WRITING_ARCHITECT/Module writing/WRITING_SYSTEM/RUNTIME/._schema_law_preservation_records.docx,docx,224,0,2a152f458debc0c6ded871c32715ad4d0ea4141d2631cf6d94148ea7f0954139,packaging
WRITING_ARCHITECT.zip!WRITING_ARCHITECT/Module writing/WRITING_SYSTEM/RUNTIME/schema_eval_and_promotion.docx,docx,37150,0,eb3f1ef1eaa2aeb00ecf83d9a283b4682d64fff8a9dc2a12b60147f019d81f1e,payload
WRITING_ARCHITECT.zip!__MACOSX/WRITING_ARCHITECT/Module writing/WRITING_SYSTEM/RUNTIME/._schema_eval_and_promotion.docx,docx,224,0,2a152f458debc0c6ded871c32715ad4d0ea4141d2631cf6d94148ea7f0954139,packaging
WRITING_ARCHITECT.zip!WRITING_ARCHITECT/Module writing/WRITING_SYSTEM/RUNTIME/runtime_approval_matrix.docx,docx,37880,0,4c5937fc1490ce52a5552678ea82ab68757f72a2952f6aa196e617745b05925a,payload
WRITING_ARCHITECT.zip!__MACOSX/WRITING_ARCHITECT/Module writing/WRITING_SYSTEM/RUNTIME/._runtime_approval_matrix.docx,docx,224,0,2a152f458debc0c6ded871c32715ad4d0ea4141d2631cf6d94148ea7f0954139,packaging
WRITING_ARCHITECT.zip!WRITING_ARCHITECT/Module writing/WRITING_SYSTEM/RUNTIME/runtime_recovery_routing.docx,docx,37525,0,a176ed8eb35ab4cfe6aecff40213118cc557d7a3de1efecd8d3b36a2d392f3c7,payload
WRITING_ARCHITECT.zip!__MACOSX/WRITING_ARCHITECT/Module writing/WRITING_SYSTEM/RUNTIME/._runtime_recovery_routing.docx,docx,224,0,2a152f458debc0c6ded871c32715ad4d0ea4141d2631cf6d94148ea7f0954139,packaging
WRITING_ARCHITECT.zip!WRITING_ARCHITECT/Module writing/WRITING_SYSTEM/RUNTIME/runtime_parity_verification_policy.docx,docx,37167,0,f428b03d5e16fb3a68bfea446841fe8612eadc86e24d1d285c25b34c0fc32558,payload
WRITING_ARCHITECT.zip!__MACOSX/WRITING_ARCHITECT/Module writing/WRITING_SYSTEM/RUNTIME/._runtime_parity_verification_policy.docx,docx,224,0,2a152f458debc0c6ded871c32715ad4d0ea4141d2631cf6d94148ea7f0954139,packaging
WRITING_ARCHITECT.zip!WRITING_ARCHITECT/Module writing/WRITING_SYSTEM/RUNTIME/schema_parity_verification_records.docx,docx,36730,0,c4d80add569dd0fb585256a88618612182aa34c0eb0a974c7e36b622676f0b62,payload
WRITING_ARCHITECT.zip!__MACOSX/WRITING_ARCHITECT/Module writing/WRITING_SYSTEM/RUNTIME/._schema_parity_verification_records.docx,docx,224,0,2a152f458debc0c6ded871c32715ad4d0ea4141d2631cf6d94148ea7f0954139,packaging
WRITING_ARCHITECT.zip!WRITING_ARCHITECT/Module writing/WRITING_SYSTEM/RUNTIME/runtime_promotion_control_matrix.docx,docx,37795,0,47d932f5d1cba1b3712d2d9e1297af8d1da0486a526a7bc2bb97b653baf20919,payload
WRITING_ARCHITECT.zip!__MACOSX/WRITING_ARCHITECT/Module writing/WRITING_SYSTEM/RUNTIME/._runtime_promotion_control_matrix.docx,docx,224,0,2a152f458debc0c6ded871c32715ad4d0ea4141d2631cf6d94148ea7f0954139,packaging
WRITING_ARCHITECT.zip!WRITING_ARCHITECT/Module writing/WRITING_SYSTEM/RUNTIME/runtime_failure_injection_map.docx,docx,36956,0,13beea99c648c98dc6353425c2a7c70cdb7071f0218c80f014e1cf9982753f8a,payload
WRITING_ARCHITECT.zip!__MACOSX/WRITING_ARCHITECT/Module writing/WRITING_SYSTEM/RUNTIME/._runtime_failure_injection_map.docx,docx,224,0,2a152f458debc0c6ded871c32715ad4d0ea4141d2631cf6d94148ea7f0954139,packaging
WRITING_ARCHITECT.zip!WRITING_ARCHITECT/Module writing/WRITING_SYSTEM/RUNTIME/schema_go_no_go_records.docx,docx,36746,0,babf45c62f9156117ac31711eb5f1e9b9576a7970c6f805b14ff939d1521e346,payload
WRITING_ARCHITECT.zip!__MACOSX/WRITING_ARCHITECT/Module writing/WRITING_SYSTEM/RUNTIME/._schema_go_no_go_records.docx,docx,224,0,2a152f458debc0c6ded871c32715ad4d0ea4141d2631cf6d94148ea7f0954139,packaging
WRITING_ARCHITECT.zip!WRITING_ARCHITECT/Module writing/WRITING_SYSTEM/RUNTIME/NEXT_ACTION_TEMPLATE.txt,txt,37,0,6a1d633f89d7e5f2c18796affc42f441256209f6e25b735e1f785e8676c3cec9,payload
WRITING_ARCHITECT.zip!__MACOSX/WRITING_ARCHITECT/Module writing/WRITING_SYSTEM/RUNTIME/._NEXT_ACTION_TEMPLATE.txt,txt,224,0,2a152f458debc0c6ded871c32715ad4d0ea4141d2631cf6d94148ea7f0954139,packaging
WRITING_ARCHITECT.zip!WRITING_ARCHITECT/Module writing/WRITING_SYSTEM/RUNTIME/schema_live_test_scenario_records.docx,docx,36749,0,b48b53a39884798ff54a502fa921e4b45ef09743d9cee84075d8320468531506,payload
WRITING_ARCHITECT.zip!__MACOSX/WRITING_ARCHITECT/Module writing/WRITING_SYSTEM/RUNTIME/._schema_live_test_scenario_records.docx,docx,224,0,2a152f458debc0c6ded871c32715ad4d0ea4141d2631cf6d94148ea7f0954139,packaging
WRITING_ARCHITECT.zip!WRITING_ARCHITECT/Module writing/WRITING_SYSTEM/RUNTIME/runtime_trace_event_map.docx,docx,37789,0,1d659c77da0f64f0783c77721cdf8e3ca76781449bd6708dfa25cf71e3bc9d53,payload
WRITING_ARCHITECT.zip!__MACOSX/WRITING_ARCHITECT/Module writing/WRITING_SYSTEM/RUNTIME/._runtime_trace_event_map.docx,docx,224,0,2a152f458debc0c6ded871c32715ad4d0ea4141d2631cf6d94148ea7f0954139,packaging
WRITING_ARCHITECT.zip!WRITING_ARCHITECT/Module writing/WRITING_SYSTEM/RUNTIME/schema_engine_equivalence_records.docx,docx,36727,0,cf467d6da8682e35c57ec5213ddb4e271487ba83254025f4638759e72f47de9c,payload
WRITING_ARCHITECT.zip!__MACOSX/WRITING_ARCHITECT/Module writing/WRITING_SYSTEM/RUNTIME/._schema_engine_equivalence_records.docx,docx,224,0,2a152f458debc0c6ded871c32715ad4d0ea4141d2631cf6d94148ea7f0954139,packaging
WRITING_ARCHITECT.zip!WRITING_ARCHITECT/Module writing/WRITING_SYSTEM/RUNTIME/runtime_rollback_matrix.docx,docx,37564,0,2f4989392bd2cff0c8a5dfdccf1e9ff26e2fb9bf29da4868d81a1711584544c1,payload
WRITING_ARCHITECT.zip!__MACOSX/WRITING_ARCHITECT/Module writing/WRITING_SYSTEM/RUNTIME/._runtime_rollback_matrix.docx,docx,224,0,2a152f458debc0c6ded871c32715ad4d0ea4141d2631cf6d94148ea7f0954139,packaging
WRITING_ARCHITECT.zip!WRITING_ARCHITECT/Module writing/WRITING_SYSTEM/RUNTIME/schema_shadow_mode_run_records.docx,docx,36923,0,a3ff8bc8aff9f757a4db0beb4de472c392ef239b75febd8fcd4f425c8f225ddb,payload
WRITING_ARCHITECT.zip!__MACOSX/WRITING_ARCHITECT/Module writing/WRITING_SYSTEM/RUNTIME/._schema_shadow_mode_run_records.docx,docx,224,0,2a152f458debc0c6ded871c32715ad4d0ea4141d2631cf6d94148ea7f0954139,packaging
WRITING_ARCHITECT.zip!WRITING_ARCHITECT/Module writing/WRITING_SYSTEM/RUNTIME/schema_live_validation_run_records.docx,docx,36764,0,1f0ee3803ccb187d20667aa5911283fb18f0f9aff7e58430d3ca18750e47fa2b,payload
WRITING_ARCHITECT.zip!__MACOSX/WRITING_ARCHITECT/Module writing/WRITING_SYSTEM/RUNTIME/._schema_live_validation_run_records.docx,docx,224,0,2a152f458debc0c6ded871c32715ad4d0ea4141d2631cf6d94148ea7f0954139,packaging
WRITING_ARCHITECT.zip!WRITING_ARCHITECT/Module writing/WRITING_SYSTEM/RUNTIME/schema_runtime_checkpoint_records.docx,docx,36919,0,5ebe1b8458c7418af7e666a324d2947c5bae1e19faa0658c8d05c88577f74e97,payload
WRITING_ARCHITECT.zip!__MACOSX/WRITING_ARCHITECT/Module writing/WRITING_SYSTEM/RUNTIME/._schema_runtime_checkpoint_records.docx,docx,224,0,2a152f458debc0c6ded871c32715ad4d0ea4141d2631cf6d94148ea7f0954139,packaging
WRITING_ARCHITECT.zip!WRITING_ARCHITECT/Module writing/WRITING_SYSTEM/RUNTIME/runtime_parity_map.docx,docx,37702,0,475cc8d0d79073520877027e66963eed33a7ce65eb324bda0a98ff08473fc7b6,payload
WRITING_ARCHITECT.zip!__MACOSX/WRITING_ARCHITECT/Module writing/WRITING_SYSTEM/RUNTIME/._runtime_parity_map.docx,docx,224,0,2a152f458debc0c6ded871c32715ad4d0ea4141d2631cf6d94148ea7f0954139,packaging
WRITING_ARCHITECT.zip!WRITING_ARCHITECT/Module writing/WRITING_SYSTEM/RUNTIME/schema_promotion_control_records.docx,docx,36906,0,c6999efa84fbe0eb4429a4613149ecc05a8b807df3da9b5380ff6efd313e8047,payload
WRITING_ARCHITECT.zip!__MACOSX/WRITING_ARCHITECT/Module writing/WRITING_SYSTEM/RUNTIME/._schema_promotion_control_records.docx,docx,224,0,2a152f458debc0c6ded871c32715ad4d0ea4141d2631cf6d94148ea7f0954139,packaging
WRITING_ARCHITECT.zip!WRITING_ARCHITECT/Module writing/WRITING_SYSTEM/RUNTIME/runtime_approval_trace_map.docx,docx,37514,0,34f1eea9bca67e4d468490c966932c3195766d5d1d3c8f877295b5c0d0d67c68,payload
WRITING_ARCHITECT.zip!__MACOSX/WRITING_ARCHITECT/Module writing/WRITING_SYSTEM/RUNTIME/._runtime_approval_trace_map.docx,docx,224,0,2a152f458debc0c6ded871c32715ad4d0ea4141d2631cf6d94148ea7f0954139,packaging
WRITING_ARCHITECT.zip!WRITING_ARCHITECT/Module writing/WRITING_SYSTEM/RUNTIME/runtime_checkpoint_policy.docx,docx,37671,0,e9de23594b4e6f87ee93cc185725f8ebd9cad2f82de32bdc1ac09694febc1474,payload
WRITING_ARCHITECT.zip!__MACOSX/WRITING_ARCHITECT/Module writing/WRITING_SYSTEM/RUNTIME/._runtime_checkpoint_policy.docx,docx,224,0,2a152f458debc0c6ded871c32715ad4d0ea4141d2631cf6d94148ea7f0954139,packaging
WRITING_ARCHITECT.zip!WRITING_ARCHITECT/Module writing/WRITING_SYSTEM/RUNTIME/schema_failure_injection_records.docx,docx,36748,0,7d9ee94c88736a80f83600360acd08f84873c142e511cbd20bf8cc6b85966c29,payload
WRITING_ARCHITECT.zip!__MACOSX/WRITING_ARCHITECT/Module writing/WRITING_SYSTEM/RUNTIME/._schema_failure_injection_records.docx,docx,224,0,2a152f458debc0c6ded871c32715ad4d0ea4141d2631cf6d94148ea7f0954139,packaging
WRITING_ARCHITECT.zip!WRITING_ARCHITECT/Module writing/WRITING_SYSTEM/RUNTIME/schema_failure_state_records.docx,docx,36906,0,434fc305ffcbf31fa7759884095e80e203c9ad5b77f4aa36208d3e2f52f81a5e,payload
WRITING_ARCHITECT.zip!__MACOSX/WRITING_ARCHITECT/Module writing/WRITING_SYSTEM/RUNTIME/._schema_failure_state_records.docx,docx,224,0,2a152f458debc0c6ded871c32715ad4d0ea4141d2631cf6d94148ea7f0954139,packaging
WRITING_ARCHITECT.zip!WRITING_ARCHITECT/Module writing/WRITING_SYSTEM/RUNTIME/runtime_handoff_rules.docx,docx,37786,0,ef1695eaff668b5d1d1bc9f54f66a059536c234e1460c234251ba58ed87c6336,payload
WRITING_ARCHITECT.zip!__MACOSX/WRITING_ARCHITECT/Module writing/WRITING_SYSTEM/RUNTIME/._runtime_handoff_rules.docx,docx,224,0,2a152f458debc0c6ded871c32715ad4d0ea4141d2631cf6d94148ea7f0954139,packaging
WRITING_ARCHITECT.zip!WRITING_ARCHITECT/Module writing/WRITING_SYSTEM/RUNTIME/schema_failure_observation_records.docx,docx,36904,0,1ea2b070ef4db288965389bdac509880f8e938bc3fc6bdb1541a7f808aa6c0cc,payload
WRITING_ARCHITECT.zip!__MACOSX/WRITING_ARCHITECT/Module writing/WRITING_SYSTEM/RUNTIME/._schema_failure_observation_records.docx,docx,224,0,2a152f458debc0c6ded871c32715ad4d0ea4141d2631cf6d94148ea7f0954139,packaging
WRITING_ARCHITECT.zip!WRITING_ARCHITECT/Module writing/WRITING_SYSTEM/RUNTIME/schema_approval_trace_records.docx,docx,36912,0,505fe3c315c07e4b5951095ff2a648625d098b8389625654727a631a1f43186b,payload
WRITING_ARCHITECT.zip!__MACOSX/WRITING_ARCHITECT/Module writing/WRITING_SYSTEM/RUNTIME/._schema_approval_trace_records.docx,docx,224,0,2a152f458debc0c6ded871c32715ad4d0ea4141d2631cf6d94148ea7f0954139,packaging
WRITING_ARCHITECT.zip!WRITING_ARCHITECT/Module writing/WRITING_SYSTEM/RELIABILITY_LAYER/RUNTIME_RELIABILITY_INTEGRATION_RULES.docx,docx,37759,0,1c4b7bd0235561baeb3f313eeaf22cda4da1bc939ef9a625205e432b1e9ca5dd,payload
WRITING_ARCHITECT.zip!__MACOSX/WRITING_ARCHITECT/Module writing/WRITING_SYSTEM/RELIABILITY_LAYER/._RUNTIME_RELIABILITY_INTEGRATION_RULES.docx,docx,224,0,2a152f458debc0c6ded871c32715ad4d0ea4141d2631cf6d94148ea7f0954139,packaging
WRITING_ARCHITECT.zip!WRITING_ARCHITECT/Module writing/WRITING_SYSTEM/RELIABILITY_LAYER/ARTIFACT_FINGERPRINT_LAYER.docx,docx,37278,0,fbd980800938db019b4b53354247ef121c66717503fdb6680af9a084d3d8beab,payload
WRITING_ARCHITECT.zip!__MACOSX/WRITING_ARCHITECT/Module writing/WRITING_SYSTEM/RELIABILITY_LAYER/._ARTIFACT_FINGERPRINT_LAYER.docx,docx,224,0,2a152f458debc0c6ded871c32715ad4d0ea4141d2631cf6d94148ea7f0954139,packaging
WRITING_ARCHITECT.zip!WRITING_ARCHITECT/Module writing/WRITING_SYSTEM/RELIABILITY_LAYER/BAND_POST_MERGE_VALIDATION.docx,docx,37352,0,af9ffce04b731a8e961a13bd5031e06caff751682b3127ab74e903e926c491d0,payload
WRITING_ARCHITECT.zip!__MACOSX/WRITING_ARCHITECT/Module writing/WRITING_SYSTEM/RELIABILITY_LAYER/._BAND_POST_MERGE_VALIDATION.docx,docx,224,0,2a152f458debc0c6ded871c32715ad4d0ea4141d2631cf6d94148ea7f0954139,packaging
WRITING_ARCHITECT.zip!WRITING_ARCHITECT/Module writing/WRITING_SYSTEM/RELIABILITY_LAYER/BAND_EDIT_PACKET_SCHEMA.docx,docx,37620,0,1cfcd1af43f90b24321ac1c30d927ed63356f3cd1c2c2cda38d9cd03204c274d,payload
WRITING_ARCHITECT.zip!__MACOSX/WRITING_ARCHITECT/Module writing/WRITING_SYSTEM/RELIABILITY_LAYER/._BAND_EDIT_PACKET_SCHEMA.docx,docx,224,0,2a152f458debc0c6ded871c32715ad4d0ea4141d2631cf6d94148ea7f0954139,packaging
WRITING_ARCHITECT.zip!WRITING_ARCHITECT/Module writing/WRITING_SYSTEM/RELIABILITY_LAYER/TYPED_RUNTIME_STATE_SCHEMA.docx,docx,37736,0,e342b974f7c4e36e85ea0c64da9f125a8c248ceff51652077b3a382b6c774690,payload
WRITING_ARCHITECT.zip!__MACOSX/WRITING_ARCHITECT/Module writing/WRITING_SYSTEM/RELIABILITY_LAYER/._TYPED_RUNTIME_STATE_SCHEMA.docx,docx,224,0,2a152f458debc0c6ded871c32715ad4d0ea4141d2631cf6d94148ea7f0954139,packaging
WRITING_ARCHITECT.zip!WRITING_ARCHITECT/Module writing/WRITING_SYSTEM/RELIABILITY_LAYER/CONTEXT_BUDGET_CONTROLLER.docx,docx,37314,0,a51201ed54db877ada507e7ef58a6509eae07ff34356ebd4603f1dcace1370f2,payload
WRITING_ARCHITECT.zip!__MACOSX/WRITING_ARCHITECT/Module writing/WRITING_SYSTEM/RELIABILITY_LAYER/._CONTEXT_BUDGET_CONTROLLER.docx,docx,224,0,2a152f458debc0c6ded871c32715ad4d0ea4141d2631cf6d94148ea7f0954139,packaging
WRITING_ARCHITECT.zip!WRITING_ARCHITECT/Module writing/WRITING_SYSTEM/RELIABILITY_LAYER/REGRESSION_TEST_PACKS.docx,docx,37333,0,b399dcfcbeb40128d7928258d385b20f8026ef0a19199aee36b52ffa5bfa96ab,payload
WRITING_ARCHITECT.zip!__MACOSX/WRITING_ARCHITECT/Module writing/WRITING_SYSTEM/RELIABILITY_LAYER/._REGRESSION_TEST_PACKS.docx,docx,224,0,2a152f458debc0c6ded871c32715ad4d0ea4141d2631cf6d94148ea7f0954139,packaging
WRITING_ARCHITECT.zip!WRITING_ARCHITECT/Module writing/WRITING_SYSTEM/RELIABILITY_LAYER/CHECKPOINT_REGISTRY_LAYER.docx,docx,37572,0,3ab17cc04c0e2c42f2a98651f0354fb64dfb05ae0c8be31cfce8558d9d112411,payload
WRITING_ARCHITECT.zip!__MACOSX/WRITING_ARCHITECT/Module writing/WRITING_SYSTEM/RELIABILITY_LAYER/._CHECKPOINT_REGISTRY_LAYER.docx,docx,224,0,2a152f458debc0c6ded871c32715ad4d0ea4141d2631cf6d94148ea7f0954139,packaging
WRITING_ARCHITECT.zip!WRITING_ARCHITECT/Module writing/WRITING_SYSTEM/RELIABILITY_LAYER/EVALUATION_GATE_LAYER.docx,docx,37087,0,f7506f3875b3d839b375bfe5e3012f09eec13dd83eb17609b65202f6f963144f,payload
WRITING_ARCHITECT.zip!__MACOSX/WRITING_ARCHITECT/Module writing/WRITING_SYSTEM/RELIABILITY_LAYER/._EVALUATION_GATE_LAYER.docx,docx,224,0,2a152f458debc0c6ded871c32715ad4d0ea4141d2631cf6d94148ea7f0954139,packaging
WRITING_ARCHITECT.zip!WRITING_ARCHITECT/Module writing/WRITING_SYSTEM/RELIABILITY_LAYER/BAND_EXTRACTION_CONTROL_LAYER.docx,docx,37494,0,13d7aa5cda076c4ef445451b0cd505d3b53630e988a7dadd6a1605eb0b937568,payload
WRITING_ARCHITECT.zip!__MACOSX/WRITING_ARCHITECT/Module writing/WRITING_SYSTEM/RELIABILITY_LAYER/._BAND_EXTRACTION_CONTROL_LAYER.docx,docx,224,0,2a152f458debc0c6ded871c32715ad4d0ea4141d2631cf6d94148ea7f0954139,packaging
WRITING_ARCHITECT.zip!WRITING_ARCHITECT/Module writing/WRITING_SYSTEM/RELIABILITY_LAYER/PROMOTION_GATE_HARDENING_LAYER.docx,docx,37479,0,11d20521a3b77bca3289605cd408534172d2e1422a8edfada6be78a1bb1aab61,payload
WRITING_ARCHITECT.zip!__MACOSX/WRITING_ARCHITECT/Module writing/WRITING_SYSTEM/RELIABILITY_LAYER/._PROMOTION_GATE_HARDENING_LAYER.docx,docx,224,0,2a152f458debc0c6ded871c32715ad4d0ea4141d2631cf6d94148ea7f0954139,packaging
WRITING_ARCHITECT.zip!WRITING_ARCHITECT/Module writing/WRITING_SYSTEM/RELIABILITY_LAYER/ARTIFACT_LINEAGE_LAYER.docx,docx,37528,0,ab9269cb285d369c9b2bf7a5adcb04eb33a31cc53bb73d971ce6b0aabe34235b,payload
WRITING_ARCHITECT.zip!__MACOSX/WRITING_ARCHITECT/Module writing/WRITING_SYSTEM/RELIABILITY_LAYER/._ARTIFACT_LINEAGE_LAYER.docx,docx,224,0,2a152f458debc0c6ded871c32715ad4d0ea4141d2631cf6d94148ea7f0954139,packaging
WRITING_ARCHITECT.zip!WRITING_ARCHITECT/Module writing/WRITING_SYSTEM/RELIABILITY_LAYER/DISPLAY_ROUTING_LAYER.docx,docx,37440,0,9326769972d16d2107a3dc00e05bde5a50d0c72a96fb964247aad2714c2ad201,payload
WRITING_ARCHITECT.zip!__MACOSX/WRITING_ARCHITECT/Module writing/WRITING_SYSTEM/RELIABILITY_LAYER/._DISPLAY_ROUTING_LAYER.docx,docx,224,0,2a152f458debc0c6ded871c32715ad4d0ea4141d2631cf6d94148ea7f0954139,packaging
WRITING_ARCHITECT.zip!WRITING_ARCHITECT/Module writing/WRITING_SYSTEM/RELIABILITY_LAYER/BAND_REINTEGRATION_RULES.docx,docx,37451,0,a1823de52b64f92a3994ae32d4422cf4ec5695d6066070b24cf4d483eaaf7524,payload
WRITING_ARCHITECT.zip!__MACOSX/WRITING_ARCHITECT/Module writing/WRITING_SYSTEM/RELIABILITY_LAYER/._BAND_REINTEGRATION_RULES.docx,docx,224,0,2a152f458debc0c6ded871c32715ad4d0ea4141d2631cf6d94148ea7f0954139,packaging
WRITING_ARCHITECT.zip!WRITING_ARCHITECT/Module writing/WRITING_SYSTEM/STORY_SYSTEM/STORY_BIBLE_ACTIVE.docx,docx,36640,0,fcf699e5dc4a3e7cec1272a6f230a7adb9d779ca9cab5b893b221e1df27cd3bb,payload
WRITING_ARCHITECT.zip!__MACOSX/WRITING_ARCHITECT/Module writing/WRITING_SYSTEM/STORY_SYSTEM/._STORY_BIBLE_ACTIVE.docx,docx,224,0,2a152f458debc0c6ded871c32715ad4d0ea4141d2631cf6d94148ea7f0954139,packaging
WRITING_ARCHITECT.zip!WRITING_ARCHITECT/Module writing/WRITING_SYSTEM/STORY_SYSTEM/STORY_BIBLE_MASTER__1.docx,docx,37840,0,bd44c618a21e2fa14bce67780473c9b9ca6e3672baf60ba0740652532dabe040,payload
WRITING_ARCHITECT.zip!__MACOSX/WRITING_ARCHITECT/Module writing/WRITING_SYSTEM/STORY_SYSTEM/._STORY_BIBLE_MASTER__1.docx,docx,224,0,2a152f458debc0c6ded871c32715ad4d0ea4141d2631cf6d94148ea7f0954139,packaging
WRITING_ARCHITECT.zip!WRITING_ARCHITECT/Module writing/WRITING_SYSTEM/STORY_SYSTEM/STORY_BIBLE_VALIDATION_RULES.docx,docx,36649,0,144fe58f28048eaaff01f039ba69624fea571bb218c70576f2033f0340bbc7fd,payload
WRITING_ARCHITECT.zip!__MACOSX/WRITING_ARCHITECT/Module writing/WRITING_SYSTEM/STORY_SYSTEM/._STORY_BIBLE_VALIDATION_RULES.docx,docx,224,0,2a152f458debc0c6ded871c32715ad4d0ea4141d2631cf6d94148ea7f0954139,packaging
WRITING_ARCHITECT.zip!WRITING_ARCHITECT/Module writing/WRITING_SYSTEM/STORY_SYSTEM/CHAPTER_BLUEPRINT_SCHEMA.docx,docx,36645,0,4005634d35030334c78221100084c516703ccea28c373481f99191ec55f76398,payload
WRITING_ARCHITECT.zip!__MACOSX/WRITING_ARCHITECT/Module writing/WRITING_SYSTEM/STORY_SYSTEM/._CHAPTER_BLUEPRINT_SCHEMA.docx,docx,224,0,2a152f458debc0c6ded871c32715ad4d0ea4141d2631cf6d94148ea7f0954139,packaging
WRITING_ARCHITECT.zip!WRITING_ARCHITECT/Module writing/WRITING_SYSTEM/STORY_SYSTEM/HARD_ENFORCEMENT_LAYER.docx,docx,36949,0,a9bcbd03b2cf5c3e2a428faa647a9c4c83e6ad66799d5fe6f0ae870445585c30,payload
WRITING_ARCHITECT.zip!__MACOSX/WRITING_ARCHITECT/Module writing/WRITING_SYSTEM/STORY_SYSTEM/._HARD_ENFORCEMENT_LAYER.docx,docx,224,0,2a152f458debc0c6ded871c32715ad4d0ea4141d2631cf6d94148ea7f0954139,packaging
WRITING_ARCHITECT.zip!WRITING_ARCHITECT/Module writing/WRITING_SYSTEM/STORY_SYSTEM/POV_INTERPRETATION_LOCK.docx,docx,36768,0,7e35c9ac76b39ad95d09b9704dd4daaa72765dda98b646051198eb2cc6690cbb,payload
WRITING_ARCHITECT.zip!__MACOSX/WRITING_ARCHITECT/Module writing/WRITING_SYSTEM/STORY_SYSTEM/._POV_INTERPRETATION_LOCK.docx,docx,224,0,2a152f458debc0c6ded871c32715ad4d0ea4141d2631cf6d94148ea7f0954139,packaging
WRITING_ARCHITECT.zip!WRITING_ARCHITECT/Module writing/WRITING_SYSTEM/STORY_SYSTEM/ENFORCEMENT_INTEGRATION_RULES.docx,docx,36820,0,e9f1e4c876d03da239fa59b0707b8563a06c44b5ebc2948fc68be871cf86804b,payload
WRITING_ARCHITECT.zip!__MACOSX/WRITING_ARCHITECT/Module writing/WRITING_SYSTEM/STORY_SYSTEM/._ENFORCEMENT_INTEGRATION_RULES.docx,docx,224,0,2a152f458debc0c6ded871c32715ad4d0ea4141d2631cf6d94148ea7f0954139,packaging
WRITING_ARCHITECT.zip!WRITING_ARCHITECT/Module writing/WRITING_SYSTEM/STORY_SYSTEM/CHAPTER_CONTINUITY_LINK_MAP__1.docx,docx,37238,0,11b87d4c6f6299a1228f7749f9dbfdf23703eddfa05ff3ccba2e8c7f3c4e8ca9,payload
WRITING_ARCHITECT.zip!__MACOSX/WRITING_ARCHITECT/Module writing/WRITING_SYSTEM/STORY_SYSTEM/._CHAPTER_CONTINUITY_LINK_MAP__1.docx,docx,280,0,c2050a5ebe6cc008ed1d15696d7167bba52f1d0e60715e567def17aec6361ddf,packaging
WRITING_ARCHITECT.zip!WRITING_ARCHITECT/Module writing/WRITING_SYSTEM/STORY_SYSTEM/STORY_BIBLE_UPDATE_POLICY.docx,docx,36646,0,b351c6837776ae8d43d90a606b2f93a62d2547a6e24e785b09bf2cf8dcabd0a4,payload
WRITING_ARCHITECT.zip!__MACOSX/WRITING_ARCHITECT/Module writing/WRITING_SYSTEM/STORY_SYSTEM/._STORY_BIBLE_UPDATE_POLICY.docx,docx,224,0,2a152f458debc0c6ded871c32715ad4d0ea4141d2631cf6d94148ea7f0954139,packaging
WRITING_ARCHITECT.zip!WRITING_ARCHITECT/Module writing/WRITING_SYSTEM/STORY_SYSTEM/MIDPOINT_PIVOT_RULE.docx,docx,36766,0,94fdc10dcd90336d6412ac59bacde021ee9afd33f1814a8588fd85ecc5967ec5,payload
WRITING_ARCHITECT.zip!__MACOSX/WRITING_ARCHITECT/Module writing/WRITING_SYSTEM/STORY_SYSTEM/._MIDPOINT_PIVOT_RULE.docx,docx,224,0,2a152f458debc0c6ded871c32715ad4d0ea4141d2631cf6d94148ea7f0954139,packaging
WRITING_ARCHITECT.zip!WRITING_ARCHITECT/Module writing/WRITING_SYSTEM/STORY_SYSTEM/VERIFIED_EXTRACTION_LAYER.docx,docx,37406,0,7fd3c5546000d429f60cbcc804031cb69e4d0eb7f5bafe6838cff37b7d6f951f,payload
WRITING_ARCHITECT.zip!__MACOSX/WRITING_ARCHITECT/Module writing/WRITING_SYSTEM/STORY_SYSTEM/._VERIFIED_EXTRACTION_LAYER.docx,docx,224,0,2a152f458debc0c6ded871c32715ad4d0ea4141d2631cf6d94148ea7f0954139,packaging
WRITING_ARCHITECT.zip!WRITING_ARCHITECT/Module writing/WRITING_SYSTEM/STORY_SYSTEM/STORY_BIBLE_SCHEMA__1.docx,docx,37616,0,2099088bb220cbc5e5a779e81c6d353e2e814af9cb7b743b61e5e10a4d01118e,payload
WRITING_ARCHITECT.zip!__MACOSX/WRITING_ARCHITECT/Module writing/WRITING_SYSTEM/STORY_SYSTEM/._STORY_BIBLE_SCHEMA__1.docx,docx,224,0,2a152f458debc0c6ded871c32715ad4d0ea4141d2631cf6d94148ea7f0954139,packaging
WRITING_ARCHITECT.zip!WRITING_ARCHITECT/Module writing/WRITING_SYSTEM/STORY_SYSTEM/PATCH_SOURCE_LOCK_RULES.docx,docx,37234,0,94f73daf99739bc0d22d3971dfe3d21af45988fdba677be5ece9876e1bff7bda,payload
WRITING_ARCHITECT.zip!__MACOSX/WRITING_ARCHITECT/Module writing/WRITING_SYSTEM/STORY_SYSTEM/._PATCH_SOURCE_LOCK_RULES.docx,docx,224,0,2a152f458debc0c6ded871c32715ad4d0ea4141d2631cf6d94148ea7f0954139,packaging
WRITING_ARCHITECT.zip!WRITING_ARCHITECT/Module writing/WRITING_SYSTEM/STORY_SYSTEM/CHAPTER_BLUEPRINT_SCHEMA__1.docx,docx,37229,0,ce3532400b08270cf1e60204f5c6701b6858481d3461507e77133dd2778ee103,payload
WRITING_ARCHITECT.zip!__MACOSX/WRITING_ARCHITECT/Module writing/WRITING_SYSTEM/STORY_SYSTEM/._CHAPTER_BLUEPRINT_SCHEMA__1.docx,docx,280,0,d555486bf828e9c0ff1e417839563f3eac840ecb2053c573f61f5b73838341e4,packaging
WRITING_ARCHITECT.zip!WRITING_ARCHITECT/Module writing/WRITING_SYSTEM/STORY_SYSTEM/STORY_BIBLE_MASTER.docx,docx,36639,0,65bbb1f4f3b20f5dd709d2ee49a1f3f8555a3f49b5f1c70c03eedb1637a85b1d,payload
WRITING_ARCHITECT.zip!__MACOSX/WRITING_ARCHITECT/Module writing/WRITING_SYSTEM/STORY_SYSTEM/._STORY_BIBLE_MASTER.docx,docx,224,0,2a152f458debc0c6ded871c32715ad4d0ea4141d2631cf6d94148ea7f0954139,packaging
WRITING_ARCHITECT.zip!WRITING_ARCHITECT/Module writing/WRITING_SYSTEM/STORY_SYSTEM/CHAPTER_BLUEPRINT_TEMPLATE.docx,docx,36645,0,d411064c51873770f5d4b9689ff084266af57a737f65897beb49da8a2e9b68aa,payload
WRITING_ARCHITECT.zip!__MACOSX/WRITING_ARCHITECT/Module writing/WRITING_SYSTEM/STORY_SYSTEM/._CHAPTER_BLUEPRINT_TEMPLATE.docx,docx,224,0,2a152f458debc0c6ded871c32715ad4d0ea4141d2631cf6d94148ea7f0954139,packaging
WRITING_ARCHITECT.zip!WRITING_ARCHITECT/Module writing/WRITING_SYSTEM/STORY_SYSTEM/META_INTRUSION_REWRITE_RULES.docx,docx,37338,0,33d455b839eb4eb41e36f7f128b9ea879d10b789d20b0537f648ead39cc64bbf,payload
WRITING_ARCHITECT.zip!__MACOSX/WRITING_ARCHITECT/Module writing/WRITING_SYSTEM/STORY_SYSTEM/._META_INTRUSION_REWRITE_RULES.docx,docx,224,0,2a152f458debc0c6ded871c32715ad4d0ea4141d2631cf6d94148ea7f0954139,packaging
WRITING_ARCHITECT.zip!WRITING_ARCHITECT/Module writing/WRITING_SYSTEM/STORY_SYSTEM/STORY_BIBLE_UPDATE_POLICY__1.docx,docx,37429,0,1112302b8ba079d32fc4cb206568bcef93dc8fd420de513e1dcf53ba7d7bbc01,payload
WRITING_ARCHITECT.zip!__MACOSX/WRITING_ARCHITECT/Module writing/WRITING_SYSTEM/STORY_SYSTEM/._STORY_BIBLE_UPDATE_POLICY__1.docx,docx,224,0,2a152f458debc0c6ded871c32715ad4d0ea4141d2631cf6d94148ea7f0954139,packaging
WRITING_ARCHITECT.zip!WRITING_ARCHITECT/Module writing/WRITING_SYSTEM/STORY_SYSTEM/CHAPTER_CONTINUITY_LINK_MAP.docx,docx,36650,0,99c26850bb5d4cd4945e85a6eb7746a04c1cadc05d94421d14e76d1486bbd509,payload
WRITING_ARCHITECT.zip!__MACOSX/WRITING_ARCHITECT/Module writing/WRITING_SYSTEM/STORY_SYSTEM/._CHAPTER_CONTINUITY_LINK_MAP.docx,docx,224,0,2a152f458debc0c6ded871c32715ad4d0ea4141d2631cf6d94148ea7f0954139,packaging
WRITING_ARCHITECT.zip!WRITING_ARCHITECT/Module writing/WRITING_SYSTEM/STORY_SYSTEM/STORY_SYSTEM_OPERATION_FLOW.docx,docx,36648,0,5607d35a41633ed650684e5741510f1f94f55d00a2bdd4c649fc0dbfafdc0941,payload
WRITING_ARCHITECT.zip!__MACOSX/WRITING_ARCHITECT/Module writing/WRITING_SYSTEM/STORY_SYSTEM/._STORY_SYSTEM_OPERATION_FLOW.docx,docx,224,0,2a152f458debc0c6ded871c32715ad4d0ea4141d2631cf6d94148ea7f0954139,packaging
WRITING_ARCHITECT.zip!WRITING_ARCHITECT/Module writing/WRITING_SYSTEM/STORY_SYSTEM/CHAPTER_BLUEPRINT_TEMPLATE__1.docx,docx,37385,0,8a199e898d5932cb2efed6dfcbc9f11d75a3e05ac8c59ece53cd03fccaf252a5,payload
WRITING_ARCHITECT.zip!__MACOSX/WRITING_ARCHITECT/Module writing/WRITING_SYSTEM/STORY_SYSTEM/._CHAPTER_BLUEPRINT_TEMPLATE__1.docx,docx,224,0,2a152f458debc0c6ded871c32715ad4d0ea4141d2631cf6d94148ea7f0954139,packaging
WRITING_ARCHITECT.zip!WRITING_ARCHITECT/Module writing/WRITING_SYSTEM/STORY_SYSTEM/META_INTEGRITY_CONTROL_LAYER.docx,docx,37197,0,6d59a60701a1047969013bc390c53e30554e95395f2bf21ea7b1ea6bb5396538,payload
WRITING_ARCHITECT.zip!__MACOSX/WRITING_ARCHITECT/Module writing/WRITING_SYSTEM/STORY_SYSTEM/._META_INTEGRITY_CONTROL_LAYER.docx,docx,224,0,2a152f458debc0c6ded871c32715ad4d0ea4141d2631cf6d94148ea7f0954139,packaging
WRITING_ARCHITECT.zip!WRITING_ARCHITECT/Module writing/WRITING_SYSTEM/STORY_SYSTEM/STORY_BIBLE_VALIDATION_RULES__1.docx,docx,37142,0,9f2b86d927848f65082a0b12a22b7dae90090def37266e3200ffa753655b089b,payload
WRITING_ARCHITECT.zip!__MACOSX/WRITING_ARCHITECT/Module writing/WRITING_SYSTEM/STORY_SYSTEM/._STORY_BIBLE_VALIDATION_RULES__1.docx,docx,224,0,2a152f458debc0c6ded871c32715ad4d0ea4141d2631cf6d94148ea7f0954139,packaging
WRITING_ARCHITECT.zip!WRITING_ARCHITECT/Module writing/WRITING_SYSTEM/STORY_SYSTEM/CHAPTER_BLUEPRINT_VALIDATION.docx,docx,36650,0,2b55c6b5605996ba2c332b4284464e716b49aa39c97c52423bd3eb241076cd1b,payload
WRITING_ARCHITECT.zip!__MACOSX/WRITING_ARCHITECT/Module writing/WRITING_SYSTEM/STORY_SYSTEM/._CHAPTER_BLUEPRINT_VALIDATION.docx,docx,224,0,2a152f458debc0c6ded871c32715ad4d0ea4141d2631cf6d94148ea7f0954139,packaging
WRITING_ARCHITECT.zip!WRITING_ARCHITECT/Module writing/WRITING_SYSTEM/STORY_SYSTEM/STORY_BIBLE_SCHEMA.docx,docx,36641,0,37a0de63beae4c211331dd8c555881db02c76a2faa6b64254705527584bd9cf7,payload
WRITING_ARCHITECT.zip!__MACOSX/WRITING_ARCHITECT/Module writing/WRITING_SYSTEM/STORY_SYSTEM/._STORY_BIBLE_SCHEMA.docx,docx,224,0,2a152f458debc0c6ded871c32715ad4d0ea4141d2631cf6d94148ea7f0954139,packaging
WRITING_ARCHITECT.zip!WRITING_ARCHITECT/Module writing/WRITING_SYSTEM/STORY_SYSTEM/INTEGRITY_LAYER_INTEGRATION_RULES.docx,docx,37175,0,8772573f9cb3fb192b6d2917f2d3e83112c43b5dd4bdb9093374cf35b13eb726,payload
WRITING_ARCHITECT.zip!__MACOSX/WRITING_ARCHITECT/Module writing/WRITING_SYSTEM/STORY_SYSTEM/._INTEGRITY_LAYER_INTEGRATION_RULES.docx,docx,224,0,2a152f458debc0c6ded871c32715ad4d0ea4141d2631cf6d94148ea7f0954139,packaging
WRITING_ARCHITECT.zip!WRITING_ARCHITECT/Module writing/WRITING_SYSTEM/STORY_SYSTEM/PRESSURE_DENSITY_LOCK.docx,docx,36827,0,d147f820de24d61bf5e6b6ea1c49da6f54995a501d4da239c39ea2038fb690da,payload
WRITING_ARCHITECT.zip!__MACOSX/WRITING_ARCHITECT/Module writing/WRITING_SYSTEM/STORY_SYSTEM/._PRESSURE_DENSITY_LOCK.docx,docx,224,0,2a152f458debc0c6ded871c32715ad4d0ea4141d2631cf6d94148ea7f0954139,packaging
WRITING_ARCHITECT.zip!WRITING_ARCHITECT/Module writing/WRITING_SYSTEM/STORY_SYSTEM/STORY_SYSTEM_OPERATION_FLOW__1.docx,docx,37599,0,98c64adf9766bdde020b412baced51ae5a7f680ad9c3f5f7ffe1b72b3bad750b,payload
WRITING_ARCHITECT.zip!__MACOSX/WRITING_ARCHITECT/Module writing/WRITING_SYSTEM/STORY_SYSTEM/._STORY_SYSTEM_OPERATION_FLOW__1.docx,docx,224,0,2a152f458debc0c6ded871c32715ad4d0ea4141d2631cf6d94148ea7f0954139,packaging
WRITING_ARCHITECT.zip!WRITING_ARCHITECT/Module writing/WRITING_SYSTEM/STORY_SYSTEM/CHAPTER_BLUEPRINT_VALIDATION__1.docx,docx,37326,0,9ba9eefe08f2280673c61089a0362a2b38b8767cf4d9c3536773b1955e434b11,payload
WRITING_ARCHITECT.zip!__MACOSX/WRITING_ARCHITECT/Module writing/WRITING_SYSTEM/STORY_SYSTEM/._CHAPTER_BLUEPRINT_VALIDATION__1.docx,docx,224,0,2a152f458debc0c6ded871c32715ad4d0ea4141d2631cf6d94148ea7f0954139,packaging
WRITING_ARCHITECT.zip!WRITING_ARCHITECT/Module writing/WRITING_SYSTEM/ENGINE/02_OPERATION_MAP__1.docx,docx,38124,0,900a5db3708d77e7e6d0caf2963695f475719f270e278539de65786c2b5c3380,payload
WRITING_ARCHITECT.zip!__MACOSX/WRITING_ARCHITECT/Module writing/WRITING_SYSTEM/ENGINE/._02_OPERATION_MAP__1.docx,docx,224,0,2a152f458debc0c6ded871c32715ad4d0ea4141d2631cf6d94148ea7f0954139,packaging
WRITING_ARCHITECT.zip!WRITING_ARCHITECT/Module writing/WRITING_SYSTEM/ENGINE/ENGINE_04_WORLD_DRIFT_DETECTION.docx,docx,38236,0,08f9f6e7cb7ec7c5d670aa43b3d0d7e66e460ddbe5245e045c9688d05dd651df,payload
WRITING_ARCHITECT.zip!__MACOSX/WRITING_ARCHITECT/Module writing/WRITING_SYSTEM/ENGINE/._ENGINE_04_WORLD_DRIFT_DETECTION.docx,docx,224,0,2a152f458debc0c6ded871c32715ad4d0ea4141d2631cf6d94148ea7f0954139,packaging
WRITING_ARCHITECT.zip!WRITING_ARCHITECT/Module writing/WRITING_SYSTEM/ENGINE/ENGINE_17_THEME_INTEGRITY.docx,docx,38760,0,53119d0eae4e777a00cc79753d65c9e931d4c443f9ce83ba474491f22f4f4933,payload
WRITING_ARCHITECT.zip!__MACOSX/WRITING_ARCHITECT/Module writing/WRITING_SYSTEM/ENGINE/._ENGINE_17_THEME_INTEGRITY.docx,docx,280,0,a9b8efecf8b1ef6b0fd2e36db5b38e6d8a7a3fd92c92c47b534a83d8981a82d3,packaging
WRITING_ARCHITECT.zip!WRITING_ARCHITECT/Module writing/WRITING_SYSTEM/ENGINE/ENGINE_08_WORLD_BUILD.docx,docx,38455,0,27b5866f50c5b008df91ab5a547fd407898a59d16475e6c1e82a47fa267f75c1,payload
WRITING_ARCHITECT.zip!__MACOSX/WRITING_ARCHITECT/Module writing/WRITING_SYSTEM/ENGINE/._ENGINE_08_WORLD_BUILD.docx,docx,224,0,2a152f458debc0c6ded871c32715ad4d0ea4141d2631cf6d94148ea7f0954139,packaging
WRITING_ARCHITECT.zip!WRITING_ARCHITECT/Module writing/WRITING_SYSTEM/ENGINE/NARRATIVEOS_EXECUTION_ENGINE_HARDENED_NEXT3.docx,docx,43972,0,6e424f163bbb3867623f4e6056b21a9a8724e2ea2a5a5768b6c5b77406f122e2,payload
WRITING_ARCHITECT.zip!__MACOSX/WRITING_ARCHITECT/Module writing/WRITING_SYSTEM/ENGINE/._NARRATIVEOS_EXECUTION_ENGINE_HARDENED_NEXT3.docx,docx,224,0,2a152f458debc0c6ded871c32715ad4d0ea4141d2631cf6d94148ea7f0954139,packaging
WRITING_ARCHITECT.zip!WRITING_ARCHITECT/Module writing/WRITING_SYSTEM/ENGINE/ENGINE_03_LORE_DELIVERY.docx,docx,38182,0,b0e8a4f9e4137d3f7e89e07048552deecc7bfeb227610f129aa6e30a5472be09,payload
WRITING_ARCHITECT.zip!__MACOSX/WRITING_ARCHITECT/Module writing/WRITING_SYSTEM/ENGINE/._ENGINE_03_LORE_DELIVERY.docx,docx,224,0,2a152f458debc0c6ded871c32715ad4d0ea4141d2631cf6d94148ea7f0954139,packaging
WRITING_ARCHITECT.zip!WRITING_ARCHITECT/Module writing/WRITING_SYSTEM/ENGINE/ENGINE_13_PRESSURE_CURVE__1.docx,docx,36878,0,c65c534a3413a51e942bc68739b349f8742136b4b6fd9df5702f7a75e3fc3f32,payload
WRITING_ARCHITECT.zip!__MACOSX/WRITING_ARCHITECT/Module writing/WRITING_SYSTEM/ENGINE/._ENGINE_13_PRESSURE_CURVE__1.docx,docx,224,0,2a152f458debc0c6ded871c32715ad4d0ea4141d2631cf6d94148ea7f0954139,packaging
WRITING_ARCHITECT.zip!WRITING_ARCHITECT/Module writing/WRITING_SYSTEM/ENGINE/00_MASTER_KERNEL.docx,docx,38584,0,48684f708b077dfde4139a4fcbdf37133b6f8708376f42b33b69789b8be3f2f8,payload
WRITING_ARCHITECT.zip!__MACOSX/WRITING_ARCHITECT/Module writing/WRITING_SYSTEM/ENGINE/._00_MASTER_KERNEL.docx,docx,224,0,2a152f458debc0c6ded871c32715ad4d0ea4141d2631cf6d94148ea7f0954139,packaging
WRITING_ARCHITECT.zip!WRITING_ARCHITECT/Module writing/WRITING_SYSTEM/ENGINE/ENGINE_11_STRUCTURAL_ENFORCEMENT__1.docx,docx,36935,0,1c40558240bf8697f587ea4224bb8637b7b570f90a6bcb134ae56b6009840412,payload
WRITING_ARCHITECT.zip!__MACOSX/WRITING_ARCHITECT/Module writing/WRITING_SYSTEM/ENGINE/._ENGINE_11_STRUCTURAL_ENFORCEMENT__1.docx,docx,224,0,2a152f458debc0c6ded871c32715ad4d0ea4141d2631cf6d94148ea7f0954139,packaging
WRITING_ARCHITECT.zip!WRITING_ARCHITECT/Module writing/WRITING_SYSTEM/ENGINE/STRESS_TEST_LIBRARY.docx,docx,38041,0,47778e06de18a566fd8a030ad06bee447ffb26368ca98a10b7dc8d7ce703dfce,payload
WRITING_ARCHITECT.zip!__MACOSX/WRITING_ARCHITECT/Module writing/WRITING_SYSTEM/ENGINE/._STRESS_TEST_LIBRARY.docx,docx,224,0,2a152f458debc0c6ded871c32715ad4d0ea4141d2631cf6d94148ea7f0954139,packaging
WRITING_ARCHITECT.zip!WRITING_ARCHITECT/Module writing/WRITING_SYSTEM/ENGINE/EXAMPLE_RUNS.docx,docx,37483,0,5cd44c6fceea7adc1ba15e43bfa7ad797bcd167f860927434148170500834b1b,payload
WRITING_ARCHITECT.zip!__MACOSX/WRITING_ARCHITECT/Module writing/WRITING_SYSTEM/ENGINE/._EXAMPLE_RUNS.docx,docx,224,0,2a152f458debc0c6ded871c32715ad4d0ea4141d2631cf6d94148ea7f0954139,packaging
WRITING_ARCHITECT.zip!WRITING_ARCHITECT/Module writing/WRITING_SYSTEM/ENGINE/02_OPERATION_MAP.docx,docx,38676,0,93b54f072e10f95788f5d1cecd9c9e855308558f3faffccedc1fdba0d7d1c744,payload
WRITING_ARCHITECT.zip!__MACOSX/WRITING_ARCHITECT/Module writing/WRITING_SYSTEM/ENGINE/._02_OPERATION_MAP.docx,docx,224,0,2a152f458debc0c6ded871c32715ad4d0ea4141d2631cf6d94148ea7f0954139,packaging
WRITING_ARCHITECT.zip!WRITING_ARCHITECT/Module writing/WRITING_SYSTEM/ENGINE/ENGINE_11_STRUCTURAL_ENFORCEMENT.docx,docx,38772,0,e66a17d378ea67964f5737b12f462b3bfcf8579ad520103644286031c5ec9feb,payload
WRITING_ARCHITECT.zip!__MACOSX/WRITING_ARCHITECT/Module writing/WRITING_SYSTEM/ENGINE/._ENGINE_11_STRUCTURAL_ENFORCEMENT.docx,docx,224,0,2a152f458debc0c6ded871c32715ad4d0ea4141d2631cf6d94148ea7f0954139,packaging
WRITING_ARCHITECT.zip!WRITING_ARCHITECT/Module writing/WRITING_SYSTEM/ENGINE/NARRATIVEOS_EXECUTION_ENGINE_HARDENED_TOP3.docx,docx,43771,0,fab018b4caf39033724a99b760360a06db7915063e443c562d97052be2742a3b,payload
WRITING_ARCHITECT.zip!__MACOSX/WRITING_ARCHITECT/Module writing/WRITING_SYSTEM/ENGINE/._NARRATIVEOS_EXECUTION_ENGINE_HARDENED_TOP3.docx,docx,224,0,2a152f458debc0c6ded871c32715ad4d0ea4141d2631cf6d94148ea7f0954139,packaging
WRITING_ARCHITECT.zip!WRITING_ARCHITECT/Module writing/WRITING_SYSTEM/ENGINE/ENGINE_INDEX__2.docx,docx,36728,0,ced16ded046d4f987b26a2770f1c692d9cb0f1f1475b6fdc90ccdc054d0461b5,payload
WRITING_ARCHITECT.zip!__MACOSX/WRITING_ARCHITECT/Module writing/WRITING_SYSTEM/ENGINE/._ENGINE_INDEX__2.docx,docx,224,0,2a152f458debc0c6ded871c32715ad4d0ea4141d2631cf6d94148ea7f0954139,packaging
WRITING_ARCHITECT.zip!WRITING_ARCHITECT/Module writing/WRITING_SYSTEM/ENGINE/01_SHARED_SCHEMAS.docx,docx,37370,0,807704a74489a9a4b2b005f6bfdf66a9feeea2292303f7358943595e69513c1f,payload
WRITING_ARCHITECT.zip!__MACOSX/WRITING_ARCHITECT/Module writing/WRITING_SYSTEM/ENGINE/._01_SHARED_SCHEMAS.docx,docx,224,0,2a152f458debc0c6ded871c32715ad4d0ea4141d2631cf6d94148ea7f0954139,packaging
WRITING_ARCHITECT.zip!WRITING_ARCHITECT/Module writing/WRITING_SYSTEM/ENGINE/03_EVAL_AND_TRACE_RULES.docx,docx,38021,0,5e5daea1944ac2d4c5c1cf778acc09acc67cec293cc65412b28661d309b3eb11,payload
WRITING_ARCHITECT.zip!__MACOSX/WRITING_ARCHITECT/Module writing/WRITING_SYSTEM/ENGINE/._03_EVAL_AND_TRACE_RULES.docx,docx,224,0,2a152f458debc0c6ded871c32715ad4d0ea4141d2631cf6d94148ea7f0954139,packaging
WRITING_ARCHITECT.zip!WRITING_ARCHITECT/Module writing/WRITING_SYSTEM/ENGINE/ENGINE_INDEX__1.docx,docx,37878,0,2767baccaf7ae03fafbc8bad2a300bd24d4d4eb4b5f841d4a4721cc6618ade58,payload
WRITING_ARCHITECT.zip!__MACOSX/WRITING_ARCHITECT/Module writing/WRITING_SYSTEM/ENGINE/._ENGINE_INDEX__1.docx,docx,224,0,2a152f458debc0c6ded871c32715ad4d0ea4141d2631cf6d94148ea7f0954139,packaging
WRITING_ARCHITECT.zip!WRITING_ARCHITECT/Module writing/WRITING_SYSTEM/ENGINE/ENGINE_16_STORY_MOMENTUM.docx,docx,38755,0,da09a85fb4f0c29be625cac0dd33fd97b41ddaa867fd7fa5c284057649ceadb2,payload
WRITING_ARCHITECT.zip!__MACOSX/WRITING_ARCHITECT/Module writing/WRITING_SYSTEM/ENGINE/._ENGINE_16_STORY_MOMENTUM.docx,docx,224,0,2a152f458debc0c6ded871c32715ad4d0ea4141d2631cf6d94148ea7f0954139,packaging
WRITING_ARCHITECT.zip!WRITING_ARCHITECT/Module writing/WRITING_SYSTEM/ENGINE/ENGINE_06_CHARACTER_SOCIETY_SYNC.docx,docx,38194,0,8c6e7bfe26061740123f8aabe5655ae5bfb9b4af366f898d81671b379ef47cf1,payload
WRITING_ARCHITECT.zip!__MACOSX/WRITING_ARCHITECT/Module writing/WRITING_SYSTEM/ENGINE/._ENGINE_06_CHARACTER_SOCIETY_SYNC.docx,docx,224,0,2a152f458debc0c6ded871c32715ad4d0ea4141d2631cf6d94148ea7f0954139,packaging
WRITING_ARCHITECT.zip!WRITING_ARCHITECT/Module writing/WRITING_SYSTEM/ENGINE/ENGINE_12_NARRATIVE_PHYSICS.docx,docx,38761,0,d6ebdb6f07861ef536f8f98637364fe7c0920a6af83e09f6aa5f3255881ea924,payload
WRITING_ARCHITECT.zip!__MACOSX/WRITING_ARCHITECT/Module writing/WRITING_SYSTEM/ENGINE/._ENGINE_12_NARRATIVE_PHYSICS.docx,docx,224,0,2a152f458debc0c6ded871c32715ad4d0ea4141d2631cf6d94148ea7f0954139,packaging
WRITING_ARCHITECT.zip!WRITING_ARCHITECT/Module writing/WRITING_SYSTEM/ENGINE/ENGINE_14_CONFLICT_ESCALATION.docx,docx,38721,0,17ee2c4d3cb5d9174d3de94f17b15064fee1ecf93e1f4787ec9070e18326445b,payload
WRITING_ARCHITECT.zip!__MACOSX/WRITING_ARCHITECT/Module writing/WRITING_SYSTEM/ENGINE/._ENGINE_14_CONFLICT_ESCALATION.docx,docx,224,0,2a152f458debc0c6ded871c32715ad4d0ea4141d2631cf6d94148ea7f0954139,packaging
WRITING_ARCHITECT.zip!WRITING_ARCHITECT/Module writing/WRITING_SYSTEM/ENGINE/ENGINE_17_THEME_INTEGRITY__1.docx,docx,36932,0,b83449cdd17e5ccf7431197a5d7a073c0b33cac0d3428acf10855a5344ecb1d5,payload
WRITING_ARCHITECT.zip!__MACOSX/WRITING_ARCHITECT/Module writing/WRITING_SYSTEM/ENGINE/._ENGINE_17_THEME_INTEGRITY__1.docx,docx,224,0,2a152f458debc0c6ded871c32715ad4d0ea4141d2631cf6d94148ea7f0954139,packaging
WRITING_ARCHITECT.zip!WRITING_ARCHITECT/Module writing/WRITING_SYSTEM/ENGINE/ENGINE_15_SCENE_PURPOSE.docx,docx,38750,0,ddf55d3df7a4edbdee1ac78b29968217bc6ed8b5f17d741edc9a8cb07659439b,payload
WRITING_ARCHITECT.zip!__MACOSX/WRITING_ARCHITECT/Module writing/WRITING_SYSTEM/ENGINE/._ENGINE_15_SCENE_PURPOSE.docx,docx,224,0,2a152f458debc0c6ded871c32715ad4d0ea4141d2631cf6d94148ea7f0954139,packaging
WRITING_ARCHITECT.zip!WRITING_ARCHITECT/Module writing/WRITING_SYSTEM/ENGINE/ENGINE_02_AUTHORITY_ARBITRATION.docx,docx,38134,0,ba67c9ef409227f4536898dd88bee23096d67a27292f533c76b32bb9768dfd3d,payload
WRITING_ARCHITECT.zip!__MACOSX/WRITING_ARCHITECT/Module writing/WRITING_SYSTEM/ENGINE/._ENGINE_02_AUTHORITY_ARBITRATION.docx,docx,224,0,2a152f458debc0c6ded871c32715ad4d0ea4141d2631cf6d94148ea7f0954139,packaging
WRITING_ARCHITECT.zip!WRITING_ARCHITECT/Module writing/WRITING_SYSTEM/ENGINE/ENGINE_07_LORE_AUDIT.docx,docx,38769,0,f90538071ce3af3577dd5138769a5dd2244fce0256b64444ba092d79cd0ac362,payload
WRITING_ARCHITECT.zip!__MACOSX/WRITING_ARCHITECT/Module writing/WRITING_SYSTEM/ENGINE/._ENGINE_07_LORE_AUDIT.docx,docx,224,0,2a152f458debc0c6ded871c32715ad4d0ea4141d2631cf6d94148ea7f0954139,packaging
WRITING_ARCHITECT.zip!WRITING_ARCHITECT/Module writing/WRITING_SYSTEM/ENGINE/ENGINE_16_STORY_MOMENTUM__1.docx,docx,36870,0,2ed290adcab6f41e5ef19d0cac731568e979a781f2369d690b02a77bd1aa19c6,payload
WRITING_ARCHITECT.zip!__MACOSX/WRITING_ARCHITECT/Module writing/WRITING_SYSTEM/ENGINE/._ENGINE_16_STORY_MOMENTUM__1.docx,docx,224,0,2a152f458debc0c6ded871c32715ad4d0ea4141d2631cf6d94148ea7f0954139,packaging
WRITING_ARCHITECT.zip!WRITING_ARCHITECT/Module writing/WRITING_SYSTEM/ENGINE/ENGINE_01_DOCX_MERGE.docx,docx,38234,0,3634352d40ec375673c197101009ee3f0298802f00618d44c5a505d41b2d74d6,payload
WRITING_ARCHITECT.zip!__MACOSX/WRITING_ARCHITECT/Module writing/WRITING_SYSTEM/ENGINE/._ENGINE_01_DOCX_MERGE.docx,docx,224,0,2a152f458debc0c6ded871c32715ad4d0ea4141d2631cf6d94148ea7f0954139,packaging
WRITING_ARCHITECT.zip!WRITING_ARCHITECT/Module writing/WRITING_SYSTEM/ENGINE/ENGINE_13_PRESSURE_CURVE.docx,docx,38705,0,ec1b8bfb2b59ca9926a9044e44fdc4fa2091b2e7301b427c845c6e0659198abf,payload
WRITING_ARCHITECT.zip!__MACOSX/WRITING_ARCHITECT/Module writing/WRITING_SYSTEM/ENGINE/._ENGINE_13_PRESSURE_CURVE.docx,docx,224,0,2a152f458debc0c6ded871c32715ad4d0ea4141d2631cf6d94148ea7f0954139,packaging
WRITING_ARCHITECT.zip!WRITING_ARCHITECT/Module writing/WRITING_SYSTEM/ENGINE/ENGINE_05_RIPPLE_SIMULATION.docx,docx,38181,0,167be81432e4be74caa66d2ee67b927a46db29d2ca5579815d42424c693ed96c,payload
WRITING_ARCHITECT.zip!__MACOSX/WRITING_ARCHITECT/Module writing/WRITING_SYSTEM/ENGINE/._ENGINE_05_RIPPLE_SIMULATION.docx,docx,224,0,2a152f458debc0c6ded871c32715ad4d0ea4141d2631cf6d94148ea7f0954139,packaging
WRITING_ARCHITECT.zip!WRITING_ARCHITECT/Module writing/WRITING_SYSTEM/ENGINE/ENGINE_INDEX.docx,docx,38216,0,0831c3d4a6d690d491b125916dfaa3e9e437bc4d75877c293aece3180783894e,payload
WRITING_ARCHITECT.zip!__MACOSX/WRITING_ARCHITECT/Module writing/WRITING_SYSTEM/ENGINE/._ENGINE_INDEX.docx,docx,224,0,2a152f458debc0c6ded871c32715ad4d0ea4141d2631cf6d94148ea7f0954139,packaging
WRITING_ARCHITECT.zip!WRITING_ARCHITECT/Module writing/WRITING_SYSTEM/ENGINE/ENGINE_15_SCENE_PURPOSE__1.docx,docx,36900,0,e22ace4706fb90ad95813222660dabc203cdb5fe66c95f1eb9f478817828539e,payload
WRITING_ARCHITECT.zip!__MACOSX/WRITING_ARCHITECT/Module writing/WRITING_SYSTEM/ENGINE/._ENGINE_15_SCENE_PURPOSE__1.docx,docx,224,0,2a152f458debc0c6ded871c32715ad4d0ea4141d2631cf6d94148ea7f0954139,packaging
WRITING_ARCHITECT.zip!WRITING_ARCHITECT/Module writing/WRITING_SYSTEM/ENGINE/ENGINE_09_SOCIETY_BUILD.docx,docx,38482,0,1a1c4eb0102eedc3cbd8e0ed89e79b11a5551c99b5fa1bdcca7b2086941192ef,payload
WRITING_ARCHITECT.zip!__MACOSX/WRITING_ARCHITECT/Module writing/WRITING_SYSTEM/ENGINE/._ENGINE_09_SOCIETY_BUILD.docx,docx,224,0,2a152f458debc0c6ded871c32715ad4d0ea4141d2631cf6d94148ea7f0954139,packaging
WRITING_ARCHITECT.zip!WRITING_ARCHITECT/Module writing/WRITING_SYSTEM/ENGINE/ENGINE_10_RECOVERY_ENGINE.docx,docx,38359,0,13b89cf8e460c8e56823769be3466af68ad3e4de31188a074c4135f95c9ad5b5,payload
WRITING_ARCHITECT.zip!__MACOSX/WRITING_ARCHITECT/Module writing/WRITING_SYSTEM/ENGINE/._ENGINE_10_RECOVERY_ENGINE.docx,docx,224,0,2a152f458debc0c6ded871c32715ad4d0ea4141d2631cf6d94148ea7f0954139,packaging
WRITING_ARCHITECT.zip!WRITING_ARCHITECT/Module writing/WRITING_SYSTEM/BIBLE_DATA/08_-_Templater_Setup_and_Templates.md,md,7736,0,7a256329f4d7a701a5618de910ec61113ade13099cfe0880696920c9dca36ea5,payload
WRITING_ARCHITECT.zip!__MACOSX/WRITING_ARCHITECT/Module writing/WRITING_SYSTEM/BIBLE_DATA/._08_-_Templater_Setup_and_Templates.md,md,224,0,2a152f458debc0c6ded871c32715ad4d0ea4141d2631cf6d94148ea7f0954139,packaging
WRITING_ARCHITECT.zip!WRITING_ARCHITECT/Module writing/WRITING_SYSTEM/BIBLE_DATA/Hebrew_Name_Etymology_Bank.md,md,15882,0,c5d10ed6c4e2081cb4f93e94cc458ce7fd63d89df7247cec2f77a9adea0adb44,payload
WRITING_ARCHITECT.zip!__MACOSX/WRITING_ARCHITECT/Module writing/WRITING_SYSTEM/BIBLE_DATA/._Hebrew_Name_Etymology_Bank.md,md,280,0,b76cd66fc71c8ad1c1ffc2947816642e1b3d36e47225a5bab3d471be6f77d81c,packaging
WRITING_ARCHITECT.zip!WRITING_ARCHITECT/Module writing/WRITING_SYSTEM/BIBLE_DATA/00_-_Master_Command_Center_UPDATED.md,md,7077,0,8f62e8d43d4ec16e56c724d9aa9433279c8196d2c350e0c20bc68b89f5987b00,payload
WRITING_ARCHITECT.zip!__MACOSX/WRITING_ARCHITECT/Module writing/WRITING_SYSTEM/BIBLE_DATA/._00_-_Master_Command_Center_UPDATED.md,md,224,0,2a152f458debc0c6ded871c32715ad4d0ea4141d2631cf6d94148ea7f0954139,packaging
WRITING_ARCHITECT.zip!WRITING_ARCHITECT/Module writing/WRITING_SYSTEM/BIBLE_DATA/06_-_Scene_Pressure_Matrix.md,md,19911,0,ac0b8a24a39075fcc58dd30e31c13f3c6a0016139b514ba734be779ae8fafb57,payload
WRITING_ARCHITECT.zip!__MACOSX/WRITING_ARCHITECT/Module writing/WRITING_SYSTEM/BIBLE_DATA/._06_-_Scene_Pressure_Matrix.md,md,224,0,2a152f458debc0c6ded871c32715ad4d0ea4141d2631cf6d94148ea7f0954139,packaging
WRITING_ARCHITECT.zip!WRITING_ARCHITECT/Module writing/WRITING_SYSTEM/BIBLE_DATA/Iron_Age_Material_Culture.md,md,14048,0,be77eac929a5be9eb82c8f73a20fd1631ffc7a657078d5718861cc816b1c5187,payload
WRITING_ARCHITECT.zip!__MACOSX/WRITING_ARCHITECT/Module writing/WRITING_SYSTEM/BIBLE_DATA/._Iron_Age_Material_Culture.md,md,280,0,5c694a2b5e08d4d723adbd43f80b544abb70e187291d2ce4983b088f7807c0e5,packaging
WRITING_ARCHITECT.zip!WRITING_ARCHITECT/Module writing/WRITING_SYSTEM/BIBLE_DATA/07_-_Dataview_Query_Library.md,md,8457,0,5f4fa2c4a0def7a636cf84ea6e8389d89df50e55d85b3de40195b33401de3353,payload
WRITING_ARCHITECT.zip!__MACOSX/WRITING_ARCHITECT/Module writing/WRITING_SYSTEM/BIBLE_DATA/._07_-_Dataview_Query_Library.md,md,280,0,1f5d30f35a3efd8e050cc8a10e55908953b99e71802dbe5077ac25cf1836726f,packaging
WRITING_ARCHITECT.zip!WRITING_ARCHITECT/Module writing/WRITING_SYSTEM/BIBLE_DATA/God_as_Character_UPDATED.md,md,7520,0,b7f80aad52f74db34a909ac4c1c1523fef7f3a5a2da9fb887aaf09eb3ed59746,payload
WRITING_ARCHITECT.zip!__MACOSX/WRITING_ARCHITECT/Module writing/WRITING_SYSTEM/BIBLE_DATA/._God_as_Character_UPDATED.md,md,280,0,8dd9b3c9bb2f9976bce9165c54d31c3c49dd8ddd50d931eca6f2ebacf49a71c5,packaging
WRITING_ARCHITECT.zip!WRITING_ARCHITECT/Module writing/WRITING_SYSTEM/BIBLE_DATA/Index_-_Motifs_-_Volume_II.md,md,7431,0,dede98c15aefadc2109af9b6ef1fc44eb6a902a69477c13ec2542e3aa3c9313d,payload
WRITING_ARCHITECT.zip!__MACOSX/WRITING_ARCHITECT/Module writing/WRITING_SYSTEM/BIBLE_DATA/._Index_-_Motifs_-_Volume_II.md,md,224,0,2a152f458debc0c6ded871c32715ad4d0ea4141d2631cf6d94148ea7f0954139,packaging
WRITING_ARCHITECT.zip!WRITING_ARCHITECT/Module writing/WRITING_SYSTEM/BIBLE_DATA/Kingship_Ideology.md,md,10221,0,640b423b481a1e09ac18b6c1ededc3724cdbd49bd2654af3fb76462b0b7d4ff3,payload
WRITING_ARCHITECT.zip!__MACOSX/WRITING_ARCHITECT/Module writing/WRITING_SYSTEM/BIBLE_DATA/._Kingship_Ideology.md,md,224,0,2a152f458debc0c6ded871c32715ad4d0ea4141d2631cf6d94148ea7f0954139,packaging
WRITING_ARCHITECT.zip!WRITING_ARCHITECT/Module writing/WRITING_SYSTEM/BIBLE_DATA/09_-_Graph_View_Configuration.md,md,5631,0,a378e786b70a166cd4bf048668b3e386759dea30563b6a74af750d3f0f05717a,payload
WRITING_ARCHITECT.zip!__MACOSX/WRITING_ARCHITECT/Module writing/WRITING_SYSTEM/BIBLE_DATA/._09_-_Graph_View_Configuration.md,md,280,0,d3fbbb7b8a998905c1cebe038153631eb20ea86ac7cc31b059cdf831566408b1,packaging
WRITING_ARCHITECT.zip!WRITING_ARCHITECT/Module writing/WRITING_SYSTEM/BIBLE_DATA/01_-_Prose_Style_Reference.md,md,13632,0,558f6ecaae233401bf8fbe690c6b59e707625f4f4ca5197bd7c92796ca211123,payload
WRITING_ARCHITECT.zip!__MACOSX/WRITING_ARCHITECT/Module writing/WRITING_SYSTEM/BIBLE_DATA/._01_-_Prose_Style_Reference.md,md,224,0,2a152f458debc0c6ded871c32715ad4d0ea4141d2631cf6d94148ea7f0954139,packaging
WRITING_ARCHITECT.zip!WRITING_ARCHITECT/UNHINDERED_MASTERY_SYSTEM_v2_0_2026-06-21/UNHINDERED_MASTERY_SYSTEM_v2_0_2026-06-21/TEMPLATES/UNHINDERED_Chapter_Mastery_Worksheet_v2_0.docx,docx,44882,0,d80a50adae6197334d6d85ced6f12cc9fb5610b2eb8daf7e533895a366a3b82f,payload
WRITING_ARCHITECT.zip!__MACOSX/WRITING_ARCHITECT/UNHINDERED_MASTERY_SYSTEM_v2_0_2026-06-21/UNHINDERED_MASTERY_SYSTEM_v2_0_2026-06-21/TEMPLATES/._UNHINDERED_Chapter_Mastery_Worksheet_v2_0.docx,docx,219,0,183d5f9ccea67024dcb7092db8834c69e7c17eabb356a6f322b8cc5b5563dfc0,packaging
WRITING_ARCHITECT.zip!WRITING_ARCHITECT/UNHINDERED_MASTERY_SYSTEM_v2_0_2026-06-21/UNHINDERED_MASTERY_SYSTEM_v2_0_2026-06-21/CONTROL/PROJECT_STATE_MASTERY_SYSTEM_v2_0.json,json,1418,0,8a270b2614c307ff74878f6181212208230d4bcdbcee9c9e1241b3259255a9ba,payload
WRITING_ARCHITECT.zip!__MACOSX/WRITING_ARCHITECT/UNHINDERED_MASTERY_SYSTEM_v2_0_2026-06-21/UNHINDERED_MASTERY_SYSTEM_v2_0_2026-06-21/CONTROL/._PROJECT_STATE_MASTERY_SYSTEM_v2_0.json,json,219,0,183d5f9ccea67024dcb7092db8834c69e7c17eabb356a6f322b8cc5b5563dfc0,packaging
WRITING_ARCHITECT.zip!WRITING_ARCHITECT/UNHINDERED_MASTERY_SYSTEM_v2_0_2026-06-21/UNHINDERED_MASTERY_SYSTEM_v2_0_2026-06-21/CONTROL/UNHINDERED_System_Audit_and_Migration_v2_0.md,md,1903,0,a31ff9387f18ca00643356073755d60c6dc3c957cd2220e052cf035b11ba5383,payload
WRITING_ARCHITECT.zip!__MACOSX/WRITING_ARCHITECT/UNHINDERED_MASTERY_SYSTEM_v2_0_2026-06-21/UNHINDERED_MASTERY_SYSTEM_v2_0_2026-06-21/CONTROL/._UNHINDERED_System_Audit_and_Migration_v2_0.md,md,219,0,183d5f9ccea67024dcb7092db8834c69e7c17eabb356a6f322b8cc5b5563dfc0,packaging
WRITING_ARCHITECT.zip!WRITING_ARCHITECT/UNHINDERED_MASTERY_SYSTEM_v2_0_2026-06-21/UNHINDERED_MASTERY_SYSTEM_v2_0_2026-06-21/CONTROL/DOCX_RENDER_QA_v2_0.md,md,1156,0,c966abbbeedbfb93ecae70046ead832dcf9369588cce561fe521b6848298146f,payload
WRITING_ARCHITECT.zip!__MACOSX/WRITING_ARCHITECT/UNHINDERED_MASTERY_SYSTEM_v2_0_2026-06-21/UNHINDERED_MASTERY_SYSTEM_v2_0_2026-06-21/CONTROL/._DOCX_RENDER_QA_v2_0.md,md,219,0,183d5f9ccea67024dcb7092db8834c69e7c17eabb356a6f322b8cc5b5563dfc0,packaging
WRITING_ARCHITECT.zip!WRITING_ARCHITECT/UNHINDERED_MASTERY_SYSTEM_v2_0_2026-06-21/UNHINDERED_MASTERY_SYSTEM_v2_0_2026-06-21/SYSTEM/UNHINDERED_Mastery_Operating_System_v2_0.md,md,24925,0,ffccd330341c2ea85a4012e76201a2b5f5a32b75c6f778d83855303d0a13c050,payload
WRITING_ARCHITECT.zip!__MACOSX/WRITING_ARCHITECT/UNHINDERED_MASTERY_SYSTEM_v2_0_2026-06-21/UNHINDERED_MASTERY_SYSTEM_v2_0_2026-06-21/SYSTEM/._UNHINDERED_Mastery_Operating_System_v2_0.md,md,219,0,183d5f9ccea67024dcb7092db8834c69e7c17eabb356a6f322b8cc5b5563dfc0,packaging
